sleep_seq,spo2_seq,hrv_mean,movement_mean,breathing_mean,label
"2,3,1,0,1,0,2,0,3,0,2,1,0,2,0,1,0,0,0,2,3,1,1,1,1,2,1,2,0,2","96.79,99.84,93.34,97.10,96.54,97.84,95.74,96.55,96.36,97.15,94.32,96.38,97.62,98.34,96.99,93.74,92.89,96.82,93.98,97.69,95.42,98.02,100.00,95.88,95.77,98.03,98.13,99.40,96.39,94.73",60.07713657254194,0.9340149768057062,15.371187679605413,3
"2,2,3,2,2,2,2,3,1,2,1,3,2,3,1,2,3,2,2,1,2,2,2,2,2,2,1,2,2,2","97.42,99.28,98.66,97.21,98.25,98.27,98.99,97.87,98.01,97.48,98.53,97.83,98.15,97.62,98.04,97.14,98.13,97.52,98.56,99.48,98.68,97.10,97.71,96.71,98.01,96.58,97.04,98.88,98.69,96.78",66.42047868923935,0.8282562129874926,14.960874766454847,0
"1,2,1,2,1,2,2,2,2,2,2,2,3,3,1,2,3,2,1,1,1,2,2,2,1,2,2,2,2,2","97.99,98.32,96.68,97.45,99.34,98.95,97.43,99.40,97.43,97.34,99.23,99.05,97.53,97.96,97.73,98.40,99.25,98.43,97.91,96.92,98.62,97.02,97.85,98.77,98.65,98.67,98.56,98.12,98.24,98.07",73.8606194577799,0.9641611498932797,15.156709959221837,0
"0,0,1,1,0,0,0,0,0,0,1,0,1,0,0,0,0,0,1,0,0,0,0,0,1,0,1,1,1,1","98.58,95.93,96.62,97.01,95.57,97.80,98.88,97.30,96.47,94.70,95.48,97.34,98.26,96.78,95.51,96.13,96.43,95.07,96.69,97.89,95.32,96.44,94.98,96.18,96.85,98.02,97.46,95.82,97.09,96.67",54.8712987195212,0.8315523229122637,15.607773586503507,2
"0,3,0,3,3,2,2,1,2,2,1,2,1,3,0,3,1,2,1,3,1,2,1,2,1,3,3,1,0,3","95.83,99.97,94.20,96.48,96.83,93.96,96.17,95.61,96.45,96.91,98.80,96.58,97.09,99.00,92.83,95.48,96.08,92.89,96.15,91.29,97.41,93.04,93.50,97.05,92.66,100.00,96.23,95.81,98.41,95.84",62.4063119083067,0.9988400861714399,14.772154847498104,3
"1,2,1,2,3,1,2,2,1,1,3,2,2,3,2,3,3,2,2,1,1,2,1,1,0,2,0,1,3,3","93.87,94.12,93.29,91.00,91.94,87.38,92.96,87.82,91.17,90.62,93.40,90.67,91.86,96.49,87.29,92.34,94.59,90.12,92.06,87.92,87.17,94.17,91.02,88.06,90.58,93.81,93.65,95.14,90.49,90.12",51.97057675465928,0.8262247191931616,15.268888899707486,1
"2,2,1,1,2,1,2,1,0,2,2,0,0,0,0,1,3,1,2,3,1,2,1,2,1,3,0,1,3,0","95.41,94.60,96.81,94.35,97.07,100.00,92.89,91.26,94.02,97.49,94.58,97.15,97.90,95.50,97.77,91.46,97.67,97.60,95.80,98.01,98.88,99.87,99.88,96.11,95.72,95.84,90.65,97.40,100.00,97.13",45.785211550411724,0.9089106916151674,15.184589521479499,7
"2,0,2,2,0,1,2,1,2,2,2,3,0,2,2,0,3,3,0,3,2,2,2,1,0,2,1,1,0,3","98.45,98.39,96.51,94.78,96.15,97.22,94.92,94.47,92.45,98.18,97.18,97.34,97.12,91.94,96.22,96.90,96.14,91.30,95.75,95.49,98.08,95.79,94.96,94.96,97.45,97.35,95.57,95.20,91.40,91.92",51.645499632302645,0.6784179671453625,15.626090508615773,3
"2,2,1,2,1,2,2,0,1,0,0,2,0,2,2,2,1,3,3,1,1,1,3,2,1,2,1,1,2,2","92.96,92.89,87.05,92.96,87.28,94.48,91.05,92.73,91.36,91.76,88.66,91.49,91.81,92.62,93.63,93.44,92.81,90.04,88.10,88.99,89.55,94.54,95.23,89.61,88.52,87.13,90.13,93.25,88.74,95.56",52.40014323636589,0.5495185217447134,14.757609191968234,1
"3,3,2,2,2,0,1,1,2,1,2,1,1,3,1,2,2,1,1,0,1,1,0,2,1,1,2,2,3,3","92.28,94.03,92.07,93.92,85.99,90.79,92.11,90.23,92.56,99.15,92.34,93.23,92.61,88.41,87.54,87.14,92.84,85.88,93.93,91.39,93.36,88.02,96.66,91.82,86.32,95.70,88.18,88.33,88.41,91.07",55.0468137511642,0.74279634213208,14.694085047096538,1
"2,1,1,2,1,2,3,2,1,1,3,3,2,1,2,2,1,2,2,2,2,3,1,3,2,2,2,2,1,2","98.07,97.50,98.22,98.30,97.04,97.74,98.70,98.72,96.99,98.88,97.77,97.98,97.87,96.31,98.34,96.71,98.66,96.96,98.85,98.18,98.49,97.43,96.55,97.22,98.26,98.37,97.31,99.06,97.98,96.69",72.1541427687389,0.9889983548305229,15.144539332357864,0
"0,1,1,1,1,0,2,1,0,1,1,3,2,1,2,2,1,2,2,0,2,2,0,0,2,0,2,1,2,1","97.49,94.44,97.22,96.30,96.10,92.39,95.82,94.04,94.83,96.98,100.00,99.80,97.03,96.77,95.30,94.00,96.89,95.11,99.51,100.00,100.00,94.73,94.99,93.58,97.30,94.29,94.79,94.22,94.89,99.31",35.33332931895016,0.8070196038680135,14.746217084276672,3
"3,1,1,0,2,0,3,3,1,0,3,1,2,2,2,3,1,2,3,2,1,1,3,1,3,3,3,2,0,3","95.13,92.68,94.19,90.68,90.07,89.34,92.25,89.14,88.79,93.95,89.21,93.70,91.03,90.26,94.73,94.98,92.64,96.23,86.96,95.24,89.59,91.31,93.08,89.92,91.87,90.72,91.32,98.31,86.43,91.36",52.71393120728955,1.185721611407582,15.694789798381676,1
"2,1,2,2,2,2,1,1,3,2,2,2,2,3,2,3,2,2,2,2,2,2,1,1,2,2,1,1,3,2","98.18,97.42,98.58,97.06,98.40,97.37,98.03,96.75,98.08,97.98,96.78,99.38,98.50,97.13,97.19,97.80,97.55,97.93,96.27,99.35,97.43,98.97,97.87,99.96,98.69,98.85,98.96,98.07,98.12,97.90",72.89236510462193,0.811514799221973,15.062371325061019,0
"0,1,1,0,0,2,2,1,3,3,3,1,3,2,0,0,3,2,2,1,2,2,3,1,1,2,3,1,0,1","93.33,90.61,92.24,87.38,90.62,92.87,91.73,91.90,92.99,95.32,91.30,91.97,92.26,90.60,89.68,94.57,88.55,93.82,91.40,91.01,93.01,93.46,88.92,91.93,90.70,89.81,85.76,94.58,94.70,88.53",46.81820051771683,0.8147100641009039,14.632782130107428,1
"2,2,1,2,0,1,1,1,1,0,2,3,3,1,2,2,1,1,0,2,1,1,3,2,2,0,3,1,1,2","96.03,96.84,95.86,95.30,94.66,94.53,94.94,98.09,97.88,97.66,91.45,98.49,96.61,97.73,95.66,96.37,98.67,98.03,94.15,94.41,96.90,96.40,94.22,95.88,94.64,97.17,100.00,94.18,96.89,96.84",57.99342545230775,0.8216345979152501,15.3173488870633,4
"2,2,1,2,2,2,1,2,2,2,3,2,1,1,3,2,3,1,2,2,2,2,2,1,2,2,3,2,2,3","98.00,98.20,97.30,96.32,97.28,97.61,97.35,97.09,98.85,97.34,97.71,98.46,98.35,97.42,97.29,97.95,97.45,97.90,97.31,98.33,96.87,97.83,98.23,98.23,99.93,97.82,98.12,97.93,99.52,98.81",85.4517307700219,0.7971187849275311,15.500634836063599,0
"3,2,1,2,2,2,3,1,2,2,2,2,3,1,2,2,3,1,2,2,3,1,2,2,2,1,2,2,2,2","96.56,97.32,98.11,97.66,97.92,98.54,97.84,99.14,98.69,98.82,97.08,96.85,97.99,99.43,98.97,98.60,99.00,97.11,96.85,99.04,97.51,97.36,98.49,97.80,97.90,98.27,98.14,96.70,97.62,98.58",64.5071460817329,0.7675025859836563,14.1777375062798,0
"0,1,0,1,1,1,0,0,1,0,0,1,0,0,1,0,1,1,1,0,0,0,1,0,0,0,1,0,1,0","96.42,97.80,96.74,97.19,96.57,96.74,96.91,97.25,97.78,96.05,95.68,98.26,99.04,97.96,98.31,96.63,97.62,97.43,97.17,96.15,95.38,98.24,97.78,96.34,97.35,96.54,97.93,97.53,98.55,97.13",54.18566272509523,0.6256910474179521,15.784779150358968,2
"0,0,1,0,0,0,1,0,0,0,1,0,0,1,0,1,0,1,0,0,1,1,1,0,1,1,0,0,1,1","96.99,97.83,98.71,98.04,96.82,97.17,98.24,95.71,95.60,98.06,97.14,96.07,96.82,96.66,97.51,96.88,97.44,98.59,97.20,96.90,96.50,96.53,96.90,98.03,97.80,95.53,98.88,96.46,96.46,96.83",75.62063387100392,0.7127929407111826,14.672067486391141,2
"0,0,0,1,0,1,1,1,1,1,1,1,0,1,1,0,1,0,1,0,0,1,1,0,0,1,1,1,1,1","97.92,97.06,96.44,98.12,95.93,96.37,97.77,97.33,97.15,96.20,97.92,97.58,98.95,97.70,95.62,97.11,96.91,96.84,96.80,97.16,96.26,95.41,97.41,98.09,97.46,97.30,96.23,97.86,95.03,99.04",49.46085824950962,0.6763017708384239,14.511133233844857,2
"1,0,2,2,2,2,2,1,2,0,2,2,1,2,1,1,0,1,1,0,2,0,3,0,1,1,2,3,2,0","95.87,96.19,94.02,97.44,97.89,95.08,96.02,99.04,97.60,99.23,97.54,98.06,94.87,95.94,94.47,96.17,97.09,96.47,93.01,94.42,93.64,96.62,95.21,96.54,91.86,96.20,93.96,97.43,97.54,97.11",69.41994389321688,0.8025406421047144,15.500557447074135,5
"2,2,2,3,1,1,1,2,2,2,3,3,0,0,1,0,2,2,0,2,3,0,2,2,3,2,2,1,1,1","97.09,94.03,98.83,95.72,97.33,94.84,97.64,98.83,92.85,97.24,92.70,95.77,96.52,93.82,95.34,98.99,97.79,98.07,99.26,95.37,98.00,94.79,98.50,93.74,94.34,99.50,97.22,96.66,95.64,95.24",59.253454405483645,0.6374729350549089,14.903935922337064,3
"0,0,0,0,0,0,0,0,1,0,1,1,0,1,1,0,0,0,1,1,1,0,1,1,0,0,1,1,1,1","97.15,96.59,98.11,96.13,98.06,96.82,97.45,97.79,97.89,97.38,97.33,95.74,97.45,96.35,96.51,97.41,98.59,97.99,96.93,96.81,96.29,97.06,94.68,96.88,96.36,96.83,95.49,96.59,98.50,97.19",43.81609816106143,0.7290978771530295,14.892436191501112,2
"2,0,0,2,2,1,0,1,2,2,2,3,3,1,1,1,1,2,1,2,1,2,3,2,3,1,0,1,2,1","98.02,98.21,98.08,99.04,97.62,91.44,97.29,96.90,95.56,93.05,94.64,95.33,97.75,97.44,93.68,97.22,92.16,95.15,95.97,97.49,95.48,97.12,96.59,96.98,97.33,95.43,97.76,99.11,95.68,91.48",66.57797736623058,0.6373491651510649,14.79703086405535,3
"2,3,3,1,2,2,2,2,2,3,2,3,3,2,3,2,2,1,3,2,3,1,3,1,2,2,3,2,2,2","98.27,98.27,98.28,98.52,98.49,97.32,98.20,98.45,97.24,97.91,96.89,95.89,97.84,97.74,99.22,96.86,98.48,98.15,98.86,97.66,98.48,97.21,98.36,98.11,97.61,98.91,98.11,98.56,99.25,99.05",78.60313561826936,0.6589785177321716,14.349021688251815,0
"2,1,3,0,1,1,2,0,2,2,1,1,1,1,2,1,2,0,2,0,3,3,0,0,2,1,2,2,0,1","88.87,93.80,92.15,90.14,93.57,94.00,93.34,93.48,91.72,96.95,89.46,93.19,87.97,91.69,92.76,92.52,94.05,89.61,89.56,88.19,89.50,89.94,89.45,87.87,92.97,91.17,92.45,90.81,98.47,86.07",40.839980509944915,0.6913350194919141,15.199111456351508,1
"2,2,2,3,2,2,2,2,2,3,3,1,2,3,3,2,2,2,3,2,2,2,3,2,2,2,1,2,2,2","99.17,98.26,99.04,96.91,98.17,98.24,98.17,98.50,97.98,96.86,98.19,98.84,97.79,97.34,98.65,97.57,97.80,98.67,98.46,99.90,97.69,98.91,97.30,99.69,99.17,98.62,96.93,98.43,97.45,98.59",71.38073987015238,0.918272053953285,15.516249446722156,0
"2,1,2,2,3,2,2,2,2,1,2,2,2,2,2,2,3,2,2,2,2,2,2,1,3,2,3,2,2,2","98.02,98.09,97.35,98.34,99.11,97.29,98.90,97.45,97.63,98.21,97.97,97.92,97.99,99.62,98.13,97.13,97.02,97.77,99.52,100.00,98.76,97.02,97.26,97.05,97.27,96.08,98.45,97.51,99.49,98.33",75.8127725277188,0.7960615802647086,14.294448722820203,0
"0,1,0,1,1,1,1,0,0,0,0,0,0,1,0,0,0,0,1,0,0,0,0,0,1,1,0,1,0,1","95.41,96.70,97.56,97.83,96.92,97.27,96.89,98.38,98.29,96.78,96.23,96.91,95.35,97.78,97.90,95.98,97.86,96.79,98.89,99.36,96.79,95.49,98.29,98.78,97.79,97.04,98.13,95.87,98.10,96.30",53.11976050633025,0.5534295129323789,15.237495244975252,2
"2,2,1,1,3,1,3,2,2,2,1,3,2,1,1,3,2,2,2,2,2,2,3,2,1,2,3,1,1,2","97.12,98.80,97.70,98.41,97.50,98.09,98.86,99.19,98.77,97.28,96.83,97.98,98.40,99.37,97.93,98.64,98.23,97.03,98.52,97.90,98.69,96.90,98.66,97.90,97.59,99.26,98.66,98.64,97.89,97.07",59.72146525654691,0.9211714756628415,14.914394378132478,0
"3,1,2,3,2,1,1,1,2,2,1,1,2,2,1,2,1,1,1,1,2,2,0,2,1,1,2,2,1,1","92.97,88.73,88.18,94.87,91.24,94.46,86.48,90.92,96.51,88.51,88.93,91.62,91.97,92.86,91.64,92.17,92.02,89.24,90.66,87.98,92.56,89.34,93.62,93.57,85.69,94.50,94.04,92.32,85.42,86.37",57.53929132044368,0.7982694580543672,15.153866975040728,1
"1,2,1,2,2,1,1,2,3,1,1,1,2,1,1,3,2,3,3,2,1,2,1,2,0,1,2,3,3,0","91.91,92.80,93.07,94.77,87.67,97.03,92.20,90.86,94.68,91.82,96.98,92.62,94.94,92.12,91.00,94.09,96.50,95.65,93.97,94.55,95.09,95.10,95.38,86.11,89.96,94.36,94.20,86.01,91.24,87.22",32.68278792231746,0.7015096184809356,15.122487333103857,1
"2,1,1,1,1,2,2,3,1,3,1,1,2,2,1,1,1,2,3,2,1,1,2,1,1,1,1,1,2,3","92.98,91.85,90.26,89.84,87.53,93.09,92.32,91.72,92.90,94.33,93.77,86.04,90.98,92.90,91.81,90.18,91.31,97.33,95.99,92.24,90.82,93.56,94.81,93.06,88.81,92.16,92.48,88.71,92.45,93.86",54.70330153344913,0.86591933211062,15.78489530787473,1
"1,1,2,2,2,3,1,1,1,1,1,3,1,3,2,1,0,1,1,1,2,2,1,2,2,1,1,2,2,1","88.22,95.31,90.84,95.42,90.29,94.03,92.73,97.07,90.05,98.24,96.34,90.00,90.26,93.09,94.29,89.09,88.33,86.79,96.59,91.94,86.70,91.16,94.45,93.21,97.68,92.61,91.11,92.88,96.58,93.98",46.48745415217732,0.7084511245480853,15.10012048108083,1
"2,2,2,2,2,1,2,2,3,3,2,2,2,2,2,2,1,1,2,2,2,2,2,2,2,2,2,2,2,2","98.15,97.16,97.25,97.44,96.20,97.64,98.32,97.79,98.01,98.14,97.59,97.65,97.81,98.09,97.58,97.03,98.26,96.70,97.43,97.62,97.23,97.33,98.45,99.39,96.74,97.65,98.06,98.08,96.67,98.08",70.00579800676647,0.7234215625187791,14.648061824471354,0
"1,1,1,1,1,1,2,3,3,1,3,1,1,1,0,2,2,2,2,3,1,2,1,2,3,0,3,0,2,1","91.86,92.76,90.28,89.77,90.93,92.18,90.98,94.49,91.04,87.20,93.29,95.49,93.38,94.55,89.47,93.00,93.74,91.85,88.26,92.33,96.11,90.52,98.41,91.46,93.10,88.96,85.50,94.73,93.82,83.37",45.262712669850735,0.6283662897782883,15.007028096611425,1
"1,2,1,2,1,1,1,3,1,1,1,2,1,2,3,3,1,2,1,3,2,2,3,2,1,2,2,2,2,2","93.53,88.52,90.53,93.67,88.63,87.10,85.18,82.76,94.99,89.32,94.87,91.32,90.81,94.86,88.22,86.29,83.59,84.75,83.25,87.09,81.90,81.48,80.23,85.34,87.03,80.15,85.69,94.02,93.31,88.59",34.08715041790731,0.8080376722729342,15.60037338414508,6
"1,2,2,3,1,2,3,3,2,2,1,2,2,2,1,2,2,1,3,2,2,2,1,1,1,2,2,2,3,1","86.21,86.45,93.55,93.18,87.43,84.60,90.72,88.01,93.36,89.21,85.29,85.36,91.47,86.33,84.63,95.20,83.47,82.79,89.75,86.08,89.33,86.69,88.57,87.78,85.67,91.02,86.83,88.42,89.89,85.29",39.49567070241625,1.0178379659415489,15.290489372656106,6
"0,1,0,1,0,0,0,0,1,1,1,0,0,0,0,1,1,0,0,0,1,0,0,0,1,0,0,1,1,0","97.51,96.40,96.88,97.72,95.41,96.42,96.82,97.46,95.38,95.18,94.93,96.19,97.73,97.45,97.89,96.83,96.84,96.86,96.52,99.54,97.39,96.14,96.79,97.91,95.07,96.73,98.11,97.61,96.55,97.87",53.94316947570278,0.8541745229974093,14.652021619023232,2
"1,0,0,0,0,1,0,0,1,0,1,0,1,0,1,0,1,0,1,0,0,1,0,0,0,0,1,0,1,1","97.41,97.39,96.25,97.57,98.50,96.87,97.66,96.43,98.05,97.67,97.13,96.06,97.35,98.66,97.13,99.29,95.73,96.26,96.31,97.02,97.93,96.47,97.02,97.58,97.14,97.08,96.94,98.44,96.22,98.55",49.18254612467132,1.0309932904202563,15.016616907504174,2
"2,2,3,2,1,3,2,2,3,2,1,3,3,2,2,2,3,2,2,2,2,2,2,2,2,2,2,2,3,1","98.58,97.47,98.60,99.24,99.17,98.05,98.00,98.62,97.82,98.83,99.10,98.31,97.58,97.97,99.11,100.00,98.66,97.54,97.45,98.05,98.76,96.98,98.13,98.53,98.65,98.08,96.86,99.21,99.16,98.15",66.78439488677158,0.7992720775336832,14.884652852714709,0
"1,2,2,2,2,3,3,2,2,1,2,2,3,1,2,2,2,2,3,1,2,3,3,2,2,1,2,2,2,3","97.57,98.00,98.37,96.21,98.41,97.69,99.10,98.62,98.54,98.95,98.71,99.84,98.44,99.16,99.31,97.98,98.83,98.53,97.83,98.82,98.58,100.00,98.67,98.80,99.10,98.42,98.18,98.10,96.85,97.74",83.88336488917325,0.9790975495563685,14.472513877692762,0
"0,1,1,2,1,1,3,2,1,0,0,2,1,3,0,2,1,2,3,1,0,1,1,0,1,2,1,3,1,1","89.55,89.01,93.28,94.45,92.01,90.18,89.09,93.26,91.57,88.01,94.24,89.67,93.74,90.41,89.88,92.51,98.16,93.31,89.68,94.44,91.16,96.42,87.51,97.01,94.06,89.27,88.50,94.89,90.55,88.50",50.16837674894939,0.5093134841035712,15.517020192419618,1
"2,2,0,0,0,2,2,2,2,1,2,2,1,3,2,2,2,1,2,2,3,2,3,2,0,1,2,2,2,3","100.00,98.27,98.07,96.65,95.00,95.27,95.61,93.21,95.56,96.30,95.44,96.63,95.85,96.33,94.76,95.37,95.99,94.52,95.82,94.77,98.17,95.51,97.02,94.87,95.58,95.81,93.49,92.70,93.29,97.37",65.14566496996378,0.654675301718054,14.523719973090095,5
"3,2,2,2,1,1,2,2,1,3,1,2,3,2,3,2,2,3,2,3,2,1,2,1,2,1,2,2,3,2","98.96,97.65,97.39,97.92,99.24,98.02,97.33,96.58,98.05,98.09,97.33,98.46,98.16,98.06,98.26,97.03,98.19,97.97,98.89,97.54,98.52,97.99,98.77,99.98,98.25,97.55,98.14,98.40,97.58,97.80",67.15009176920624,0.7139600330500518,15.003287343470719,0
"0,2,2,0,3,1,1,3,1,1,2,1,2,2,2,2,2,2,2,2,1,0,0,3,2,1,3,2,3,2","92.29,88.57,94.21,92.90,91.05,89.58,94.07,89.23,90.23,86.15,91.11,94.81,92.03,88.85,97.00,93.60,89.79,92.96,91.23,86.45,93.56,90.18,97.12,95.75,89.03,87.63,90.77,94.40,93.98,96.99",49.75569911935595,0.7016377866599257,15.258128205730461,1
"2,2,0,3,2,1,2,3,1,2,1,3,2,2,1,1,1,1,2,2,1,2,3,2,1,3,1,2,0,1","96.54,94.62,94.62,97.59,92.82,95.77,98.31,97.45,96.07,99.03,96.86,96.55,95.45,99.62,99.22,96.73,96.75,96.42,96.13,95.72,97.05,94.54,94.44,94.32,97.79,92.10,99.50,94.80,93.57,95.91",49.37813063209542,0.7568136558684327,14.626226735077601,7
"0,1,0,0,0,1,0,0,0,1,0,0,0,0,1,1,0,1,0,0,1,1,1,1,1,0,0,1,0,0","95.56,97.04,98.41,98.30,94.28,96.83,96.56,96.73,97.09,95.67,96.72,96.74,98.79,95.71,97.08,95.18,98.33,96.60,97.20,96.67,95.61,97.23,97.30,96.05,97.11,96.85,98.58,97.91,97.81,97.23",55.84132441374999,0.7931569917516157,15.226100471475807,2
"0,0,1,0,0,1,1,1,0,0,1,1,0,0,1,1,1,0,0,1,0,0,0,0,1,1,0,0,0,1","96.94,96.66,96.72,95.43,98.44,98.10,97.78,97.00,97.33,98.40,96.45,96.86,95.01,97.15,97.04,96.51,97.56,97.33,98.34,95.96,96.44,97.80,96.85,96.96,99.30,95.76,96.91,96.24,97.98,96.41",58.43965126317135,0.9680831242319451,15.822126323893094,2
"2,2,2,2,1,3,2,3,2,1,1,2,2,2,1,2,2,2,2,2,2,1,3,3,2,2,3,1,3,3","98.45,99.31,98.21,97.47,96.99,98.12,97.99,98.72,98.40,97.55,96.84,96.88,98.09,97.96,98.02,97.53,98.51,98.40,99.24,98.19,98.04,98.35,97.70,98.73,98.23,98.31,98.79,99.33,98.16,97.74",73.89125996086526,0.47115291235204876,15.389489880949698,0
"0,0,2,2,1,2,0,3,0,0,1,1,1,1,0,2,1,2,2,2,2,1,0,1,1,1,0,1,2,2","94.34,94.66,96.54,98.17,94.98,94.60,96.34,89.60,95.87,100.00,95.11,99.32,96.82,95.54,96.46,96.89,94.73,93.08,95.46,94.60,97.23,97.36,95.11,97.05,96.84,91.52,97.93,93.26,95.53,99.21",68.35158683390915,0.9059462436246916,14.687184403671333,5
"1,1,0,1,1,0,0,0,1,0,1,1,1,0,1,1,0,1,0,0,0,0,1,0,0,1,1,1,1,1","96.59,97.34,97.01,98.60,95.34,96.58,97.08,97.06,94.26,96.80,97.53,94.23,98.31,97.69,99.25,96.08,96.11,95.81,96.66,96.64,94.96,95.98,97.78,96.21,98.59,95.51,97.63,96.16,97.26,97.05",60.422550268257304,0.720822702169838,14.73653788022531,2
"0,0,1,0,1,0,0,1,0,0,1,1,0,1,0,1,1,0,1,0,1,1,0,0,1,0,1,1,0,0","96.24,97.04,97.04,94.58,96.30,97.68,95.91,94.45,96.91,95.95,97.52,97.93,97.13,96.74,96.40,97.09,96.23,97.15,98.05,96.81,97.19,97.48,96.46,97.05,96.29,96.13,97.66,95.86,96.97,96.71",46.80952717201784,0.49127644987464036,14.755069893001075,2
"3,2,2,1,1,2,1,2,2,2,2,2,1,3,2,2,2,2,2,3,1,2,1,1,1,2,2,1,2,2","96.46,97.29,98.41,97.43,97.51,98.28,98.00,98.17,98.34,97.68,97.04,96.77,96.67,98.54,96.68,98.56,97.57,98.33,98.39,97.88,98.30,98.24,98.86,96.89,98.14,97.59,97.51,97.58,99.02,96.88",68.62872848021804,0.7666915319408364,14.2521749710145,0
"2,1,2,3,1,1,3,3,2,2,2,1,2,1,2,2,2,3,2,2,2,3,3,2,1,1,2,3,3,2","97.75,98.59,96.30,96.91,97.99,97.94,97.14,98.34,96.50,98.69,98.59,97.47,97.87,97.52,97.70,98.54,98.42,97.99,96.48,99.38,98.30,97.72,99.20,97.21,97.25,99.29,98.25,98.05,98.30,98.44",65.98958667133893,0.9363532832782865,15.30932493058711,0
"3,3,1,1,2,2,1,2,2,1,3,1,1,1,1,2,3,1,3,1,1,1,2,2,1,2,2,2,1,2","90.83,95.43,91.03,93.50,92.41,93.19,91.20,94.95,97.22,87.31,91.16,94.23,95.84,89.75,92.52,84.97,90.60,98.09,91.98,86.14,94.71,91.72,93.64,93.18,92.68,89.57,87.13,92.27,94.72,89.55",38.75417856537361,0.9601869650478941,14.51044554630282,1
"2,2,1,1,2,1,3,3,3,0,3,0,0,0,3,0,2,2,2,1,1,1,2,1,1,3,2,1,2,2","96.52,95.08,94.18,94.44,95.79,94.68,95.67,98.28,95.62,94.23,96.07,93.59,95.94,98.62,94.61,94.29,95.63,100.00,95.94,93.52,97.18,97.21,98.92,96.61,93.56,93.33,95.29,98.53,94.29,96.80",54.176915146640006,0.6895322563563353,14.658009238447798,3
"2,2,3,2,3,1,3,2,2,3,1,3,2,3,2,2,1,2,2,1,1,2,2,3,2,1,1,2,2,2","85.99,87.91,86.47,88.13,82.35,86.91,92.13,82.72,93.98,81.16,91.59,91.90,92.35,88.47,89.29,90.95,82.54,90.27,84.72,88.03,93.61,90.28,84.68,94.33,82.89,84.63,91.91,85.10,90.84,90.68",41.454354143040696,0.47900278732535206,14.432548125846775,6
"0,0,1,0,0,0,1,0,0,1,0,1,0,0,1,1,0,0,0,0,0,0,1,0,0,0,1,1,0,1","97.84,96.11,97.29,98.93,98.52,97.56,95.28,96.23,96.39,97.99,99.79,96.21,96.54,97.72,97.63,96.26,97.47,98.87,95.52,96.77,96.92,98.72,97.43,96.57,95.38,96.31,96.22,95.80,96.05,97.44",54.31123112576917,0.5162711273097208,15.05020060307736,2
"0,0,3,3,2,2,1,1,2,2,1,1,1,2,1,1,2,2,1,3,2,3,3,2,1,0,0,1,0,2","95.51,94.96,95.27,97.10,97.97,95.48,96.90,96.53,96.94,96.04,95.51,95.25,95.77,96.00,93.48,94.53,92.84,94.20,96.21,96.90,92.33,97.62,97.07,100.00,98.58,92.97,94.94,100.00,91.28,97.13",75.97481926082057,0.818800129876765,15.154388028482682,3
"0,0,0,0,0,0,1,1,0,0,0,0,0,1,0,0,0,0,1,1,1,1,0,0,0,1,1,1,0,0","98.16,98.29,97.81,96.31,97.21,98.53,97.06,95.46,96.37,95.95,96.25,97.28,98.07,96.43,97.45,98.00,96.85,95.23,95.86,97.32,96.05,95.46,94.97,99.08,95.36,97.54,98.63,97.71,97.65,96.27",43.34019774481009,0.8108715578144141,15.328774637594599,2
"0,1,1,1,1,0,0,0,1,0,1,1,0,1,1,1,0,1,1,1,0,0,0,0,0,0,0,1,0,0","95.71,96.03,97.12,97.70,94.90,96.25,96.08,96.98,98.33,96.87,95.77,96.91,96.33,98.51,96.66,97.30,95.67,95.38,95.13,96.86,95.92,98.84,96.46,97.44,96.53,97.46,96.79,95.75,96.13,96.90",43.38852301934945,0.9134972456926033,15.076938563428534,2
"1,1,2,0,2,2,0,2,3,1,2,2,2,2,1,1,1,2,2,0,1,2,2,3,3,2,2,1,0,3","96.97,98.38,92.03,99.79,94.15,93.25,93.52,97.41,89.37,94.95,94.82,95.13,93.09,95.92,96.14,95.03,98.19,94.01,95.54,96.77,92.79,91.71,96.41,97.75,99.57,95.84,96.07,94.56,96.69,93.47",65.74030761079645,1.09398296530739,15.397942861254393,3
"2,1,2,3,2,1,2,2,2,0,2,0,2,2,2,2,2,2,2,1,3,2,1,2,3,0,2,2,2,2","95.37,94.17,94.29,91.17,96.86,95.52,95.86,95.23,96.12,95.12,95.84,95.68,96.67,99.22,97.21,96.41,93.64,95.67,98.87,95.72,99.94,98.11,93.78,95.52,97.09,97.97,95.62,95.09,98.37,97.59",76.95073028911511,0.7618439290322513,15.016505099700668,5
"2,2,1,2,2,2,2,1,1,2,1,2,3,3,1,3,2,2,2,2,2,3,3,1,2,2,2,3,3,3","98.95,97.41,98.93,97.23,97.54,98.65,98.41,96.99,97.86,98.10,98.82,97.97,97.09,99.57,99.00,97.43,98.20,98.98,96.87,98.43,97.56,97.35,97.84,97.85,97.61,96.72,97.51,97.79,97.42,97.76",74.04999340040237,0.6967990428174331,15.37744063441944,0
"2,1,2,1,1,2,2,2,2,1,3,2,1,2,1,2,2,3,1,2,2,2,1,1,2,2,1,0,1,1","95.94,93.99,94.25,95.22,94.19,93.87,97.64,92.97,94.34,94.45,97.65,97.66,99.76,95.30,95.80,94.36,94.52,99.59,93.99,96.41,96.40,96.16,94.92,98.91,98.09,95.18,99.93,97.88,96.32,92.96",65.41051287229024,1.1885392368349632,15.505687058731523,4
"3,2,2,2,3,1,2,2,2,1,1,3,1,1,2,3,2,2,1,2,1,2,2,1,1,2,1,2,2,2","97.28,97.92,98.82,98.50,98.11,97.77,98.35,98.23,96.49,96.92,96.21,98.84,95.80,99.72,98.53,97.91,98.58,97.23,97.36,98.30,97.63,97.89,97.45,97.60,98.04,99.12,98.10,97.54,98.44,97.39",67.57633253336907,0.6900500517747539,14.682694031206939,0
"2,3,1,2,3,2,2,2,2,2,3,2,3,2,2,2,1,3,2,1,1,2,2,2,1,2,2,2,2,2","98.83,98.63,97.43,98.24,97.74,98.10,99.73,97.60,97.48,96.99,98.15,97.48,96.65,97.64,97.95,98.05,97.87,97.40,98.09,98.07,97.22,98.07,98.60,97.47,97.50,97.52,98.60,96.65,97.93,96.81",73.79715143246995,0.7870623566096903,15.216928306970678,0
"0,0,1,0,0,1,0,0,1,1,1,1,0,0,0,0,0,0,1,1,0,0,0,0,0,0,1,0,0,0","97.36,97.93,97.66,96.90,96.07,98.32,96.40,97.45,96.12,97.59,96.67,97.59,96.61,98.69,96.96,97.20,97.58,98.62,96.78,96.14,96.97,95.36,95.61,98.92,97.13,97.03,96.27,95.29,98.16,97.21",44.369613193255205,0.6506720032436902,14.810079294824499,2
"2,2,2,1,3,1,3,2,1,2,2,3,2,2,3,2,1,2,1,2,1,3,2,2,3,2,2,1,2,2","97.52,98.13,99.76,97.01,96.70,97.41,97.64,99.18,97.25,97.13,100.00,97.61,98.29,98.27,98.70,98.09,97.29,98.13,98.42,97.93,97.85,98.91,97.16,98.61,98.23,98.60,97.68,98.61,98.29,97.57",57.38048955039762,0.571936359608356,15.037958122629341,0
"2,2,1,1,2,1,1,3,1,1,1,2,2,2,1,2,2,2,2,1,2,3,1,2,1,2,1,2,2,3","85.21,87.27,89.43,85.33,91.75,87.16,86.69,84.98,90.73,91.35,84.49,90.66,88.13,81.55,95.10,89.38,85.53,81.08,85.55,87.77,87.37,90.14,87.46,82.72,87.22,88.38,92.01,88.12,85.40,87.85",24.978599715598122,0.647465903983917,15.485516038449589,6
"0,0,1,0,0,1,1,1,1,1,1,1,1,0,0,0,0,1,1,1,0,0,0,0,0,1,1,0,1,0","96.09,96.04,97.85,96.00,97.16,97.56,97.77,97.64,95.40,97.24,95.83,95.61,97.87,97.60,98.72,95.73,96.63,96.98,95.29,94.81,96.18,98.20,96.49,96.85,96.57,96.64,96.35,96.44,95.62,96.31",77.63837334735216,0.7682866291894939,15.483779699275736,2
"3,2,1,1,1,1,0,3,2,2,1,1,2,2,2,3,2,2,2,2,2,2,2,2,2,2,2,0,1,1","94.33,94.29,93.24,96.03,95.36,93.80,97.71,94.85,96.17,100.00,94.91,93.01,98.80,93.91,96.63,93.49,97.05,92.90,97.69,93.49,97.90,93.71,97.47,95.65,94.39,97.24,94.75,96.17,97.03,92.16",77.71316508392023,0.7098302504215775,14.758832904143997,3
"1,3,2,2,1,3,1,2,2,2,2,1,3,2,2,2,2,2,2,2,2,2,2,2,1,2,3,3,2,2","96.97,98.06,97.56,99.25,97.63,98.29,98.40,99.03,97.44,97.95,98.23,97.39,99.15,97.73,98.64,97.72,96.97,97.92,97.52,98.09,97.91,98.60,97.49,98.68,97.53,98.07,97.92,97.67,98.39,98.56",81.17889222727452,0.7202178465255606,14.833206946840322,0
"1,1,0,1,0,0,1,1,1,0,0,0,0,1,0,0,0,1,0,1,0,1,0,1,0,0,0,1,1,1","97.68,97.49,95.90,96.74,95.35,97.17,97.37,95.88,96.68,97.93,98.52,95.81,98.61,97.46,98.41,96.19,95.67,97.70,97.12,95.91,97.89,97.19,96.76,95.25,97.53,97.56,96.70,96.11,97.09,99.18",67.59040412173351,0.8638745535463432,14.856207930878622,2
"0,0,0,0,0,0,1,0,0,0,1,1,1,1,0,1,1,1,0,0,0,0,0,0,1,0,0,1,0,0","98.92,98.84,98.48,97.39,98.09,97.81,96.89,96.23,96.77,97.14,95.21,97.77,97.07,95.41,97.42,97.10,98.63,96.29,94.25,96.17,97.40,97.14,96.32,97.42,96.65,95.13,96.54,99.00,97.54,96.72",46.80487804596622,0.7750961822021066,15.066806075296604,2
"1,1,2,2,2,2,1,2,2,2,2,2,2,2,3,2,1,3,2,1,1,3,2,1,2,3,2,1,2,2","100.00,97.65,98.09,98.34,98.60,98.51,99.20,99.04,98.63,99.17,95.85,97.87,98.01,97.82,97.90,98.09,98.70,98.66,98.76,99.22,98.90,97.41,97.52,97.34,97.74,98.92,97.55,98.42,97.16,97.81",69.60554636773233,0.8033691497558587,15.501578791591568,0
"3,1,3,2,2,2,3,1,1,2,1,2,2,3,2,1,2,3,2,2,1,1,1,2,1,1,2,2,2,2","97.45,98.08,98.67,96.49,97.11,97.67,98.40,99.14,98.99,96.94,98.37,98.27,97.87,98.50,97.43,97.75,99.02,98.50,95.95,98.06,97.18,99.34,98.78,97.78,98.80,97.54,98.74,98.26,98.60,96.81",72.65500303997702,0.9174644764989015,14.858202474865415,0
"1,3,2,1,3,0,0,2,0,0,1,0,3,2,1,3,2,3,1,1,3,0,0,1,1,3,1,2,1,2","98.99,96.60,93.86,97.36,95.05,95.04,95.64,94.34,100.00,98.86,98.35,99.23,95.77,98.90,95.50,93.46,90.56,100.00,95.27,94.97,93.16,99.00,95.65,97.12,96.29,96.78,97.26,96.48,96.40,95.61",61.211982741054804,0.8244333157260342,15.85556167340985,3
"2,2,2,2,2,2,3,2,2,1,3,2,3,2,1,2,2,2,2,2,3,3,1,3,2,2,2,2,3,2","98.45,97.04,98.91,99.05,98.18,98.17,98.58,97.22,98.89,99.12,97.89,98.62,98.11,97.72,98.05,98.04,97.53,96.97,98.30,99.21,97.19,97.80,99.03,98.04,98.93,98.63,98.35,97.38,98.01,97.53",65.23825268534218,0.8005711407187298,15.398341850631052,0
"2,2,2,2,2,3,1,2,1,3,0,1,1,0,0,1,3,2,1,2,3,3,1,0,2,0,2,1,2,1","94.85,96.32,98.21,98.74,97.28,90.11,97.51,96.02,96.30,96.69,92.59,93.93,90.04,95.95,99.38,94.82,96.94,97.81,93.28,96.53,97.60,96.03,94.78,97.06,94.07,98.99,95.84,99.95,97.72,94.38",67.40214660874142,0.6518169545722373,15.665929697774999,3
"0,1,1,0,1,0,1,0,1,1,0,0,1,0,0,0,0,1,0,0,0,1,1,1,1,0,1,0,1,1","98.40,96.29,98.24,96.68,97.74,96.42,95.81,98.06,98.90,96.77,98.28,96.55,97.40,97.10,96.92,96.90,95.97,98.28,96.36,98.34,96.44,96.51,97.74,98.12,98.45,95.61,96.32,98.66,96.05,97.23",49.51609796435151,0.7460560974256923,15.02903863972564,2
"3,3,2,3,2,2,1,1,2,3,1,2,0,3,3,1,2,1,3,1,1,2,0,2,2,1,2,1,1,1","86.98,88.16,93.86,91.76,93.40,96.43,93.57,95.01,93.26,88.10,91.43,86.91,89.60,95.04,93.63,92.07,95.34,94.80,89.99,94.12,86.71,90.60,92.94,90.88,94.20,93.24,92.83,94.88,91.62,96.58",58.64240988365988,0.994759470633664,15.032682716545871,1
"2,3,2,3,2,2,3,2,1,1,1,3,1,2,1,1,1,2,2,2,3,1,2,2,2,2,2,2,3,2","83.21,83.72,86.51,86.60,90.27,91.61,97.63,91.28,88.73,85.14,97.58,90.92,81.63,87.28,91.78,85.24,94.98,86.56,85.38,89.34,83.08,92.28,89.09,91.18,89.62,88.53,94.06,86.88,91.61,89.59",43.05572504796043,0.7581110475742686,14.51312508154708,6
"0,0,2,1,1,3,1,1,0,1,3,2,2,2,2,2,1,1,3,1,1,0,0,2,1,2,3,3,2,2","99.86,96.34,95.20,96.07,95.76,96.92,96.42,94.52,97.66,94.14,95.88,97.34,98.45,96.04,97.82,95.66,97.54,96.68,97.41,97.59,97.11,94.65,94.54,95.76,94.35,100.00,94.83,95.46,96.62,94.72",49.448161389326515,0.8465577602593022,14.886384230852892,5
"2,1,1,1,3,3,3,0,1,3,2,1,2,3,1,2,1,3,1,2,1,2,3,2,3,2,1,2,3,1","93.40,90.18,98.88,92.57,97.19,98.28,87.59,95.05,92.28,90.37,88.94,86.31,95.06,94.67,93.15,89.95,88.25,90.55,91.46,91.70,93.14,98.33,93.06,91.64,93.34,94.74,95.71,91.32,87.08,91.57",25.610976226430587,0.8096720332351638,15.300308482023354,1
"2,1,2,3,2,2,2,1,2,1,2,2,2,3,2,2,2,3,2,2,2,1,2,3,2,2,2,2,2,2","96.66,97.71,98.25,97.44,98.51,97.55,98.10,98.48,97.76,97.57,97.19,97.43,99.24,97.25,97.73,98.40,98.19,96.97,97.65,98.39,97.19,98.53,97.27,99.66,98.21,98.35,97.12,98.24,99.28,98.54",66.38141926722994,1.1505696009621955,14.602703775751984,0
"2,1,3,2,2,2,3,2,2,2,1,2,1,2,3,1,1,2,2,3,2,2,2,2,3,2,3,2,2,2","98.26,97.94,97.40,97.54,98.91,98.84,98.73,96.83,98.02,98.77,97.89,97.91,99.57,99.44,97.53,98.23,97.77,98.35,96.95,100.00,98.72,97.64,98.02,98.45,98.01,98.56,98.70,99.37,98.99,98.11",66.71649595701773,0.9762117335994198,14.525468278887955,0
"1,3,3,2,1,0,1,3,3,3,2,1,1,1,1,3,1,0,2,3,3,3,1,1,3,1,2,2,0,1","89.71,92.66,92.76,90.36,97.35,93.50,93.10,92.35,93.62,89.73,92.94,91.21,85.68,90.94,89.12,90.37,93.63,90.09,92.18,88.16,95.03,97.02,94.67,96.52,91.38,95.79,96.80,92.14,90.58,89.76",50.02998462812287,0.7741452766276803,14.944007371667508,1
"2,1,1,2,1,1,3,1,1,2,0,3,3,3,0,0,0,2,1,3,3,1,2,1,3,1,2,3,2,1","92.54,94.83,96.47,93.55,93.58,94.56,97.00,97.66,96.78,97.88,99.02,92.37,95.43,97.31,97.50,97.22,97.34,96.04,95.05,96.86,93.02,98.19,97.38,97.19,97.99,95.60,97.81,95.49,93.72,95.48",57.96735599485305,0.8987617906246044,15.07290755916945,3
"0,0,3,3,1,1,3,2,1,0,3,2,2,2,1,1,0,1,3,1,2,3,1,2,0,1,1,2,1,2","93.58,95.22,98.18,96.27,97.69,95.77,97.86,100.00,95.64,98.57,94.66,91.90,96.38,96.62,98.10,97.42,95.25,94.66,99.08,98.51,96.88,96.61,95.14,94.61,93.12,94.84,93.85,97.75,96.73,96.44",60.04921020372916,0.6391171049242239,15.264502162876358,7
"2,1,2,1,1,1,1,1,2,3,2,1,3,1,2,1,1,2,2,1,0,2,1,2,1,3,1,2,2,2","90.26,91.87,88.05,98.93,91.26,88.50,90.30,91.58,93.42,93.35,92.86,93.34,92.22,92.32,86.22,94.75,89.18,92.27,94.00,89.15,89.57,87.83,88.70,98.92,96.92,96.72,90.76,94.18,91.36,92.74",46.81091244188052,1.2225030152551912,14.613625271355165,1
"1,2,1,3,3,1,1,1,1,1,2,3,0,3,2,2,2,0,2,2,1,1,0,2,2,3,3,2,2,0","95.92,92.49,94.07,97.01,95.23,94.49,92.88,96.87,96.93,94.86,94.24,98.80,91.22,95.28,93.05,93.27,94.81,98.29,93.80,95.08,95.44,94.54,94.90,97.22,95.40,95.75,99.75,99.81,94.05,97.63",54.75208647338173,0.9847518457181409,15.406332095506071,4
"0,0,0,0,0,0,0,0,0,0,0,1,1,1,1,0,0,0,1,0,1,1,0,0,1,0,0,1,0,0","95.73,96.53,97.64,96.55,99.11,96.46,97.30,96.66,96.54,95.41,97.00,97.76,97.62,97.31,98.00,96.81,97.41,96.51,97.45,97.68,97.35,98.35,98.66,95.95,97.90,96.35,96.55,95.63,97.08,95.65",71.29430999978362,0.8184860442524474,15.032937965650977,2
"2,3,1,1,2,3,2,0,3,1,2,2,1,0,2,2,2,2,2,2,1,2,1,2,3,1,2,1,3,1","95.19,91.08,93.84,98.39,96.03,97.25,96.97,96.24,100.00,97.32,97.44,93.57,98.80,98.60,90.07,96.86,96.30,94.64,99.50,94.80,97.10,93.50,95.52,94.16,98.14,96.76,93.18,96.30,97.95,94.05",54.2303916905794,0.8076817911251779,14.592607733056598,3
"3,3,2,1,2,2,3,1,2,2,2,2,3,2,2,1,2,2,1,1,2,2,1,1,2,2,2,2,3,3","97.99,97.28,98.65,97.48,98.16,97.82,97.36,97.52,99.60,97.59,98.86,97.07,98.09,98.22,98.38,97.76,98.42,98.74,97.48,98.85,97.50,96.05,99.31,96.80,98.52,97.46,97.67,98.91,98.87,98.38",66.00853340706887,0.7783594250364401,15.785393847459654,0
"3,1,2,0,1,2,2,3,1,3,2,1,1,1,3,1,1,1,2,1,1,1,1,0,2,2,1,2,0,3","89.94,86.60,88.51,87.79,93.18,90.78,93.08,89.73,85.24,87.86,92.60,96.21,94.04,91.03,93.12,92.58,92.18,89.74,91.28,90.71,91.24,87.51,91.74,89.05,89.54,90.63,96.55,98.52,94.68,93.83",55.1531623101631,0.6762048342819079,14.520970759852693,1
"2,1,2,3,2,2,1,1,2,3,2,2,2,1,2,1,2,1,2,2,3,2,2,3,2,1,3,3,1,2","97.76,98.02,96.62,99.21,97.89,97.96,97.52,97.82,97.02,97.90,98.41,97.53,98.00,97.61,96.96,98.20,99.28,97.71,98.45,97.78,98.67,97.51,98.18,99.20,98.29,97.12,98.19,97.75,98.04,98.49",72.8317511110683,0.9536971345649865,15.199522636624254,0
"2,1,2,2,2,1,2,2,2,2,1,2,1,3,2,2,3,3,2,1,3,1,2,2,3,3,2,2,2,2","98.56,97.11,99.17,98.31,99.09,96.33,99.22,98.98,98.39,97.61,97.57,98.92,96.99,98.66,98.22,97.73,97.87,99.66,97.12,98.49,97.29,98.23,98.05,97.35,97.65,98.21,98.19,97.55,97.38,97.44",72.37330168263887,1.0048604904949934,15.970972940027265,0
"0,0,1,0,0,0,1,1,0,0,0,0,1,1,0,0,1,1,1,0,1,1,0,1,0,0,1,0,0,0","96.26,97.88,97.90,96.19,96.38,96.47,97.54,96.38,96.57,98.25,96.54,96.29,96.63,98.17,96.31,96.71,98.09,96.31,97.35,96.63,96.37,95.89,95.54,97.38,97.88,94.29,98.92,96.79,97.48,96.90",60.61598440396999,0.8627861879543495,15.71910875410988,2
"1,2,1,2,2,1,2,2,0,2,2,1,2,3,1,2,1,2,3,1,2,1,2,1,0,2,2,1,2,2","96.13,94.92,98.73,93.80,92.83,96.01,94.89,96.39,93.57,94.38,96.81,95.76,92.46,97.44,98.27,97.12,100.00,100.00,97.06,97.00,94.17,96.82,95.93,93.35,92.83,96.92,94.25,95.02,91.61,94.36",70.20690836139549,0.810466558444304,15.675851993007308,3
"3,2,2,1,3,2,1,2,2,3,2,2,1,2,1,1,3,2,2,1,1,3,3,2,2,2,2,1,1,2","97.63,99.10,98.32,98.90,100.00,98.29,97.71,97.47,98.07,98.37,97.51,99.53,97.55,97.44,98.13,98.17,96.94,97.98,97.46,98.16,97.68,99.32,98.55,98.30,97.62,96.89,98.61,97.21,97.21,98.03",76.67398542759183,0.7224608624243725,14.76879292631135,0
"2,2,2,2,2,2,2,2,2,2,2,2,1,3,3,3,2,2,2,2,2,3,2,3,2,2,2,2,2,1","98.53,99.29,96.82,97.66,98.12,97.14,98.60,97.28,97.91,98.10,98.40,98.15,97.77,97.58,97.92,96.79,97.57,97.76,98.00,96.97,98.14,99.70,96.62,97.63,97.69,99.09,98.33,98.72,98.07,99.01",76.65862299367713,0.7536180064316473,14.313265752684702,0
"2,2,3,2,2,2,2,3,2,3,3,3,2,2,3,2,2,3,1,2,2,2,3,3,3,2,2,2,2,2","97.70,98.40,98.27,99.34,98.38,96.24,98.02,98.04,98.10,97.08,96.56,99.53,97.72,97.86,97.74,98.32,97.74,98.95,99.82,98.90,97.49,97.60,96.74,98.19,98.76,98.70,98.80,97.94,98.90,98.24",72.90337419381564,0.999940172800272,15.441272503767353,0
"1,1,3,2,2,3,2,3,3,0,1,0,2,1,3,2,2,1,2,1,1,0,1,0,2,1,2,2,2,2","93.99,95.80,97.29,97.83,95.14,99.02,94.80,97.91,92.78,96.42,95.81,97.33,96.48,96.42,93.39,95.59,96.04,92.40,95.98,97.55,96.52,94.51,98.13,100.00,98.04,97.30,93.51,97.39,93.94,97.39",58.08881070352923,0.8840359110785332,14.879773477507715,3
"2,1,2,3,3,3,1,3,2,2,0,2,2,1,2,0,3,3,1,3,1,3,2,3,1,3,0,1,2,1","95.72,96.97,93.35,96.90,96.49,96.36,98.20,95.77,95.48,96.18,97.45,94.82,95.22,97.51,97.25,96.17,92.33,95.18,96.04,95.52,93.34,94.38,93.76,98.42,97.80,97.16,96.86,94.97,91.52,96.50",64.0266093866495,1.0504462046306589,15.13047800510381,5
"0,0,0,1,0,0,0,1,0,0,0,1,1,1,0,1,0,1,0,0,1,1,0,1,0,0,0,1,1,0","96.84,98.03,96.05,95.68,97.60,96.82,94.49,97.81,96.07,96.50,97.92,95.77,96.54,95.95,99.03,96.84,98.03,98.05,99.08,95.46,97.64,97.19,99.22,96.15,98.56,96.38,96.62,97.38,97.01,96.99",56.52100743957141,0.9706430357977601,14.956190541736136,2
"2,1,1,2,0,1,2,2,0,1,0,1,2,2,1,2,2,1,0,3,2,1,3,1,1,3,2,1,1,0","97.13,98.90,94.28,96.46,96.11,94.42,96.48,97.13,95.86,97.17,95.56,94.10,97.22,96.51,93.60,96.71,97.49,97.42,99.18,98.91,94.23,98.77,95.38,97.73,95.90,96.13,98.49,96.60,95.33,97.47",57.639443307210385,0.683989625687126,15.250393509463265,5
"3,1,3,1,1,1,2,2,2,2,1,0,1,2,1,2,0,0,2,1,1,2,1,1,1,1,2,2,2,3","91.27,91.06,96.03,88.65,92.54,97.97,90.97,90.40,92.68,91.78,93.67,90.00,90.77,92.05,88.90,92.33,93.69,88.03,91.46,92.08,91.81,89.82,94.63,90.80,91.09,92.90,94.72,92.00,93.35,90.63",38.35029255114817,0.8154831483946314,14.268313718558582,1
"2,2,1,2,2,2,1,2,2,2,2,2,2,3,2,2,3,2,2,2,2,3,2,2,3,2,1,2,2,2","98.16,97.82,99.20,97.74,98.67,97.87,97.10,97.87,98.66,99.01,97.98,98.89,96.94,98.19,98.47,98.60,97.54,97.35,99.32,98.48,99.02,97.36,97.75,97.48,97.70,98.36,98.69,98.06,97.48,98.82",56.09965125489836,0.9867869832754453,14.990894059165415,0
"3,2,1,1,1,0,1,1,2,2,2,3,1,2,0,1,2,3,1,1,1,2,2,1,1,3,1,1,1,1","88.04,93.55,93.98,89.85,97.35,95.25,95.04,93.63,89.24,91.47,91.57,84.17,93.78,93.42,99.93,91.56,87.37,96.93,94.83,91.20,90.78,93.26,90.35,92.11,91.44,91.96,96.62,91.87,92.81,94.06",23.00117372364994,0.8493837367821382,15.227397752495035,1
"3,3,3,2,3,1,2,3,3,2,2,1,2,3,2,2,2,3,1,2,2,2,2,1,2,2,2,1,2,3","97.90,97.80,96.64,98.45,98.23,97.55,97.81,98.11,98.30,97.47,97.51,97.23,97.06,97.76,97.70,98.45,97.38,97.67,98.55,98.96,97.72,99.09,97.70,98.45,98.55,97.04,99.10,97.45,97.85,97.17",77.53822701506753,0.7602454260601929,14.714644190989466,0
"2,1,0,0,1,2,3,1,3,1,2,1,1,0,0,1,0,1,2,2,1,2,1,1,2,0,1,2,1,0","94.04,95.01,97.14,94.73,92.52,94.85,95.65,98.29,97.19,97.15,96.85,94.50,95.88,95.80,91.94,95.65,96.81,96.38,98.83,97.25,99.07,93.04,97.43,96.11,95.88,95.52,95.69,94.90,96.65,96.58",40.525042315420606,0.8476384163240709,15.229544559153311,5
"1,2,2,2,1,3,3,3,2,2,1,2,2,2,2,1,2,1,2,3,2,3,1,2,2,1,2,2,2,3","99.48,97.38,98.14,97.25,98.34,98.03,97.94,97.02,97.37,97.48,96.15,97.78,97.95,97.44,98.22,99.37,97.27,98.14,97.16,96.60,97.65,98.25,100.00,97.35,97.79,97.42,99.70,98.68,98.07,97.57",85.03651822222594,0.7110414870572676,15.26050901818532,0
"0,0,0,1,0,0,1,1,0,0,1,0,0,0,0,0,0,0,1,0,0,1,0,0,0,0,0,0,0,0","96.66,96.71,96.34,96.69,96.89,95.90,96.21,97.47,95.77,97.29,95.99,96.10,97.59,96.00,97.67,98.29,96.50,99.21,96.97,97.95,96.48,96.75,98.18,97.51,95.13,97.26,99.13,95.63,98.60,97.42",47.07654335559722,0.780943208920672,14.917698154604583,2
"1,1,1,1,1,1,1,1,0,1,1,1,0,1,1,0,1,0,0,0,0,0,0,0,1,0,1,1,0,0","97.23,96.85,97.28,96.55,97.02,98.19,97.57,96.55,95.97,96.77,96.29,97.36,96.37,96.85,95.72,95.88,96.35,96.81,95.54,96.17,98.65,98.20,98.09,96.58,97.33,97.99,98.33,97.63,97.23,94.66",50.550631293890774,0.555944836589805,14.904623558475476,2
"0,1,0,0,1,0,1,0,0,0,0,1,0,0,0,0,1,0,1,0,0,1,0,0,0,0,1,0,0,0","96.69,97.04,96.54,97.31,96.87,96.10,96.74,95.37,95.32,97.92,96.13,96.79,98.22,96.12,98.47,96.37,95.88,98.46,97.03,95.29,95.87,97.52,97.75,97.47,96.53,96.86,96.94,96.30,95.86,97.66",58.58570567360898,0.4921808871461336,14.972848039109177,2
"2,3,2,1,2,1,2,2,2,1,1,3,2,3,2,2,2,1,2,1,1,2,2,2,1,2,1,3,2,2","96.99,97.02,97.74,98.16,96.26,98.83,98.58,97.78,98.81,96.97,98.61,96.92,97.40,98.16,97.69,98.18,97.87,98.38,97.39,97.64,98.54,97.43,96.57,97.50,98.11,98.58,97.14,98.73,98.90,97.92",71.2372265180816,1.006179388090605,14.945587853073317,0
"3,1,2,2,2,2,2,2,2,1,1,0,2,2,3,1,1,2,0,1,3,3,2,2,1,1,2,1,2,1","95.56,99.83,94.84,95.79,93.80,96.95,95.75,95.49,95.43,94.26,99.61,98.90,95.47,100.00,98.12,97.57,92.04,96.97,97.37,93.82,99.11,97.78,97.37,97.76,96.40,96.15,96.47,98.98,94.35,95.62",62.437104224095414,0.5734540363360761,15.591572138114161,7
"2,2,3,1,2,2,3,2,2,2,2,3,3,2,2,3,2,1,2,2,2,2,2,2,2,3,3,1,3,3","87.28,87.43,91.67,90.39,88.25,92.49,92.12,89.58,88.83,80.35,89.64,88.51,88.91,87.81,89.64,88.60,88.97,89.41,86.24,87.95,88.21,83.02,90.30,86.18,91.09,92.40,86.22,84.75,95.63,88.91",40.86597860272053,0.7363077292365172,14.580335661656722,6
"1,2,3,1,2,2,2,2,2,2,2,2,2,1,1,2,2,1,1,2,2,3,1,1,1,1,3,2,2,2","98.86,97.86,97.60,97.65,98.60,95.79,97.99,97.78,97.29,98.44,97.07,97.57,97.08,97.28,98.41,98.55,99.49,98.35,96.34,96.48,97.11,98.20,98.98,99.08,97.91,97.98,99.27,97.60,98.77,98.84",66.41938638935224,0.9276279285253579,14.576959438103115,0
"2,3,3,2,2,3,3,1,1,2,2,2,2,2,2,2,3,2,1,1,1,1,3,1,2,2,2,2,2,2","98.05,97.78,97.06,97.82,98.01,98.15,98.47,97.24,97.92,97.70,97.65,96.91,97.05,97.21,98.08,97.93,97.90,97.83,97.77,96.44,98.25,98.90,97.50,97.29,98.39,99.07,98.11,99.19,99.26,98.56",66.68066557800915,0.8210553520907148,14.600596863770916,0
"0,0,0,0,1,0,0,0,1,0,1,0,1,0,0,1,1,0,1,0,0,1,1,0,1,1,1,1,1,0","96.75,96.76,96.99,98.19,97.60,95.94,98.30,97.27,96.83,95.49,96.55,97.62,97.03,96.46,97.20,96.88,98.91,96.48,96.94,96.92,97.25,96.79,97.25,97.37,98.12,94.29,95.17,95.71,97.62,97.09",59.797742198630274,0.7861277839400749,15.06827343583518,2
"2,3,3,2,2,2,2,1,2,1,1,2,1,2,1,1,2,1,3,1,1,2,1,3,1,3,3,3,3,1","90.36,85.92,85.45,89.85,90.54,92.09,93.79,85.91,88.76,85.97,87.94,86.78,95.35,90.72,92.43,93.94,84.43,90.05,89.14,87.83,89.69,89.43,76.85,95.21,90.33,82.07,91.79,90.08,89.23,93.23",39.06670361191288,1.1060933801867991,15.535034664400245,6
"2,2,2,3,2,2,3,2,1,2,2,2,1,2,1,1,2,2,2,1,3,0,1,2,1,1,1,1,1,1","92.73,92.66,99.83,93.97,95.66,96.48,93.83,96.87,94.78,98.31,94.45,94.19,100.00,98.07,96.64,94.53,93.22,98.03,94.80,92.37,98.21,95.60,93.81,94.92,93.84,95.40,96.95,92.52,97.07,98.18",55.4321627560799,0.9596413630846926,15.082352376759173,7
"1,2,2,1,2,1,2,1,2,2,2,3,2,2,3,2,1,2,2,3,2,3,3,2,2,2,2,2,3,2","99.91,98.16,97.96,98.78,97.09,98.97,97.31,97.87,97.81,96.85,98.60,99.07,97.63,97.25,98.21,96.93,96.52,97.91,98.83,99.33,98.27,98.10,98.34,97.79,96.94,97.36,97.45,98.10,98.92,100.00",54.77229562877319,0.8684840994831892,14.339099237338393,0
"1,1,0,0,0,0,1,0,0,1,0,0,0,1,0,0,0,0,0,1,1,0,0,0,1,0,0,1,0,1","98.79,97.14,97.55,97.04,96.38,97.11,96.82,96.44,95.91,97.22,97.20,96.84,97.31,95.67,96.97,97.00,97.73,97.81,96.38,96.01,97.25,95.78,97.05,97.41,97.48,97.93,97.18,97.34,97.46,94.88",64.37709813628484,0.6465927929067296,14.83231395057702,2
"1,1,1,0,2,2,2,2,2,2,2,0,0,1,3,2,2,2,0,3,3,0,3,2,1,0,2,3,1,3","97.46,98.16,94.18,96.95,91.75,97.14,98.28,96.49,98.84,96.53,92.27,94.00,95.66,99.46,94.20,93.99,100.00,96.17,96.44,97.81,95.57,97.10,94.55,97.72,96.84,95.16,97.28,97.92,99.20,100.00",55.499777835259835,0.9359519937545907,15.818919707124223,5
"0,3,2,1,2,1,2,2,2,1,2,0,1,3,2,3,3,1,1,0,1,1,3,1,1,1,1,1,1,3","92.99,96.68,97.59,90.90,91.85,95.19,92.72,93.02,94.43,86.46,87.47,88.44,93.10,92.37,91.25,95.06,89.27,90.05,90.98,94.00,98.34,90.67,94.70,91.36,94.64,94.12,97.48,87.98,91.92,90.39",57.49971442199023,1.2441536554957473,14.630452337051794,1
"0,1,3,2,1,1,2,2,2,2,2,2,1,1,2,1,0,1,3,1,1,2,2,1,0,0,2,0,0,2","95.46,93.88,96.34,98.62,94.33,91.13,98.04,96.43,98.07,97.57,95.27,95.46,96.58,96.52,96.00,97.54,91.97,92.76,94.07,97.65,95.07,97.46,94.06,96.96,99.35,94.64,97.97,99.41,95.30,92.34",62.279361436777506,0.8135939546998895,15.003314197383366,4
"2,3,1,1,2,2,2,2,1,2,2,2,2,2,3,2,3,3,2,2,2,1,3,2,2,3,2,2,3,2","97.55,99.00,97.91,97.26,97.43,98.26,99.14,96.86,97.94,98.58,98.74,97.95,98.57,97.54,98.10,97.81,97.04,97.13,99.93,99.31,97.35,98.52,98.78,97.79,98.20,99.00,98.39,97.93,97.00,99.23",69.05467010872967,0.6091928054680861,14.7589546638773,0
"1,1,1,1,1,0,1,0,1,0,1,0,1,1,1,0,1,0,0,0,1,0,1,0,1,1,1,1,0,1","97.73,98.00,96.87,95.81,96.69,96.48,97.04,95.05,96.74,96.09,98.42,95.44,96.93,96.09,96.78,98.10,97.86,96.32,96.74,96.73,97.13,97.65,96.79,97.97,97.57,97.10,95.43,96.83,96.76,96.78",45.9254064306694,0.698756851566823,14.535600814778585,2
"1,3,0,1,0,2,1,1,3,0,0,1,0,3,2,2,3,3,2,1,2,2,0,0,1,0,1,2,1,2","95.42,97.88,94.56,96.25,95.97,94.06,95.46,97.00,91.95,95.47,94.56,99.14,95.55,98.18,94.59,94.64,96.97,94.78,96.86,94.54,99.80,94.73,95.37,94.25,95.04,96.30,95.50,94.85,97.28,97.09",52.71756709403891,0.7133002603611994,15.467988126317987,5
"3,1,1,2,1,3,3,2,2,1,1,1,2,1,0,0,0,3,3,3,1,0,1,0,2,3,3,1,1,0","96.60,97.03,96.90,94.47,96.43,96.40,92.99,96.22,97.31,95.80,95.37,94.78,96.98,93.59,95.52,99.31,97.51,94.91,97.27,93.76,97.96,96.49,95.88,94.06,96.40,94.65,94.26,94.06,98.91,91.37",67.17435440411431,1.0319194927064579,15.024584967287183,7
"2,2,3,2,1,2,2,3,2,2,2,2,3,2,3,3,2,2,3,3,2,3,1,3,2,3,2,2,2,1","98.41,98.26,99.10,97.39,97.80,98.53,98.00,98.17,96.73,96.35,97.84,97.43,96.94,98.92,99.18,98.26,98.42,98.09,97.21,98.05,98.45,98.70,98.62,98.01,99.58,98.28,99.16,99.73,96.79,97.39",81.00152866981283,0.8649043608762453,14.894635909921345,0
"2,1,1,1,2,3,3,2,2,1,3,1,1,0,3,2,1,2,1,1,2,1,2,1,1,0,0,2,2,2","95.82,94.30,91.68,87.03,88.51,94.54,89.81,90.00,93.70,93.44,89.25,88.54,92.34,88.38,93.17,92.65,89.93,93.69,93.21,95.92,96.37,89.34,87.96,91.40,90.29,87.60,89.40,91.21,87.40,94.44",47.76659306128656,0.6576191192685847,14.472140440200205,1
"2,2,2,2,2,2,2,1,2,3,2,2,2,2,1,3,1,1,1,2,2,2,3,2,2,2,3,3,2,2","98.00,98.42,98.53,98.07,97.89,96.03,99.54,97.98,98.01,98.29,97.03,99.07,97.45,98.00,97.52,97.29,98.22,97.69,98.79,97.87,98.10,97.67,97.77,99.38,99.34,97.31,98.65,97.95,98.94,98.79",58.769761902949014,1.0704275669753283,14.802787042797371,0
"2,1,1,2,1,1,2,1,3,2,1,1,3,1,1,0,1,0,1,1,0,3,2,1,1,2,1,3,1,1","93.49,89.82,93.02,92.51,87.71,90.16,90.42,88.95,92.45,93.77,89.72,91.65,91.87,89.31,92.95,92.91,94.24,89.37,93.30,93.93,94.29,96.86,90.22,92.03,89.67,95.73,89.72,91.08,88.43,92.81",40.29279193359687,0.6951323147138152,15.111595320963962,1
"1,1,0,0,1,1,0,1,1,1,0,0,1,1,0,0,0,0,0,0,1,1,1,1,1,1,1,1,0,0","96.83,96.42,97.46,94.73,96.54,96.15,98.49,97.56,95.76,96.82,95.50,98.05,96.30,95.83,95.06,96.84,96.13,98.19,97.57,96.11,98.26,96.66,97.18,96.31,97.94,96.99,99.72,97.31,98.39,98.77",28.207375120161217,0.9207585757922014,15.117954020534738,2
"1,2,2,3,2,2,2,2,3,1,2,2,3,2,2,3,2,2,1,2,2,2,2,2,2,2,1,3,2,3","97.34,98.20,98.79,98.22,97.86,98.12,98.73,97.49,98.51,98.02,97.51,99.32,97.73,97.81,97.96,98.82,98.97,98.20,97.11,96.43,99.75,98.68,98.34,98.78,98.05,97.98,97.78,98.49,96.65,97.32",63.0811002577197,0.800092774489828,15.771892595318322,0
"2,2,2,1,2,3,1,2,2,1,2,2,3,2,2,2,2,2,3,3,2,2,2,2,2,1,2,2,2,2","97.77,97.63,97.47,97.51,97.54,99.33,97.36,99.12,98.48,98.27,96.30,98.31,97.19,97.71,99.45,99.02,97.97,97.47,98.52,98.83,97.05,99.91,96.97,98.81,99.38,97.89,97.90,97.56,97.62,98.20",58.2302326651652,0.9250624574455167,14.967613444685973,0
"1,2,2,1,1,2,1,2,2,1,2,2,1,2,1,2,1,2,1,2,2,2,3,3,3,1,2,3,2,1","89.52,86.02,91.64,86.79,90.89,93.45,80.08,90.03,85.25,93.76,86.81,87.80,84.17,86.50,80.12,90.78,89.23,90.18,80.43,91.09,85.55,93.60,87.85,89.27,88.13,91.93,92.04,86.53,93.69,87.04",35.15074763692718,0.8009305485308347,15.18021236179977,6
"0,1,0,0,0,1,1,0,1,0,0,0,1,0,0,0,0,0,0,1,0,0,0,1,1,0,0,1,1,0","97.25,97.15,96.92,95.91,97.45,97.28,96.62,95.87,97.25,96.08,96.37,95.14,97.42,97.13,97.24,96.20,96.13,95.63,97.05,96.50,96.34,97.21,97.98,96.61,95.88,98.47,95.58,95.93,96.38,96.89",53.43275958758289,0.6738078556720383,15.396089801676947,2
"1,3,1,0,1,1,2,2,0,1,2,1,1,1,2,3,1,1,2,0,1,1,3,2,2,1,1,1,1,2","92.37,93.78,97.26,89.14,90.47,90.92,88.29,92.03,90.97,89.11,92.72,90.22,88.65,92.95,88.74,92.21,90.31,88.09,89.59,94.40,95.62,92.63,91.80,91.36,94.73,89.56,92.88,98.52,94.02,94.23",29.48937408333469,0.6658963916098504,15.2490109161926,1
"2,1,1,0,2,2,3,2,1,2,2,0,1,0,2,1,2,0,2,2,1,2,2,3,2,1,0,2,1,3","94.85,93.54,94.25,94.09,95.02,93.25,97.71,98.67,98.01,95.64,95.38,95.65,91.39,94.88,95.35,97.35,99.32,98.29,94.26,92.92,95.31,96.09,97.43,97.06,100.00,94.89,93.43,95.56,97.78,96.01",48.92423343786056,0.8500028274601541,14.884296613036486,4
"0,2,2,2,1,1,2,1,0,2,2,2,3,2,1,1,1,1,2,1,0,0,1,1,1,2,1,2,0,0","98.27,96.50,96.30,94.65,97.79,93.62,96.07,95.27,97.28,97.14,94.11,96.37,93.90,95.99,97.05,96.15,93.80,98.55,94.72,98.52,97.13,94.12,94.16,94.20,97.84,92.66,94.08,93.52,97.47,96.74",42.21829167018329,0.9647337860159428,15.272597355170545,4
"2,2,3,2,2,2,2,2,2,2,2,2,2,2,3,1,2,2,3,2,2,2,3,2,3,1,2,1,2,3","97.98,97.43,99.00,98.62,99.16,98.65,98.58,98.63,97.63,97.89,97.06,98.17,98.97,99.14,98.22,98.74,97.58,98.55,98.11,97.46,99.61,98.61,99.14,97.50,98.23,98.09,97.92,98.50,98.07,97.61",85.24941240249943,0.8592869892864131,14.69973216442532,0
"2,2,2,0,2,1,1,0,1,2,2,1,0,1,3,3,2,0,2,3,2,0,3,2,1,1,1,1,1,3","96.03,95.73,95.88,95.14,96.34,96.03,93.32,99.21,99.46,95.78,94.36,96.74,93.64,96.59,96.49,95.24,95.75,96.83,96.12,94.18,90.50,95.66,96.10,94.51,100.00,97.73,100.00,95.90,97.91,97.03",71.15950747700109,0.9043008804992181,14.611778258882966,3
"1,2,2,2,2,1,2,2,2,3,2,1,2,2,1,1,1,2,1,1,2,2,2,1,1,1,1,0,2,2","94.55,97.94,94.84,93.94,92.51,95.96,95.13,96.75,97.06,93.21,95.10,98.41,97.42,97.19,98.34,97.05,93.40,98.90,98.37,94.73,92.82,95.04,98.60,100.00,96.54,92.60,95.33,98.49,97.14,98.58",82.47153710105604,0.8692726622608976,14.93730655958525,5
"3,1,1,3,1,2,2,2,2,2,3,1,2,2,2,2,2,3,1,2,2,1,2,2,3,2,3,2,1,2","97.63,98.28,97.69,98.17,98.37,97.97,97.53,97.88,98.26,97.26,97.98,96.08,96.46,97.94,96.61,98.92,98.05,99.21,99.44,97.11,98.35,96.94,98.07,97.20,96.84,97.04,98.68,97.43,97.64,99.21",64.44970385876168,1.082297518217207,14.552401836478142,0
"1,2,2,1,3,0,1,2,2,0,3,0,1,1,3,1,2,1,0,2,2,3,1,0,3,2,1,1,2,1","92.78,95.74,95.77,98.56,96.79,95.11,99.53,98.93,95.00,94.49,92.26,91.43,96.51,93.73,95.09,94.58,97.95,94.64,96.80,94.39,97.34,95.76,96.66,94.39,93.77,93.81,95.41,95.14,97.15,94.44",46.623101161557415,0.8372190029407192,14.806094403668482,4
"2,2,2,2,2,2,2,2,2,2,1,2,2,3,2,1,2,1,2,2,1,1,3,2,3,1,2,2,2,1","97.27,96.84,98.02,98.14,100.00,97.98,98.98,97.86,99.17,97.39,98.47,99.67,99.02,96.26,97.09,97.50,98.06,97.64,97.13,98.00,97.67,98.15,99.21,97.17,96.86,97.36,98.58,97.60,96.81,98.56",58.97815530944004,0.8071412721621929,15.356650270355605,0
"2,1,2,2,1,2,1,1,2,3,1,2,3,3,3,3,1,3,2,2,1,1,2,1,2,2,3,2,1,2","97.04,96.47,98.42,98.03,97.95,100.00,97.21,98.34,97.32,98.59,97.91,98.22,97.82,97.84,98.28,98.64,96.56,97.68,97.26,97.17,99.37,98.89,97.33,98.23,97.96,97.41,97.47,97.73,99.81,100.00",78.85732318030492,0.7458176457402487,14.74079599635255,0
"2,2,1,3,3,1,1,2,1,0,2,1,1,2,2,3,2,0,0,0,2,2,1,2,1,2,3,2,3,1","95.79,99.07,95.86,92.79,98.18,94.63,100.00,98.42,98.65,98.68,95.98,95.86,94.34,94.69,94.87,93.75,96.70,97.73,95.82,91.71,98.76,94.36,96.66,92.47,94.90,93.96,96.06,97.32,91.06,98.30",75.30729304335273,0.8217629656716382,14.895848293322427,3
"1,3,2,2,1,1,2,1,2,1,2,1,2,2,3,2,1,2,2,3,2,3,2,2,2,2,2,2,2,3","97.32,97.31,98.62,97.82,97.24,97.73,97.59,97.98,98.11,98.22,97.98,96.59,98.07,98.43,98.12,99.20,97.72,97.43,98.80,97.55,97.17,98.22,97.37,99.23,98.57,97.64,97.32,96.83,97.91,98.61",78.12091912127157,0.7750379930750398,15.269005257653951,0
"3,1,3,2,3,2,1,2,0,3,1,0,1,2,2,1,2,2,2,1,1,1,2,2,2,1,1,2,2,2","100.00,100.00,93.81,99.54,94.52,97.42,96.11,93.32,95.87,94.04,95.77,94.53,96.47,98.37,95.56,95.40,97.22,94.79,95.33,98.34,96.22,96.75,97.41,100.00,94.61,95.00,97.56,94.96,95.36,99.28",56.21895291592938,0.8895247305755198,15.969957716320275,3
"2,3,2,2,2,2,3,2,1,2,1,2,2,2,2,3,2,2,3,3,2,3,2,3,2,2,3,1,3,3","90.65,90.72,87.03,84.74,86.63,84.90,90.45,93.33,81.98,83.94,86.89,91.04,92.12,85.81,89.62,92.04,83.74,85.47,93.24,85.64,91.90,81.66,87.75,81.25,82.79,79.33,86.16,87.15,93.52,85.09",47.65884750611797,0.7031111371897495,15.247140704038467,6
"2,2,0,1,1,2,0,2,1,1,1,0,2,2,1,0,0,2,2,1,2,1,2,1,3,1,2,0,2,2","94.36,95.11,97.06,97.24,95.96,97.01,92.54,98.01,94.91,98.16,94.84,98.37,96.53,96.11,96.98,92.41,96.28,96.41,95.50,96.06,97.18,99.75,95.67,94.62,94.53,95.34,97.83,95.95,93.63,97.25",66.78881797401536,0.6769767875560866,14.351584190587932,3
"2,1,2,1,3,1,1,0,1,1,2,1,1,2,2,3,2,2,0,1,1,2,3,0,2,0,2,0,3,2","92.93,90.20,92.02,92.73,93.29,95.78,94.15,93.94,93.89,92.52,90.30,90.91,94.37,87.75,92.06,92.19,85.35,88.28,92.17,88.87,91.85,92.59,88.24,86.61,89.63,91.52,89.47,96.59,90.55,91.58",52.359265196821994,0.9027093081917801,15.045125428742946,1
"1,1,1,2,3,2,3,1,1,1,2,3,2,3,3,1,2,3,1,2,1,1,2,3,2,2,2,1,2,1","93.51,92.47,93.48,92.14,90.92,89.84,92.39,92.79,90.41,96.87,89.53,96.02,83.37,90.06,94.70,98.75,93.39,94.50,92.76,91.94,92.61,93.76,92.54,94.70,95.50,89.75,89.73,90.02,94.75,90.36",49.40653410053006,0.6322843854250629,15.350255227515863,1
"0,2,1,2,1,3,1,0,1,0,2,2,2,1,3,1,2,3,2,1,2,2,0,1,2,2,0,3,3,2","91.83,97.91,97.92,95.13,90.33,95.54,93.88,94.90,98.76,98.31,91.88,96.58,98.56,98.57,98.64,93.19,93.11,94.73,96.37,94.65,95.68,94.69,97.18,97.59,95.22,96.07,95.73,99.40,95.66,92.04",48.08398687951626,0.7237440324924937,14.457685945469935,4
"1,0,1,0,0,0,1,0,0,1,1,1,0,1,0,0,0,0,0,1,0,1,0,1,0,0,0,0,1,1","96.24,96.19,95.53,96.58,95.54,96.34,96.17,95.67,97.27,98.35,96.91,97.46,97.90,96.78,96.16,97.83,97.10,96.33,97.67,96.37,95.96,96.75,96.57,98.40,96.79,95.74,97.83,96.39,97.08,98.68",68.83919598765021,0.624691226750515,15.190522039724605,2
"3,2,2,3,1,3,1,2,1,3,3,2,2,2,2,2,2,3,2,2,1,2,1,1,2,2,2,2,2,2","99.74,98.93,97.32,97.33,97.65,98.22,97.26,97.28,96.67,97.60,97.53,98.34,98.23,97.09,98.91,96.93,97.64,100.00,97.26,97.56,97.75,96.84,98.56,97.56,97.44,96.90,98.11,98.16,97.89,97.61",60.443939836733186,0.7692136622399541,15.414032536866527,0
"0,0,0,0,0,1,1,1,1,0,1,0,1,0,1,0,0,0,0,0,0,0,0,0,1,0,1,0,0,0","97.16,95.63,98.84,96.47,96.71,97.58,96.61,95.88,96.37,97.35,95.76,96.83,96.80,97.35,95.05,96.16,97.25,95.93,98.22,96.11,96.91,97.45,96.29,96.79,96.22,97.00,97.73,97.14,97.84,97.77",54.373312652699845,0.734804970293158,14.636949695274598,2
"2,1,2,1,1,2,1,3,3,3,3,1,1,1,2,1,2,1,2,1,1,1,2,0,3,1,0,2,1,0","94.94,96.05,93.15,95.69,96.44,92.27,96.84,95.54,96.05,93.73,94.21,94.33,94.38,96.39,96.98,99.52,93.40,97.80,98.66,96.27,98.23,98.02,97.22,91.70,94.52,95.22,97.23,99.24,97.29,93.66",60.01205897377486,0.7353280785800077,14.730040696583655,5
"2,2,2,2,2,2,2,1,1,3,2,2,2,2,2,2,2,2,2,2,2,2,1,2,2,3,2,2,2,2","100.00,97.72,97.54,96.31,98.40,97.82,96.03,97.09,97.72,96.82,98.45,97.64,96.83,97.62,98.14,99.34,99.09,99.21,99.24,98.61,97.82,98.25,97.42,98.14,97.85,98.70,98.30,98.67,97.85,97.44",72.92509832746957,0.9992674447144004,15.446482850576666,0
"2,2,2,3,2,1,1,2,1,1,2,1,2,1,1,1,2,1,1,2,2,1,2,2,1,1,3,1,2,2","85.32,84.90,83.83,92.22,86.44,89.11,90.37,84.93,85.96,90.97,86.82,90.52,89.48,84.53,86.48,91.03,89.88,87.39,96.13,87.12,87.16,78.56,85.85,89.49,89.74,95.36,88.09,81.54,91.00,94.92",49.511618725471564,0.7123971504656758,15.082888610815617,6
"1,3,0,1,1,2,2,1,0,3,1,3,2,1,3,2,2,0,1,0,1,2,1,1,1,2,1,2,1,2","95.00,95.58,97.73,95.92,94.12,93.68,97.61,94.54,97.13,94.38,93.84,96.80,93.63,93.94,93.58,95.61,94.41,91.33,97.45,97.12,97.74,94.60,92.81,93.09,95.18,95.91,97.48,98.45,98.95,95.20",62.97134226331859,0.6824436542746405,15.275839363020916,4
"0,0,1,1,1,0,1,0,1,1,0,1,0,0,0,0,1,0,1,0,1,0,1,1,0,0,0,1,0,0","97.20,95.86,95.75,96.71,96.70,96.49,98.22,97.80,96.25,95.52,95.64,98.30,97.85,97.37,96.77,95.79,98.10,96.16,97.39,97.42,98.08,97.83,96.84,98.34,98.27,95.94,95.44,97.21,98.77,95.92",61.65763355401927,0.5826960112565563,14.912844949422242,2
"2,0,2,1,3,1,1,3,0,1,2,1,2,2,2,0,2,1,2,0,2,0,2,2,1,1,1,1,0,2","94.40,96.77,96.54,96.62,97.94,98.61,94.40,98.98,94.10,93.36,95.19,97.40,96.98,97.68,96.37,93.23,95.14,96.02,98.37,93.56,93.85,96.32,95.98,94.28,96.12,97.55,95.45,92.86,99.40,95.97",65.26454697548272,0.902298900716142,14.639035103147753,4
"2,1,1,2,2,1,3,1,2,3,2,1,2,2,2,1,1,2,2,2,1,1,2,2,1,2,2,3,2,2","97.97,97.81,96.67,98.15,98.17,97.62,98.78,98.72,96.82,96.87,97.36,97.81,98.56,98.31,97.63,97.42,98.13,98.46,97.69,99.63,98.20,96.75,97.60,99.70,99.49,97.89,96.58,97.67,97.24,99.19",78.4624336088049,0.7124762514576068,15.239019305543659,0
"3,3,2,2,3,1,2,0,1,3,3,1,1,3,2,2,0,2,2,1,1,1,0,1,3,1,1,0,3,2","97.05,98.75,93.57,95.14,95.18,96.79,98.38,96.25,97.46,95.79,97.14,96.38,100.00,97.64,96.83,93.20,98.62,95.64,94.93,97.97,94.34,92.09,93.97,97.51,95.78,95.82,93.37,95.08,97.93,94.01",46.28253459173474,0.6586423317812702,14.786517622791278,5
"2,1,3,0,1,1,3,2,1,2,2,2,3,1,1,2,1,2,0,1,1,3,3,1,1,3,3,2,1,1","96.62,94.91,96.25,99.05,97.50,93.64,97.51,97.78,95.78,94.18,94.08,95.77,93.44,93.78,93.95,96.88,99.71,97.16,96.28,95.64,92.22,100.00,96.64,97.34,93.07,97.04,95.95,96.54,96.72,100.00",72.51818701120267,0.7031806482802441,14.647089928235763,5
"3,3,1,2,1,3,1,2,2,2,3,2,3,3,2,1,3,2,2,2,1,1,2,2,2,2,2,1,3,1","91.15,85.10,89.65,84.52,85.00,83.86,91.41,88.89,94.99,86.87,88.27,80.65,86.97,86.19,89.34,89.25,89.97,89.78,86.62,88.73,86.55,88.07,86.37,84.75,91.93,89.51,89.49,89.40,85.92,97.24",32.47880361704438,0.8285734816715136,15.282672147882243,6
"2,1,1,2,1,2,3,1,1,2,2,2,1,2,1,2,2,2,1,2,1,2,3,1,3,2,1,2,1,2","97.18,96.62,99.01,99.02,95.37,98.62,96.64,97.37,98.02,98.66,97.93,97.98,98.62,99.65,96.55,97.48,97.80,97.63,98.35,96.36,99.01,97.90,99.21,98.65,98.00,98.65,98.28,98.00,97.57,98.46",73.37940702430629,0.6935345435857684,15.205181238766686,0
"2,2,2,2,2,2,2,3,3,1,2,3,2,2,2,2,2,2,3,2,2,2,2,1,1,2,2,2,1,1","98.02,97.59,97.51,98.59,98.58,97.22,98.26,98.03,97.41,98.64,99.05,98.45,97.91,97.30,98.41,97.74,98.67,97.98,98.96,99.12,97.72,96.74,97.79,97.21,98.02,97.51,96.72,96.90,98.38,96.75",69.20125903270258,0.7172058808079874,15.375449358344978,0
"1,2,2,2,3,3,3,2,1,2,2,3,1,1,2,2,3,2,1,3,2,2,1,2,2,1,3,1,1,1","98.43,96.37,97.95,97.80,99.03,99.26,99.35,98.11,98.20,96.41,97.31,98.08,97.86,98.08,96.92,98.27,98.92,95.65,98.73,96.76,97.96,97.22,97.59,97.91,99.41,98.86,98.86,97.31,97.72,98.02",68.70523490442179,0.6702408482252387,14.74310618976362,0
"2,1,1,1,1,0,3,3,1,3,2,1,1,0,2,1,3,3,2,1,1,2,3,2,0,2,2,3,3,3","96.68,90.61,94.07,95.57,88.50,88.83,91.94,89.68,93.59,90.01,94.18,92.54,90.72,89.11,92.57,92.84,88.53,91.92,93.22,90.67,95.80,92.08,91.00,93.13,86.77,93.63,95.49,90.14,93.87,91.91",26.051729228395843,0.9362317932335972,15.376075635060074,1
"3,3,3,2,0,3,1,1,1,3,2,2,2,1,2,2,1,3,2,0,1,1,0,1,1,2,2,1,1,1","87.66,88.30,94.72,90.69,93.00,88.23,93.56,88.97,90.25,94.26,92.33,94.99,90.53,91.67,91.00,93.26,89.06,92.77,91.41,89.52,96.25,93.00,90.99,90.77,91.62,91.25,88.79,90.65,94.05,92.97",37.24022870508267,0.7880756545448292,14.726508953603403,1
"1,0,0,0,0,1,0,1,0,0,0,1,0,0,0,1,1,1,1,0,1,0,0,1,1,1,1,1,0,1","97.44,97.75,96.36,97.99,98.55,97.57,96.52,96.96,97.49,96.61,97.41,96.66,96.69,95.82,97.61,98.28,98.14,94.64,98.45,96.52,97.65,95.82,97.36,97.54,96.49,96.60,96.44,97.38,95.79,97.75",57.8014014050872,0.669097926179592,16.3701787901967,2
"1,2,1,2,3,1,3,2,2,2,2,2,2,2,2,2,1,1,2,2,1,2,2,2,2,2,2,3,2,2","96.69,98.62,98.45,98.65,96.88,98.35,98.81,99.56,98.33,98.51,95.77,99.13,96.49,97.89,97.67,98.58,98.42,98.35,97.83,98.41,99.74,97.11,97.84,97.06,98.20,97.86,97.38,99.48,98.16,97.11",61.93661643548873,0.7591229944904697,15.004564478727282,0
"2,3,2,3,2,2,1,2,2,2,2,2,3,3,1,2,2,2,3,2,2,1,2,2,2,3,3,2,2,2","98.83,98.66,98.57,96.82,98.56,97.99,98.43,97.97,97.54,98.07,96.33,99.04,99.18,97.66,99.10,98.06,97.12,97.92,97.31,97.47,97.52,97.35,97.69,97.79,97.53,98.52,98.89,99.33,97.31,96.97",75.89322171411496,0.7221275887081758,15.241902853136999,0
"1,2,2,1,0,2,0,1,2,2,1,3,1,2,2,2,2,2,3,1,2,1,2,2,1,2,0,0,0,2","97.66,94.59,95.99,93.39,97.26,97.48,95.61,95.27,94.74,97.45,98.91,91.30,97.46,97.71,95.08,97.25,96.13,96.83,92.61,96.99,96.07,95.27,93.29,93.15,98.78,95.40,97.33,90.72,97.69,94.23",75.06717258309513,0.6421754582561773,14.513249341846416,5
"1,1,1,2,2,1,1,1,2,2,3,1,1,1,3,2,3,2,3,3,0,3,2,3,1,1,1,2,1,3","88.76,89.48,86.86,93.76,82.61,86.41,91.01,90.14,94.07,92.43,92.59,89.86,90.77,89.89,95.69,91.38,92.83,82.96,92.71,93.66,98.41,93.47,90.32,90.33,93.92,93.15,89.94,91.69,92.73,91.64",49.62114787202025,0.6360923622713072,14.830644770014926,1
"0,1,2,3,3,1,2,3,1,2,1,1,2,1,1,0,2,2,2,2,3,2,0,1,2,1,2,1,1,1","94.44,99.83,94.88,97.22,94.63,96.52,100.00,96.09,97.65,98.27,97.91,96.95,95.02,98.10,97.77,95.00,94.28,99.03,93.51,96.70,97.43,96.81,93.10,93.50,98.84,95.74,94.46,97.81,97.98,94.79",72.10193364515123,0.851055064836589,14.823386516797342,5
"2,1,3,2,3,2,3,2,2,2,2,1,2,2,1,3,1,1,2,2,2,2,2,1,2,2,2,2,3,2","96.92,98.06,96.53,98.49,96.36,97.49,97.94,98.00,97.91,98.55,98.68,96.84,98.40,97.91,98.55,97.58,97.93,97.98,96.89,97.80,97.89,97.93,97.60,98.60,99.06,98.12,98.83,97.87,98.06,98.05",68.28184263854114,0.7358384229407896,14.36182145836397,0
"0,1,0,0,1,0,0,1,1,1,0,1,0,0,1,0,0,0,0,0,1,1,0,1,0,1,0,1,0,0","98.14,96.64,97.17,97.01,96.98,95.24,97.74,97.36,98.77,98.27,100.00,98.13,96.33,97.99,96.23,98.14,97.28,95.68,98.78,97.98,96.48,97.02,96.53,98.08,98.11,97.51,97.80,97.60,95.67,96.87",66.92517653280244,0.7011789666802721,15.57844608953219,2
"2,2,3,3,2,1,1,2,2,1,2,1,2,2,2,3,1,1,3,3,1,1,3,2,2,2,2,1,2,2","87.16,91.25,92.45,88.53,87.00,81.97,83.35,86.70,86.20,95.52,82.23,92.13,96.46,80.38,87.89,86.11,88.92,85.54,93.01,79.76,87.80,94.22,82.82,94.77,85.29,89.34,88.74,85.82,92.41,88.06",30.8403835248126,0.9074115126878717,14.563985813754215,6
"0,0,0,0,0,1,1,0,0,0,1,1,1,1,0,0,1,0,0,0,1,1,1,1,1,0,1,0,0,0","97.30,96.90,95.20,95.62,97.49,95.64,97.89,95.65,98.38,99.50,97.64,96.45,95.58,95.76,96.36,97.12,97.65,96.31,97.26,96.02,97.20,95.38,96.82,96.34,95.42,96.90,96.94,96.23,96.21,97.19",51.78450511180107,0.8138103968258751,15.06773854221019,2
"2,2,2,1,2,2,3,1,2,3,1,2,1,3,1,3,3,2,2,1,2,3,2,2,1,1,2,2,3,3","99.48,98.47,97.60,98.35,97.28,98.54,99.46,98.58,98.38,98.42,96.48,98.45,98.02,98.32,98.74,98.84,98.07,98.01,98.10,98.03,97.01,98.92,97.72,98.19,98.46,97.51,98.28,97.43,98.06,97.44",78.30913552789524,0.7400985506137784,14.712017759225764,0
"1,1,1,3,2,2,3,3,1,1,2,3,3,1,2,3,2,1,0,3,1,3,1,2,1,1,1,0,1,3","95.79,92.04,93.98,97.86,94.20,96.50,97.05,96.97,96.37,93.42,98.32,97.52,94.05,94.71,92.78,95.57,98.09,97.90,98.37,96.70,95.74,93.64,91.82,97.97,97.55,95.64,95.72,95.23,94.78,92.76",66.308288851183,0.9526791251726849,14.766926454948141,3
"3,2,2,2,3,3,1,1,3,0,2,1,2,3,1,2,2,0,0,3,1,3,2,2,2,3,2,1,1,2","92.95,92.29,89.14,93.43,93.25,90.44,96.28,91.83,92.36,93.55,90.23,93.88,92.39,92.54,90.52,87.36,93.51,94.64,90.67,88.17,92.98,87.53,89.63,90.87,84.42,94.59,89.77,96.84,96.06,88.88",31.276773076419367,1.0739856804050187,15.166979457908086,1
"2,3,2,1,1,1,2,3,3,2,1,2,1,1,2,1,3,1,3,3,1,0,2,3,1,1,3,0,3,1","96.77,97.02,94.77,93.94,96.09,93.79,95.96,97.45,93.53,97.41,94.28,100.00,92.48,97.42,92.70,96.98,95.56,94.22,96.22,100.00,99.12,94.92,96.57,90.91,95.83,95.00,95.68,95.76,96.68,98.39",70.30151235088465,0.579950010919003,14.799727904249584,3
"1,2,2,2,2,2,2,1,2,3,2,1,2,1,2,2,2,1,2,2,2,2,2,1,2,2,2,1,2,3","97.33,99.12,98.55,97.50,98.08,97.31,96.85,96.85,97.87,98.51,97.89,97.12,98.62,97.03,98.02,97.95,99.46,97.11,97.37,96.77,97.86,96.76,96.63,98.02,98.78,98.10,97.91,98.61,97.86,97.57",78.98751521973324,0.5940551392008903,15.101208795080385,0
"0,0,0,1,0,0,1,0,0,0,0,0,1,0,0,0,0,0,1,1,1,0,0,1,1,1,0,1,0,0","95.69,96.93,97.03,96.72,95.33,96.41,95.94,97.70,97.98,94.95,96.87,96.86,96.24,97.95,97.71,95.49,96.80,97.38,95.22,95.84,96.29,97.44,96.40,96.71,97.04,97.01,96.93,96.04,96.02,98.74",58.10199591035023,0.7805350151702402,15.161950843521602,2
"2,3,2,1,3,2,3,2,1,2,3,1,1,2,3,2,2,2,2,2,2,2,2,3,1,2,1,2,2,2","98.52,98.17,99.62,98.49,99.60,98.13,95.94,96.77,97.93,98.50,97.46,99.36,98.84,98.75,98.38,97.86,98.16,97.18,97.55,97.35,97.09,98.49,98.63,98.68,97.11,98.11,97.46,98.76,98.37,96.72",77.27642949891592,0.7878191440139211,15.154632929224636,0
"0,3,2,1,2,1,2,1,3,2,0,3,2,2,3,1,0,1,1,0,3,2,2,0,0,2,2,1,0,1","93.97,98.34,96.40,94.16,95.39,98.09,94.71,93.71,97.43,96.98,93.78,96.70,94.73,95.63,96.50,92.90,93.72,98.29,93.89,100.00,92.67,92.20,99.76,98.00,95.47,94.78,99.16,96.00,100.00,95.02",49.560078868868885,0.9623640634747821,14.853873023998766,4
"2,2,0,1,1,2,0,3,1,2,1,0,2,2,2,0,1,0,2,3,1,3,0,2,1,1,3,1,2,1","91.07,88.84,90.46,89.56,91.35,91.71,95.01,92.32,91.56,91.69,90.22,86.87,94.39,91.63,85.60,90.58,97.71,92.62,90.08,98.02,95.92,86.06,95.65,95.30,97.41,90.55,93.11,87.93,86.88,87.29",63.31142565267396,0.8134603247395671,14.851108160316034,1
"2,3,2,1,1,1,2,2,2,2,2,3,2,1,3,2,3,2,1,2,2,1,3,2,1,1,2,2,1,1","97.39,98.68,97.29,98.37,97.84,98.41,98.70,97.65,97.52,98.62,96.94,98.53,96.45,97.79,97.99,97.30,98.22,97.68,97.72,98.31,97.96,98.84,99.34,98.88,97.77,98.55,97.03,96.92,98.81,97.91",81.89218340249896,0.8850388287693371,14.792021034463975,0
"0,0,0,0,1,1,1,0,0,1,0,0,1,0,0,1,0,1,1,0,0,0,1,0,1,1,0,0,0,1","97.42,96.23,96.11,97.28,95.47,97.63,98.73,98.00,96.33,96.36,96.25,95.59,97.77,95.16,97.91,96.69,96.82,96.55,96.12,97.48,96.58,96.78,97.78,96.12,96.45,97.64,97.12,96.13,96.83,97.33",43.88580582824502,0.8398434720182691,15.121145122655863,2
"3,1,2,2,3,3,2,2,2,2,2,2,2,3,2,2,3,2,2,2,2,2,2,2,2,2,2,3,2,2","98.11,98.52,98.67,96.90,97.22,98.29,97.69,97.66,99.05,98.74,97.84,97.20,99.01,97.98,96.89,98.35,97.69,99.53,97.88,97.97,97.71,97.89,98.13,97.75,98.31,97.23,98.47,98.39,97.19,97.73",72.87902607693398,0.8317820843884892,15.265828295032511,0
"1,2,1,2,1,2,0,1,3,1,2,0,1,3,2,0,2,2,2,3,2,3,1,1,2,3,3,2,2,2","96.68,95.42,93.28,97.21,92.11,95.60,96.67,96.32,92.20,98.49,95.51,94.99,95.53,95.43,97.88,95.10,94.89,96.75,93.91,95.81,99.41,92.69,91.24,93.85,96.41,90.93,97.39,95.94,99.10,94.70",55.52224913526366,0.9138385405914773,15.005109353096447,3
"1,1,0,0,3,1,1,0,3,2,2,1,2,2,0,1,0,1,0,3,1,2,2,1,3,1,1,2,0,2","97.97,94.19,99.80,93.74,92.75,94.74,93.43,98.45,94.31,97.49,95.79,96.27,97.79,96.07,99.77,96.39,90.84,97.66,97.00,95.58,96.54,95.07,95.23,98.10,97.07,96.46,94.31,96.24,99.18,97.94",64.08120949846,0.6874384559124805,15.295957680418873,7
"0,2,3,2,2,1,1,3,2,1,2,2,1,0,1,1,0,1,2,3,0,0,3,0,1,1,1,1,3,1","96.42,93.53,98.23,96.70,96.25,94.89,95.24,96.33,97.27,92.45,97.10,94.37,96.01,98.05,94.51,93.84,93.96,96.51,97.10,98.16,96.43,96.74,98.92,95.46,94.30,94.03,98.47,92.66,93.18,97.49",66.06775523268078,0.7265170935628104,15.377417047096413,4
"0,0,0,1,0,0,0,0,1,1,1,0,1,1,0,1,1,0,0,1,0,1,0,0,0,0,0,1,0,1","97.00,97.09,97.26,95.56,96.37,95.77,95.95,98.08,97.01,95.66,95.43,98.02,97.44,95.25,95.45,97.28,97.14,97.01,96.49,97.27,96.45,98.05,97.76,97.55,98.03,97.94,97.46,96.41,97.48,98.01",57.08631977465073,0.8774420371858372,14.995993971650458,2
"2,2,3,2,3,1,2,2,2,3,3,1,3,2,3,1,2,2,3,3,3,2,2,1,3,2,2,2,2,2","97.88,96.51,98.12,98.50,97.24,97.87,97.77,97.36,98.64,97.65,97.48,97.28,97.36,98.31,97.89,97.19,97.98,97.59,99.04,97.70,98.02,96.82,97.31,98.50,98.86,98.49,98.56,98.72,97.32,98.57",58.985818811060454,1.0628401096323965,15.12684679512225,0
"1,2,3,1,2,1,3,2,0,0,1,2,2,0,1,1,2,1,2,1,0,2,2,2,0,3,3,1,2,1","94.59,94.33,94.61,98.45,95.13,95.65,98.65,93.59,99.01,100.00,96.05,95.58,90.92,90.38,100.00,98.38,93.46,98.42,97.13,96.29,95.22,98.41,94.09,93.42,94.16,94.80,97.15,97.19,95.29,95.06",63.405307076943735,0.8343373369124706,15.074630132017136,3
"1,1,2,3,1,1,2,2,2,3,2,2,1,1,1,2,1,0,1,3,0,1,2,2,1,2,2,3,1,2","92.70,97.94,93.57,95.02,95.70,89.27,97.58,94.65,97.40,97.14,94.95,96.07,97.05,97.01,97.18,97.57,97.62,92.84,96.38,96.71,95.64,96.23,94.86,95.49,97.56,98.78,97.36,91.34,96.91,97.10",68.81603286148759,0.8722848180282664,14.358496892018874,3
"2,2,2,2,2,1,2,3,2,3,3,3,1,2,3,2,2,2,1,2,3,2,3,2,2,1,2,1,2,1","97.72,98.76,98.21,98.26,98.02,97.25,98.29,98.26,98.03,98.93,98.03,98.01,97.60,97.90,98.33,98.46,97.37,97.05,98.88,96.83,96.97,97.19,98.80,98.50,98.88,98.12,96.67,97.55,97.84,97.39",67.1421701800294,0.643928279277242,15.310900227917099,0
"1,0,0,3,1,2,1,1,1,1,1,1,0,1,1,1,2,2,0,3,1,1,1,1,2,1,2,3,2,1","95.96,92.28,97.97,96.22,95.29,95.51,96.05,96.72,96.34,97.73,94.64,96.79,97.24,97.42,95.21,97.59,94.27,93.07,96.52,97.30,95.22,97.23,93.90,95.86,94.18,97.02,94.05,98.49,99.25,97.16",70.87994079386999,0.855493835931686,14.600960326107122,4
"0,0,1,0,0,0,0,1,0,0,0,1,0,1,0,0,1,0,0,1,0,0,0,1,1,1,0,0,0,0","96.90,96.02,97.00,95.33,96.26,96.74,97.08,99.31,97.31,98.05,97.79,96.46,97.96,97.19,96.93,97.22,98.22,96.77,97.10,99.09,95.99,97.68,96.91,95.89,97.28,96.34,95.38,96.66,97.05,97.51",66.29823619855605,0.7917069892372041,15.25925352370853,2
"0,2,1,1,1,2,3,1,2,2,1,3,3,2,1,1,1,1,2,1,3,2,0,1,1,2,1,2,1,0","92.54,99.58,87.86,96.56,96.34,91.29,94.80,91.79,91.66,92.49,94.79,92.88,94.38,94.16,88.20,91.95,93.70,92.16,91.86,92.31,94.83,85.64,87.09,87.72,92.68,92.51,96.14,91.61,89.27,91.13",64.18299054589298,0.9061320802207551,15.060294955305654,1
"2,1,2,0,2,1,2,2,2,2,1,2,2,0,1,0,2,0,1,2,2,1,3,1,2,2,3,1,1,2","92.03,96.71,96.37,99.03,95.95,95.91,96.06,96.01,95.52,95.19,96.94,95.01,98.73,93.06,95.82,95.39,96.77,94.87,97.21,97.39,91.74,99.58,93.80,95.89,97.13,99.51,100.00,96.68,92.78,92.19",37.454672713515876,0.8103857622676074,15.142387046951464,4
"1,3,1,2,2,1,3,2,1,2,0,2,1,3,2,1,3,1,1,0,3,1,3,1,1,3,2,0,3,1","93.07,92.68,93.00,93.82,86.78,89.60,92.62,90.66,93.92,90.96,93.66,89.49,99.42,94.71,92.45,93.05,94.37,90.46,90.33,93.57,92.93,93.79,97.39,95.35,91.30,87.90,89.06,89.45,94.16,90.87",37.707493739014566,0.7513268156256508,14.629575590471116,1
"2,3,1,2,1,1,1,2,3,1,3,3,1,1,2,3,0,1,2,1,1,3,1,1,1,0,1,1,2,1","91.27,94.24,94.05,92.61,93.10,89.34,90.84,92.55,93.47,86.25,92.28,91.32,88.39,88.35,93.28,92.31,94.66,88.99,90.28,93.83,98.64,93.73,94.62,93.71,94.76,96.29,85.17,91.64,88.16,90.26",50.772850894411924,0.6174283372634918,14.862914633362822,1
"2,2,2,1,2,2,1,2,1,2,2,2,3,2,1,2,2,1,2,2,2,3,1,1,2,3,2,1,2,2","97.58,97.72,99.02,98.88,98.09,97.70,99.31,98.56,99.12,98.59,97.53,97.66,98.66,97.77,97.82,99.51,97.80,97.02,98.75,97.35,99.41,97.64,97.80,97.91,97.92,98.53,97.76,98.82,97.96,97.71",63.338382575774936,0.7376280453021943,14.49521454177925,0
"2,2,2,1,2,2,1,2,2,3,2,2,1,3,3,2,3,2,2,2,2,2,1,2,2,2,2,3,2,2","98.44,98.61,98.92,98.31,97.56,97.36,98.35,98.54,98.67,97.48,99.56,98.59,98.62,97.95,98.43,99.32,97.54,97.01,96.75,96.58,98.22,98.45,99.78,97.47,97.22,98.56,98.56,97.94,98.25,98.77",72.28358212219717,0.8970757281639261,15.454874051090252,0
"0,1,1,2,3,3,2,3,1,1,2,1,0,2,1,2,2,2,3,1,0,1,2,2,1,1,2,2,1,2","96.86,99.67,95.35,95.66,93.56,94.62,97.53,94.31,99.40,94.26,99.62,97.22,96.37,92.45,95.23,96.42,99.36,94.94,96.39,95.54,96.98,97.30,99.85,94.34,100.00,97.65,95.92,94.37,93.78,93.47",62.27504617480721,0.703552178085777,15.561303405912643,5
"2,1,2,2,2,2,3,2,1,2,2,2,2,2,2,2,2,2,2,2,2,1,2,3,1,3,1,2,2,3","97.24,97.56,99.54,97.25,96.86,96.57,97.96,97.47,98.14,98.43,97.74,96.41,97.06,97.93,98.23,99.31,98.07,97.87,98.09,97.18,98.27,97.15,98.10,98.70,99.78,97.92,97.74,98.50,97.71,98.17",79.13303351692585,0.7336894540314359,15.544028560660857,0
"2,1,2,2,3,3,0,1,1,2,2,3,3,2,0,1,2,1,1,1,2,1,2,1,0,1,1,0,2,3","92.44,89.10,98.29,89.62,92.27,91.66,93.11,92.55,91.59,90.78,93.15,92.39,98.44,93.37,96.90,91.92,93.88,96.60,94.66,88.44,91.69,90.32,98.97,89.55,91.64,89.83,94.91,88.43,92.31,91.47",48.79496980929954,0.6630402466542422,14.84659088437006,1
"2,2,3,0,1,2,1,1,2,2,2,2,1,1,2,3,2,0,2,2,1,2,2,1,0,1,2,2,1,2","98.10,96.76,92.44,96.63,96.40,95.97,98.84,100.00,93.89,95.68,97.05,96.00,95.91,97.34,93.94,97.61,95.26,92.77,96.12,96.55,89.67,93.12,99.23,99.10,94.89,98.59,92.92,93.35,96.95,98.14",58.22819631529085,0.7844045698748556,14.790804217739325,7
"2,2,2,1,2,1,2,3,2,2,2,2,1,2,2,3,3,2,1,1,1,1,3,2,2,1,1,2,1,2","97.89,98.10,98.65,97.41,99.47,99.00,96.82,97.58,97.98,98.20,98.72,98.62,97.44,96.98,97.35,97.15,96.84,97.57,97.78,97.77,96.72,97.49,99.55,97.35,97.36,98.28,98.59,96.98,99.09,97.60",71.94185010975289,1.0021426137287774,14.851726280016392,0
"2,2,2,2,2,1,2,2,3,2,2,3,2,2,2,1,1,2,3,3,2,2,2,2,2,2,2,3,1,1","88.89,85.33,84.08,87.94,81.97,83.03,90.67,90.40,88.76,83.76,83.54,84.18,92.04,83.07,86.38,90.50,95.31,86.61,93.40,88.78,84.67,88.73,80.36,89.11,83.87,87.21,81.89,90.79,86.16,88.87",26.11854341713973,0.9994482694195292,15.222683051413311,6
"2,3,2,2,2,1,1,3,2,2,2,2,3,3,1,2,1,3,1,2,1,2,3,2,2,2,2,2,3,3","88.94,93.26,91.50,89.08,90.04,83.43,92.57,89.97,88.04,89.69,85.11,91.12,91.28,86.43,90.80,88.12,82.01,87.62,91.55,94.10,87.69,86.73,86.64,90.68,83.26,87.35,89.98,88.80,88.07,87.88",40.521238911187254,0.9399863419225163,15.510320289870887,6
"2,2,3,2,2,1,1,1,1,2,2,2,1,2,3,1,1,3,2,3,1,2,1,3,2,2,2,2,2,2","97.02,99.05,95.82,98.05,100.00,99.30,99.04,97.81,98.16,97.28,98.80,97.95,97.70,97.05,98.16,98.76,98.37,96.29,97.51,98.15,97.43,98.44,98.02,97.14,97.81,97.74,98.65,98.67,99.21,97.54",80.86664592277918,0.5941850326403223,15.033171901054617,0
"2,1,2,2,3,0,2,1,3,1,1,2,1,1,3,1,2,2,2,1,1,2,1,3,1,1,1,0,1,1","92.77,92.15,91.90,99.46,91.81,91.52,85.16,93.89,97.97,87.07,97.91,94.95,88.55,85.74,86.95,88.30,95.08,89.39,97.58,94.01,88.46,93.19,88.51,91.13,91.18,92.24,89.34,95.89,91.44,92.95",41.21164622389364,0.5216275242935985,15.506600630594678,1
"1,0,0,0,0,0,0,0,1,0,1,0,0,0,0,1,1,0,0,0,1,0,0,0,0,0,1,1,1,0","96.55,96.36,98.62,95.27,97.06,96.72,95.98,97.38,94.92,94.27,95.37,97.01,95.84,97.00,97.30,97.97,96.77,95.22,96.00,95.44,95.75,97.46,97.22,96.84,94.85,97.98,97.22,98.65,98.10,95.76",50.34852845708839,0.6906296336461928,15.542880601636202,2
"2,2,2,2,1,1,1,2,1,2,2,1,3,2,2,2,3,1,2,2,2,1,2,1,2,2,2,2,2,1","97.41,98.44,96.70,97.39,97.70,97.37,96.60,97.63,99.10,97.10,98.83,98.73,98.05,97.16,97.18,98.08,96.46,98.59,97.75,98.21,96.97,98.21,98.65,97.57,99.21,97.81,99.15,98.94,97.73,99.49",70.81680565846787,0.651684247694124,14.936516302303556,0
"3,1,2,1,2,3,1,2,1,3,3,2,1,2,2,3,2,2,2,3,3,2,2,3,2,1,2,2,3,2","96.79,97.65,97.20,98.24,97.35,99.67,97.04,98.30,98.42,97.34,97.84,97.64,98.78,97.23,97.33,98.18,98.60,97.03,96.79,97.90,98.41,98.26,97.40,97.96,98.59,98.24,97.11,99.32,98.68,97.77",83.77909906984605,1.1095888911557172,15.324435969448247,0
"2,2,2,1,2,2,1,2,2,2,2,2,3,2,2,2,2,2,2,1,2,3,2,1,1,1,1,2,1,2","99.23,97.70,98.29,99.23,99.90,97.90,95.92,97.49,97.57,97.31,98.11,97.57,97.34,98.08,97.95,98.39,97.27,98.07,99.67,99.33,97.30,98.44,98.05,97.55,97.70,99.23,96.97,97.96,97.74,99.50",69.25667271799729,0.679707824366045,14.9904115859144,0
"2,3,1,2,2,2,1,1,2,3,1,3,2,2,2,3,2,1,2,1,2,2,2,1,2,1,2,3,2,3","97.05,97.70,98.44,98.05,99.01,97.91,99.30,96.64,97.69,97.97,96.85,97.74,97.81,98.04,97.21,97.47,98.41,98.25,97.49,96.66,96.99,98.06,96.80,98.24,100.00,98.00,98.07,98.68,98.02,99.09",68.60328053234535,0.6426050016138708,14.770481817802438,0
"2,1,2,3,2,2,2,3,2,1,3,3,1,3,2,3,2,1,2,2,2,1,2,2,2,1,2,1,1,2","96.86,97.60,97.36,97.54,97.54,98.40,98.13,97.66,97.11,97.75,97.46,99.28,96.48,97.93,96.56,98.21,97.72,99.26,97.49,97.74,98.09,97.22,97.27,99.20,97.90,98.11,97.35,98.29,98.27,98.34",77.51455245527677,1.0096610269144413,15.80285526017558,0
"0,2,1,2,3,3,1,2,1,0,0,1,0,0,3,2,2,2,1,2,2,1,0,2,2,1,1,1,2,1","94.14,97.33,94.63,95.50,95.75,95.74,95.38,97.53,93.39,96.84,95.66,92.58,98.14,94.50,94.55,93.85,96.96,96.22,96.67,95.76,94.96,93.95,98.38,93.49,95.74,95.36,97.27,93.96,99.51,97.41",61.31705933254051,0.7449543601025969,14.517352528210816,5
"3,2,1,2,1,3,2,1,1,3,2,2,3,1,1,1,2,3,3,1,3,2,3,2,2,1,1,1,1,2","89.06,87.66,96.62,92.94,90.10,80.07,98.64,88.58,88.31,89.71,82.34,86.87,91.10,89.59,92.74,84.17,84.17,89.72,84.80,84.95,83.77,89.49,93.61,90.42,85.90,94.23,85.03,90.75,90.67,83.61",42.09564718482059,0.699370401230539,15.302701380796746,6
"3,3,2,2,2,2,2,2,1,3,2,2,1,2,2,2,3,2,3,2,3,3,2,1,2,1,2,2,2,2","97.48,99.02,97.72,96.62,97.90,97.33,98.84,97.71,97.50,97.71,99.46,97.99,97.53,96.51,99.10,97.45,97.20,97.43,97.51,97.15,97.31,97.74,98.68,99.08,97.12,97.93,97.14,98.22,99.88,98.55",71.93699756332452,0.49779709077674117,14.751284784809695,0
"2,3,2,2,2,2,1,3,2,2,1,1,2,3,2,3,2,2,3,2,2,2,2,2,2,2,2,1,1,3","98.16,97.17,98.16,98.05,98.91,99.21,99.17,97.23,97.65,98.15,98.02,98.95,97.59,96.82,98.34,98.14,99.18,98.51,97.81,100.00,99.37,98.08,97.84,97.85,98.01,98.07,97.12,98.65,97.05,96.19",62.76568089552481,0.7311992744631249,14.612008262169882,0
"2,3,2,1,1,2,1,3,2,1,1,1,1,1,0,0,3,3,1,3,0,1,2,0,0,2,2,1,1,1","95.11,95.82,94.59,95.08,97.33,92.42,93.73,95.64,97.57,95.52,93.13,98.23,95.10,96.70,94.67,93.70,99.58,97.42,94.66,97.39,95.02,94.57,96.85,94.66,98.22,95.08,93.03,97.53,92.39,94.45",42.1451480265483,0.6041476833865791,14.782031388256833,7
"0,1,1,0,0,0,1,0,0,0,1,0,0,1,0,1,1,0,0,0,1,1,1,1,0,0,1,0,0,1","97.37,96.31,95.93,97.95,96.79,97.25,97.54,95.27,98.77,97.07,97.20,96.67,96.87,97.07,96.17,95.57,94.84,97.62,97.05,98.65,97.28,96.82,99.14,98.92,95.69,98.85,96.95,97.88,96.11,98.81",57.71655815943139,0.68710031822696,15.496272647308205,2
"1,0,0,0,0,0,0,0,1,1,0,1,1,0,1,0,0,0,1,0,0,0,0,0,0,1,0,0,1,0","97.32,95.16,97.18,96.48,96.53,97.09,97.59,97.95,96.68,95.79,98.38,98.31,94.95,97.74,97.77,95.83,97.57,97.64,96.29,96.56,96.82,98.23,96.53,94.80,98.51,96.37,96.67,97.26,98.43,97.19",60.46242514859017,0.6338496407667967,15.554566572192824,2
"2,3,2,3,2,1,3,2,2,3,2,2,2,2,3,2,1,1,2,3,2,2,2,2,1,2,3,2,2,2","99.75,98.51,98.04,98.18,98.44,97.60,97.78,98.40,97.58,98.51,97.35,97.12,98.55,98.59,97.86,97.61,98.63,98.13,98.24,98.33,97.22,96.39,98.56,97.88,97.24,98.04,98.10,98.59,98.80,97.46",74.80294104815204,0.8368266285034289,15.518577380435222,0
"2,2,3,1,1,0,3,1,3,1,1,1,2,1,2,2,0,1,3,2,3,3,1,3,3,1,3,1,1,0","91.85,91.15,89.95,98.16,91.16,94.76,95.51,94.46,93.41,93.93,92.63,90.26,96.04,84.19,96.86,94.20,93.23,92.12,95.13,92.83,91.62,87.46,91.40,91.91,94.45,91.33,91.85,93.30,88.24,92.43",47.35713736810951,0.8240612467605414,15.696628124459506,1
"1,3,2,2,3,0,0,0,0,3,1,1,3,1,1,2,2,1,0,2,1,0,0,1,2,2,1,0,2,2","94.60,98.72,98.19,95.28,96.73,99.15,97.42,91.68,98.32,96.23,99.32,95.87,97.08,95.93,98.76,99.79,95.50,97.12,94.88,95.99,94.49,99.06,97.53,95.70,94.98,99.04,95.99,95.81,95.57,95.75",76.84537441839277,0.7532617184096219,15.368968553576632,7
"2,2,2,0,1,1,1,0,2,3,1,3,3,3,2,3,1,1,1,3,1,3,0,2,3,2,2,0,3,1","91.81,92.27,89.45,95.74,95.04,90.06,93.89,93.19,90.94,93.61,85.84,87.09,93.45,86.03,92.10,90.41,96.77,94.51,89.05,93.71,90.42,91.09,94.12,92.64,92.35,90.45,97.07,91.00,94.91,91.34",58.68954953754363,0.5046142137715885,15.358551182779149,1
"3,2,2,2,1,1,2,3,2,2,2,2,3,2,3,1,3,2,2,2,2,2,3,2,3,2,2,3,2,1","97.95,96.40,98.15,98.78,97.38,97.94,98.27,98.38,97.09,98.29,97.92,96.88,97.59,98.23,98.49,97.22,97.13,98.18,97.52,98.34,97.85,97.82,98.87,97.99,98.07,97.82,98.43,98.48,96.56,98.40",61.21231486920652,0.5932045576517673,15.279683836334396,0
"0,0,2,3,2,2,1,3,1,1,3,1,0,2,3,2,1,3,1,1,2,0,2,1,2,1,1,1,0,3","93.31,94.47,91.63,93.35,92.08,92.12,91.69,92.61,94.02,91.78,91.62,91.12,93.33,92.47,89.32,92.99,90.40,95.86,91.27,92.16,93.52,87.24,98.52,96.05,95.56,89.39,88.98,98.10,94.03,91.63",27.79623828161542,0.8911233721848839,15.173873821276224,1
"2,2,3,1,1,0,0,1,2,2,0,2,2,3,0,3,1,0,1,2,3,3,1,1,3,1,3,2,2,0","97.30,97.68,97.29,96.21,97.40,98.14,99.42,94.40,92.85,95.27,94.27,97.62,95.35,98.90,97.74,92.91,97.72,97.07,100.00,95.77,100.00,95.76,97.20,96.37,95.77,92.31,97.29,97.41,97.11,99.15",42.981816313839914,0.9395230740385202,14.874063715641876,7
"3,1,2,2,2,2,1,1,2,2,2,3,2,2,2,3,1,2,2,2,2,1,2,2,1,2,2,2,2,2","97.55,97.18,97.07,97.34,98.09,97.78,97.69,97.73,97.69,97.69,100.00,97.41,98.02,98.78,99.29,97.39,97.07,98.68,98.15,99.23,98.96,97.35,97.30,97.37,97.58,98.20,99.20,98.14,98.94,98.09",83.4024268315182,0.7964543882586382,15.135967083849845,0
"0,1,0,2,1,3,1,2,2,1,1,2,2,3,0,3,2,0,0,1,2,1,2,2,2,2,1,1,2,1","97.91,96.30,95.99,93.61,97.26,97.99,96.14,95.79,98.06,98.58,94.38,93.39,97.77,95.94,96.03,97.50,96.23,92.11,96.97,96.77,94.99,96.28,98.45,96.98,98.01,96.84,96.10,99.13,96.09,91.76",62.550456152338185,0.9024110404312743,15.157688228133955,4
"2,2,3,2,2,0,3,0,3,3,2,1,0,2,2,3,2,2,1,1,1,2,3,2,0,1,0,0,1,3","96.31,97.10,97.79,95.63,95.14,96.48,96.99,95.99,96.65,96.85,94.70,96.58,96.52,100.00,93.92,95.32,95.83,97.45,96.90,97.53,95.33,97.49,97.44,94.54,97.42,97.27,97.64,97.29,95.60,94.98",65.74378290922348,0.622384858077235,15.156126640159579,4
"2,3,3,2,3,2,2,2,2,2,2,3,2,2,2,2,2,3,2,2,1,2,2,2,2,2,3,2,2,2","98.16,97.30,97.52,98.82,98.95,96.66,97.78,98.06,97.48,97.88,97.84,99.91,97.34,98.48,98.61,97.50,96.26,97.88,96.96,96.41,97.98,99.80,98.02,98.01,98.75,99.16,96.94,98.23,97.79,97.88",70.33199009115087,0.7058827243624507,14.477625322893239,0
"1,2,2,2,1,2,0,3,3,3,1,1,3,1,3,2,2,1,0,1,1,3,2,2,1,2,3,0,3,3","95.65,86.17,87.63,90.77,96.03,91.77,91.03,94.29,90.68,93.93,87.82,90.39,97.12,87.27,92.07,92.47,88.75,89.14,89.83,93.21,87.77,91.98,91.50,91.34,90.26,90.13,92.95,90.49,92.14,95.85",49.31576077101225,0.8021523992184273,15.479866560566737,1
"2,1,2,1,1,1,2,1,3,1,2,2,1,3,0,1,1,1,1,0,3,0,1,1,3,1,2,2,2,1","98.33,96.47,94.61,94.47,98.77,92.95,97.42,95.36,100.00,92.15,96.05,97.53,97.55,95.71,93.49,95.17,98.41,94.02,97.55,96.65,95.67,93.56,95.29,93.43,97.57,100.00,96.10,93.82,98.79,95.32",38.81204459147712,1.0012026558240654,15.395722596863102,3
"3,1,2,1,1,2,2,3,3,2,2,2,2,1,1,2,1,2,1,2,2,2,1,1,2,2,3,1,0,3","92.06,88.10,93.89,91.19,92.83,92.83,96.20,91.30,96.59,88.21,87.75,95.39,98.63,87.53,89.30,86.20,86.51,94.09,94.90,93.21,91.71,85.73,87.71,93.83,91.51,90.26,93.79,93.38,95.92,89.39",46.31848817522772,0.6750602920125578,15.218145754417623,1
"2,2,2,2,2,2,2,2,2,2,3,2,1,2,2,3,1,2,2,2,2,1,2,2,2,2,2,1,2,3","98.83,97.89,97.71,97.39,97.76,97.78,98.05,98.25,98.95,97.64,98.78,97.29,97.96,97.45,96.91,98.67,97.05,97.49,99.34,97.13,97.96,98.47,96.61,97.00,96.89,100.00,98.69,98.58,98.29,98.45",68.48269531516372,0.8923960217857793,14.834830660862085,0
"0,2,2,3,1,1,0,3,0,3,0,1,0,1,0,0,2,2,0,0,3,1,2,0,3,3,0,1,1,1","98.74,95.02,97.54,96.87,96.64,99.55,94.71,96.41,98.49,96.44,96.72,93.65,94.38,96.74,95.82,94.24,97.08,98.11,94.54,99.12,96.53,98.04,95.72,94.77,92.48,96.63,95.93,96.25,93.33,97.93",50.63459920436059,0.8536650511461886,15.125856839084504,7
"1,0,1,3,1,0,2,2,1,2,2,1,2,2,2,1,1,0,2,1,2,3,2,2,3,2,0,1,2,1","96.46,95.38,92.24,97.33,96.72,95.11,92.91,95.47,98.29,97.59,95.36,96.73,93.27,93.94,96.65,98.97,94.05,96.57,94.49,96.88,91.56,94.86,95.68,97.49,98.97,95.97,96.76,97.80,93.06,98.94",71.72204379477299,0.842338756283776,15.11533564626071,3
"0,2,0,2,3,1,3,1,0,0,3,1,2,2,0,2,0,3,2,3,2,1,1,3,1,1,2,1,2,1","97.26,95.04,96.26,96.51,96.05,95.50,96.21,98.97,94.06,95.96,94.52,98.38,92.05,95.92,95.54,96.17,97.80,94.44,95.27,95.26,98.30,99.32,93.82,95.06,93.18,96.29,96.46,96.72,92.14,96.18",70.48229439312361,0.9538546427296316,14.842927620012974,5
"3,2,1,2,2,2,2,3,2,2,1,3,2,3,1,3,2,2,2,1,2,2,3,2,2,3,1,3,1,2","98.25,98.53,98.24,97.48,96.92,97.91,97.60,96.93,97.96,97.95,97.75,97.82,98.29,98.44,99.43,98.94,96.61,99.70,99.06,97.80,97.87,98.32,98.42,96.75,98.39,98.52,99.12,98.00,98.25,98.56",54.368291334338,1.030269386584133,15.146604976269115,0
"1,3,2,2,2,1,2,2,2,2,2,2,2,1,2,2,3,2,2,2,2,3,2,3,2,2,2,2,2,1","97.08,97.36,99.10,97.66,98.46,98.15,98.60,98.14,99.26,96.22,98.40,98.10,96.58,98.37,97.21,98.45,99.43,96.86,97.86,97.90,98.22,98.45,98.09,98.16,96.57,98.17,99.06,97.47,98.67,97.26",79.5842361692107,0.9157653703497639,15.47674950112095,0
"0,1,1,1,0,0,1,1,1,0,0,0,1,1,0,0,0,0,1,0,1,0,1,0,0,0,1,1,0,0","96.80,96.50,98.79,97.07,96.13,97.04,96.88,98.03,95.74,96.34,97.31,96.67,97.04,94.90,97.85,97.15,97.71,95.31,96.05,96.79,96.76,97.01,97.03,97.17,97.75,97.04,97.27,95.99,96.46,97.53",43.31841689048489,1.161536872413195,14.263090161633734,2
"2,2,2,2,2,2,3,2,2,3,1,2,2,2,2,1,2,2,2,1,2,2,2,3,1,2,2,2,1,2","97.33,97.90,98.35,97.01,98.45,98.03,98.28,97.23,97.21,97.71,97.82,96.63,97.94,96.78,97.32,97.99,97.12,97.28,97.23,98.82,98.43,98.38,97.56,97.57,98.94,98.56,97.87,96.47,98.50,97.58",55.864011373375384,0.7759979641586049,15.130256395777334,0
"2,2,1,0,1,1,3,1,3,3,2,3,1,1,2,1,1,1,1,1,1,1,2,2,0,1,2,3,3,2","95.74,95.67,96.73,94.98,97.43,96.25,96.23,97.78,97.51,96.21,96.86,93.67,91.56,94.89,100.00,95.26,94.14,92.97,93.28,97.84,96.53,92.98,98.09,96.49,96.29,94.73,97.55,95.78,97.34,94.41",62.13644005699557,0.7363234762352546,15.062141975466476,7
"1,2,2,2,3,1,2,2,2,2,1,2,3,2,2,2,2,2,1,2,2,1,2,2,2,3,2,2,3,2","98.79,97.64,98.53,99.09,98.02,97.92,97.70,97.85,98.19,98.07,97.38,98.33,98.05,97.50,98.92,97.19,97.96,96.94,97.03,97.33,96.60,98.13,98.38,99.27,98.79,97.28,97.04,97.20,98.51,98.69",61.11229557561526,0.8159839027297171,14.83163328128565,0
"3,2,3,2,2,3,1,1,2,2,1,1,1,2,1,0,3,3,2,3,2,1,1,1,3,1,1,0,3,3","96.84,87.45,91.72,85.66,95.80,97.13,90.10,96.08,92.17,91.60,88.49,92.13,90.48,93.61,92.22,90.91,89.25,91.39,90.80,88.29,90.27,93.18,90.32,89.36,91.69,95.66,93.11,88.76,93.73,88.99",52.94204618612185,0.5860262968008706,15.063799065129135,1
"2,2,2,2,2,2,2,1,1,2,2,2,2,1,2,1,2,2,3,2,1,2,3,2,2,2,2,1,2,2","97.55,98.57,97.60,98.71,97.23,97.55,97.46,97.78,97.19,97.72,98.10,96.15,97.68,99.72,98.18,97.92,98.09,96.91,98.29,97.57,97.93,98.30,99.82,98.52,98.74,98.74,96.55,98.41,99.39,98.58",63.19213872070564,0.7891226680753812,15.220813017715644,0
"2,1,2,2,3,2,1,2,3,2,1,1,2,2,1,3,3,1,2,3,2,3,2,2,2,3,2,3,2,2","96.20,98.80,98.81,98.14,97.41,100.00,98.08,98.64,97.81,96.47,98.06,98.82,97.66,98.40,97.99,98.30,98.11,97.24,97.33,99.56,97.39,98.19,97.53,96.94,97.59,98.00,98.42,98.09,98.13,97.74",63.06399400910132,0.6417608231585116,15.235739941246727,0
"3,2,2,2,2,3,2,2,3,2,3,2,1,1,2,2,2,2,1,1,2,1,1,2,3,2,2,1,2,2","98.11,98.05,99.07,96.90,98.78,97.17,98.72,98.34,97.85,98.08,98.33,98.64,98.76,97.23,98.92,98.13,99.89,97.62,96.98,99.08,97.84,97.60,96.36,99.44,98.52,96.70,97.92,98.74,98.00,98.13",54.15347658914328,0.8269633453521981,15.132921754566125,0
"2,2,2,2,2,2,2,3,2,2,2,2,2,1,2,2,3,2,3,3,2,2,2,2,2,2,2,2,3,2","98.33,97.62,99.87,99.01,97.79,96.75,97.73,96.59,98.42,97.87,98.58,96.60,98.83,97.52,97.84,97.51,97.40,97.79,97.79,97.36,97.93,100.00,97.54,97.80,98.16,97.81,96.09,97.67,98.48,98.10",63.27447389133975,0.9267046781990866,15.596247846368462,0
"0,0,1,0,0,0,0,0,1,0,1,1,1,1,0,0,1,1,0,0,1,0,1,0,0,0,1,0,0,0","96.02,96.88,96.06,97.72,96.66,96.53,96.50,96.65,96.99,96.23,96.29,97.70,97.67,96.49,95.80,96.47,98.41,96.59,97.34,97.05,99.22,97.34,93.99,95.10,98.89,98.94,95.04,97.53,95.46,97.30",75.56650345342265,0.7342768205880209,15.264009442731377,2
"2,1,2,2,2,3,2,1,2,2,2,2,1,1,2,1,2,2,3,2,3,3,2,1,2,2,2,2,2,2","98.59,96.34,98.23,98.79,98.10,98.78,97.05,97.45,97.70,98.03,98.13,97.50,97.43,99.87,98.09,99.07,99.18,97.43,97.67,97.74,97.67,97.03,97.87,97.27,98.65,98.82,98.87,98.52,97.54,97.74",82.53916301955715,0.9300479325376965,14.700922373109806,0
"1,2,0,2,2,2,2,3,0,1,2,3,2,1,1,1,1,1,2,3,2,1,2,2,3,1,1,2,1,1","96.74,91.81,88.95,83.88,97.44,93.92,90.90,98.46,93.93,97.19,90.56,91.32,93.09,90.92,91.29,91.46,88.40,97.19,93.81,92.24,94.38,90.42,92.35,91.80,94.57,91.82,89.51,90.80,96.10,89.20",54.31927323655515,0.6984240016981359,15.218633691926646,1
"1,1,1,2,2,2,2,3,2,2,1,2,3,2,2,2,1,2,2,2,2,1,2,2,2,2,2,2,2,2","98.26,98.72,97.89,97.81,98.64,98.19,97.30,98.87,100.00,97.83,98.69,97.64,98.57,97.53,97.65,97.99,96.79,96.42,98.10,98.24,99.08,97.73,98.66,97.93,98.65,98.78,97.66,96.87,97.63,98.77",84.6423597152107,0.7838444751345661,14.893708352654187,0
"1,1,3,1,3,1,1,1,1,1,3,1,1,3,0,2,2,2,2,1,1,0,1,3,1,2,3,3,1,0","97.19,88.32,93.56,90.01,92.92,95.34,84.91,93.00,94.32,96.26,91.46,92.22,88.60,98.79,88.59,90.52,83.83,90.75,90.35,88.70,92.56,93.34,94.87,87.09,87.82,93.81,88.86,92.67,92.49,91.48",43.10733591458563,0.6148478097226833,14.964087287539067,1
"0,0,1,1,0,0,1,0,1,1,0,0,0,0,1,1,0,1,1,1,0,1,0,1,0,1,1,0,1,0","98.14,96.43,96.69,95.51,97.90,96.30,98.01,98.10,98.64,95.36,95.79,97.04,97.41,97.20,96.95,97.66,96.66,96.18,97.07,96.78,97.19,97.36,97.12,97.96,96.19,96.66,97.85,97.55,96.96,98.21",40.16932207179177,0.7561425706409295,15.078177826148218,2
"1,2,2,1,3,3,2,1,2,3,3,2,2,2,3,2,2,2,2,1,2,3,1,2,2,2,2,2,3,3","98.17,96.73,97.21,98.94,96.79,98.85,97.96,98.27,98.68,97.83,98.66,100.00,99.61,98.77,98.53,96.50,97.05,97.62,97.42,98.26,97.50,98.28,98.08,97.62,99.73,97.78,97.13,98.72,99.35,97.67",81.20833179246988,0.6340538985555438,14.476473774549637,0
"0,1,0,0,1,0,1,1,0,0,1,1,0,0,0,0,1,0,0,1,1,1,0,0,1,0,0,0,1,1","97.57,97.25,96.98,95.45,99.95,96.98,98.33,96.61,98.78,97.96,98.09,95.81,100.00,97.19,96.40,96.07,96.77,97.32,97.05,96.82,96.42,98.26,97.17,95.68,96.06,96.89,96.99,96.60,97.26,98.08",47.80968903261791,0.8180022316317727,14.506902561043026,2
"2,1,2,3,2,1,3,2,3,2,2,2,2,2,2,3,2,2,3,2,2,2,2,2,2,2,1,2,1,3","98.98,99.82,99.04,98.27,97.61,99.37,96.98,98.81,99.00,97.93,98.48,98.03,96.53,98.67,96.75,97.40,97.23,97.78,98.34,97.09,98.26,97.58,98.12,97.06,98.32,96.99,97.83,99.28,97.60,98.39",72.44334135260088,0.6181416914549249,14.646140232265946,0
"0,1,1,0,0,0,1,1,0,1,0,1,0,1,0,0,1,0,0,1,0,0,1,1,1,0,1,0,1,0","96.10,96.90,97.45,96.15,96.47,99.13,97.99,97.93,98.17,97.30,95.73,97.44,97.35,97.01,95.80,96.17,99.10,95.73,97.22,97.41,96.15,96.07,96.12,96.17,96.92,96.93,97.58,97.88,97.22,96.76",64.05247938946464,0.8367026203008626,14.856831339725172,2
"3,2,2,2,2,2,2,2,2,2,1,1,1,2,2,3,1,3,2,2,3,3,2,1,2,2,2,3,1,3","99.31,98.26,98.49,99.32,98.67,98.07,98.07,97.09,98.99,98.80,97.49,98.32,97.95,98.84,97.17,98.50,98.82,98.69,97.79,97.42,97.92,99.41,97.69,98.55,98.22,97.97,98.36,96.96,95.89,96.43",69.95242844283386,0.6211929139012929,15.617944915679585,0
"1,1,1,1,2,2,2,2,1,2,2,2,3,3,2,1,1,2,2,1,2,2,1,1,2,1,1,2,1,2","84.99,92.77,90.84,83.90,89.09,92.07,86.77,76.99,92.04,87.13,91.50,84.29,87.63,92.13,81.75,80.86,88.95,87.52,93.63,88.45,94.37,90.54,91.23,87.15,87.70,86.58,87.66,89.42,83.64,82.00",40.95018588780861,0.9352590230175044,15.006122705754537,6
"2,1,1,2,3,3,2,1,1,2,2,2,1,2,1,2,2,2,2,1,2,2,2,2,2,1,2,2,2,2","97.32,97.74,98.84,98.20,97.96,96.86,98.57,99.27,99.16,96.97,99.18,98.14,98.66,98.43,98.55,97.57,97.45,97.85,97.83,97.75,99.56,97.05,97.63,97.48,97.91,98.19,100.00,98.39,96.65,98.26",67.44113420352802,1.0698019593221326,15.50806605330378,0
"2,1,1,2,2,2,2,3,2,3,1,1,1,2,3,3,1,2,2,2,2,2,2,2,3,3,2,2,1,3","97.58,98.18,98.77,98.71,96.77,97.86,98.80,98.00,97.55,96.33,97.44,97.76,99.01,97.09,98.01,98.42,97.98,98.59,96.88,97.65,97.15,97.30,98.07,97.35,98.59,99.44,97.54,97.82,98.14,97.95",64.29085385834301,0.8412341332686247,14.679904104829866,0
"1,1,1,3,2,2,2,2,2,1,3,0,2,1,2,1,0,1,2,3,2,2,1,2,2,1,3,3,1,2","97.46,91.08,95.75,95.89,96.94,95.34,99.15,96.80,91.94,91.87,94.78,94.54,95.48,93.71,96.23,94.91,96.16,93.93,97.05,95.76,92.48,95.12,97.62,97.07,92.79,95.05,96.70,94.05,95.64,96.22",45.55681917354022,0.7874528281399698,15.090212503827566,4
"2,2,2,2,1,1,2,2,2,2,2,2,2,2,1,2,2,2,2,2,2,2,3,1,1,2,1,3,2,2","98.22,98.56,99.00,98.07,97.27,97.59,98.92,98.24,98.70,98.59,97.94,97.20,98.51,97.11,98.24,99.20,97.96,98.33,97.74,97.90,98.31,98.03,98.50,98.00,96.31,98.36,98.40,98.25,98.60,97.58",72.84715175789655,0.6085495786837734,15.663898703896587,0
"0,1,0,2,1,2,2,0,1,1,2,2,0,1,1,1,1,2,1,2,1,2,2,1,1,3,1,2,1,1","93.67,95.52,94.45,98.19,93.78,99.28,95.16,92.60,94.71,96.21,93.84,96.93,95.15,91.20,96.13,98.30,94.27,97.48,99.58,95.18,95.63,95.82,96.11,95.45,97.05,99.27,98.05,95.26,97.25,95.39",62.74446506700337,0.7698446839123398,15.382799083041977,3
"2,2,1,1,2,3,3,1,2,1,2,2,1,3,2,1,2,0,1,2,2,1,0,0,1,0,2,1,2,3","95.75,97.15,96.41,98.38,94.75,93.92,94.44,99.43,94.72,96.96,94.18,98.89,97.37,97.79,98.35,94.68,96.55,98.23,94.36,99.32,96.98,96.15,95.57,94.28,97.03,96.19,92.50,95.85,97.46,93.40",77.7745159316778,0.6662995924089062,15.044368457993743,7
"2,3,2,3,1,2,2,2,2,2,3,3,1,2,2,2,1,2,2,3,1,1,3,2,3,2,3,1,1,2","81.40,88.19,92.18,91.04,86.86,89.00,85.92,84.45,95.22,83.28,87.81,84.19,89.91,88.90,94.39,82.26,83.77,93.19,84.69,85.37,95.67,88.91,83.90,93.69,88.39,89.52,87.89,86.80,88.14,90.12",26.20988166617246,0.8027201828080106,14.7425399398514,6
"3,0,1,3,2,0,0,3,1,1,0,3,2,2,2,1,2,1,3,2,1,1,2,2,2,3,1,1,0,2","95.43,94.83,95.99,94.80,96.72,95.48,94.01,96.01,94.17,95.61,95.14,98.58,91.54,100.00,93.22,95.71,99.11,95.99,96.64,97.46,95.83,100.00,99.97,95.42,96.34,95.64,94.56,98.24,95.02,94.95",78.18164202041288,0.7080387004881672,15.558231485336654,3
"1,1,2,1,2,2,3,2,0,1,1,1,1,1,0,2,1,2,1,1,2,0,1,2,1,1,1,1,1,1","97.72,96.55,94.32,93.42,97.52,94.98,94.80,92.55,100.00,95.93,95.80,93.55,93.21,91.50,95.17,94.50,95.71,96.41,94.54,95.68,98.38,98.26,95.08,96.01,96.31,95.18,95.60,92.51,91.56,96.86",51.937576156584285,0.6957196541357816,15.120202417950816,7
"1,2,2,3,2,3,2,1,1,3,1,1,1,2,1,1,1,0,0,2,1,2,1,1,1,1,3,2,1,1","93.33,89.30,91.46,88.02,92.89,92.75,91.71,89.91,95.15,93.71,90.06,95.15,95.36,92.40,87.75,93.75,89.83,90.41,95.70,86.92,94.32,94.38,93.51,92.62,95.61,88.52,98.57,90.41,89.91,90.89",44.95293053184034,0.8187130511795072,15.362365975166524,1
"2,2,2,3,1,1,2,3,1,3,2,3,3,2,1,2,3,2,2,2,3,2,1,3,3,3,3,1,2,3","91.40,89.29,90.46,85.11,84.59,84.49,88.65,91.30,89.96,88.62,87.65,89.86,90.88,85.86,92.06,92.07,85.19,83.34,83.32,88.04,87.44,91.67,80.80,84.27,86.88,87.78,87.65,93.10,83.13,91.28",59.34174361292678,0.6681297455533304,14.930283032920483,6
"1,2,1,2,1,3,3,2,1,1,1,1,2,2,2,1,2,1,0,3,1,3,3,3,0,2,2,2,0,2","91.17,94.04,92.25,96.10,91.10,92.16,90.01,95.69,94.33,87.27,91.29,93.23,96.47,93.72,88.00,95.51,92.40,92.96,87.98,92.19,88.54,93.22,95.53,92.66,97.23,89.99,94.67,92.90,89.81,93.76",46.96168555808612,0.8232332983685305,14.920697945130115,1
"2,3,3,3,3,2,3,2,1,2,1,1,3,2,2,3,2,2,3,1,2,2,2,1,2,1,1,2,1,2","85.78,89.54,95.88,80.49,93.28,81.98,94.25,91.60,87.62,88.42,85.35,86.37,89.14,91.30,90.76,85.08,90.90,91.75,89.52,92.63,81.35,86.87,89.95,90.17,96.41,90.84,94.55,89.93,88.05,90.15",53.284844692110994,0.851825933820263,15.222255768261446,6
"2,2,1,1,2,1,2,3,2,2,2,2,2,2,2,3,3,3,2,2,1,1,2,2,1,2,2,1,1,1","99.82,99.32,98.41,97.56,98.15,98.03,98.85,99.42,99.23,98.54,95.97,97.97,98.53,97.05,98.93,97.49,98.02,98.03,98.47,97.25,98.57,98.15,97.79,96.97,98.51,96.07,97.48,98.78,97.63,97.69",71.76240872673397,0.8022091804690437,14.9697654801005,0
"1,2,2,3,1,3,2,1,2,3,1,1,2,3,2,1,2,2,3,3,1,2,3,3,1,2,1,2,2,1","86.14,86.76,93.17,92.60,89.84,87.50,87.77,94.53,91.18,91.75,90.25,88.78,96.34,83.36,87.31,90.88,95.04,96.77,89.03,93.27,93.03,95.72,87.46,87.41,90.89,91.95,88.81,82.84,95.33,93.59",39.40761608886734,0.7892639737971681,14.753400180614706,6
"2,1,1,3,2,1,1,2,1,2,2,3,1,1,1,0,2,1,1,3,0,2,2,1,1,0,2,2,1,2","97.75,95.40,98.70,94.42,97.61,96.76,96.26,99.69,100.00,95.28,93.01,95.97,97.62,93.12,93.80,95.04,94.21,100.00,94.40,93.61,98.00,94.92,99.86,96.26,99.57,96.49,98.54,97.02,92.42,96.46",85.55510665668686,0.7268375033492005,14.96695868585436,5
"1,0,3,2,3,1,2,1,1,2,3,1,2,1,2,2,3,3,1,1,1,1,2,2,2,1,1,1,3,0","92.14,98.04,95.98,93.25,93.62,97.88,95.16,95.96,96.20,100.00,95.01,94.10,94.66,99.18,95.54,95.23,96.59,96.55,96.36,96.97,96.00,96.10,93.83,97.36,97.01,91.44,100.00,95.41,93.02,93.92",57.23655615350561,0.8360352724651314,15.061214530064895,5
"2,1,2,2,2,2,2,2,2,2,1,2,2,2,2,2,3,1,2,2,2,3,2,2,2,2,2,3,3,1","95.77,98.58,96.81,97.72,97.87,98.62,98.11,98.55,97.18,97.17,97.28,99.40,97.34,98.73,97.99,98.32,99.46,100.00,97.43,98.61,97.79,99.07,97.88,98.36,98.10,97.96,97.69,98.52,97.92,98.58",62.16685664019647,0.7940923880415416,14.553719758277024,0
"0,0,0,0,1,1,0,1,0,1,0,1,0,1,0,1,0,0,1,0,0,0,1,0,0,1,1,1,0,0","97.06,98.18,97.19,96.13,97.05,97.48,98.69,96.82,96.36,97.25,96.56,97.95,97.05,95.20,96.07,96.04,96.48,97.30,97.12,95.60,97.28,96.72,96.92,98.07,96.71,99.29,96.17,96.51,96.96,95.87",58.520997517285835,0.747186626588158,14.810939387951276,2
"1,2,2,2,3,1,3,1,2,2,2,3,2,2,2,2,3,2,1,2,2,2,2,2,1,2,2,3,2,1","97.24,96.41,98.02,97.35,96.90,97.70,97.84,96.65,99.13,99.28,98.95,98.54,96.20,98.48,98.91,98.46,98.94,98.96,98.35,98.04,97.80,97.94,97.24,98.22,97.97,98.21,98.35,98.22,98.45,97.17",72.26933719591702,0.8213265934557548,14.584460872365185,0
"0,2,2,2,3,1,1,2,1,2,1,2,0,2,1,1,2,2,1,0,3,0,1,2,2,3,1,2,1,2","95.61,94.14,96.98,95.09,95.94,97.56,97.71,96.66,97.34,91.06,96.15,95.25,96.63,97.48,97.84,97.10,97.29,98.49,97.30,92.88,96.21,97.93,97.19,93.08,90.61,97.14,93.48,99.01,96.00,92.08",58.711539988304075,0.7194323215702935,14.546406665159122,3
"1,2,3,2,2,2,1,2,2,2,2,3,2,2,2,2,1,2,2,3,3,2,3,2,1,1,2,2,2,2","98.01,96.86,99.30,98.18,98.59,97.77,98.47,98.62,97.72,98.55,98.81,98.22,98.97,98.93,97.58,97.75,97.57,97.41,96.77,97.15,97.37,97.83,98.98,98.29,98.14,97.99,97.48,98.25,99.89,97.84",63.80491080085264,0.7287697600134887,15.149524528187026,0
"1,2,2,1,2,2,2,2,3,1,2,2,1,2,2,1,3,3,1,2,1,1,2,2,1,1,3,2,1,2","98.27,98.61,97.90,97.35,98.26,98.30,97.50,98.72,98.78,98.60,99.59,97.27,97.38,98.85,98.85,96.68,99.86,97.40,98.67,99.09,98.43,99.56,98.04,97.40,99.90,97.95,97.69,97.23,98.83,98.45",70.98696216689716,0.8851721361935632,15.348543856748673,0
"2,2,2,1,2,3,2,1,1,2,2,2,1,2,1,2,2,2,2,1,1,3,2,2,3,1,2,1,2,3","98.95,96.22,97.55,98.35,98.77,99.50,97.60,97.52,98.25,98.41,98.20,97.50,98.85,97.56,97.06,97.72,99.06,99.20,99.00,97.44,98.84,97.25,99.04,97.49,98.76,98.49,96.99,98.97,98.71,98.29",61.41839428838368,0.8923717848429754,15.622095303331525,0
"1,1,2,3,1,3,1,2,3,1,2,3,2,2,2,1,2,3,1,2,3,2,2,3,1,3,3,2,3,1","85.53,87.48,86.18,85.55,87.13,79.78,93.16,87.60,91.77,79.18,90.11,80.63,84.73,94.19,89.10,78.62,87.93,93.08,82.28,90.98,92.32,91.85,83.64,91.13,93.41,85.72,85.02,83.93,84.59,89.23",32.776745067529085,0.7974163957184062,15.027301623747523,6
"1,1,1,1,2,3,2,1,2,1,0,3,2,2,2,3,1,1,2,2,0,1,0,1,2,2,2,3,1,1","92.91,91.08,98.23,93.55,89.72,92.66,92.69,95.89,87.73,93.02,93.73,93.01,89.20,89.24,92.93,91.76,90.77,94.22,91.89,89.01,92.17,90.69,92.00,91.41,94.68,89.10,90.38,92.88,92.26,96.04",35.44099688093048,0.7908012217993664,14.65120730783999,1
"1,1,0,1,1,1,1,0,1,0,0,1,0,1,0,1,1,0,0,1,0,0,0,0,0,1,0,1,0,1","100.00,96.61,96.93,97.01,96.96,96.53,97.92,97.02,98.35,97.27,98.03,98.93,99.35,96.88,95.55,95.44,96.12,96.31,96.68,95.59,96.76,95.84,97.63,96.82,97.66,97.15,97.62,95.70,98.63,96.43",44.60747749254054,0.6436245230587143,14.941352642981455,2
"1,0,0,0,1,1,0,1,1,0,1,1,0,0,1,1,0,1,0,1,1,0,0,0,1,0,0,0,1,0","97.15,96.19,97.11,96.02,97.29,96.29,97.84,97.90,96.68,96.58,98.75,97.12,96.86,97.51,96.15,98.51,98.15,96.79,96.13,96.31,97.16,97.25,97.90,97.35,97.29,97.42,96.52,94.92,96.82,98.03",45.011072695826996,0.7129244204129411,15.12907135313539,2
"2,2,2,2,2,2,1,2,3,1,2,2,2,2,1,1,2,2,2,2,3,2,2,1,2,3,3,1,2,1","97.90,97.40,98.80,98.26,98.92,98.82,98.20,99.89,97.57,98.41,98.07,97.72,97.12,98.16,97.26,97.86,97.29,97.51,97.86,98.55,98.32,98.23,98.67,97.53,98.91,98.57,99.16,98.98,97.25,98.06",69.7622238706081,0.8473183576172941,15.373115570434923,0
"0,1,0,0,0,0,1,0,1,1,0,0,1,0,1,0,1,0,0,0,0,0,1,0,0,0,0,0,0,0","97.79,96.62,96.31,96.82,96.92,98.16,96.60,96.47,97.27,95.86,97.77,96.62,96.38,98.17,97.25,97.68,97.75,95.56,98.16,97.85,96.86,97.46,98.19,97.13,97.06,96.00,96.08,96.67,96.98,98.03",56.84318319673768,0.6691128860898662,14.69936578542115,2
"3,0,1,2,2,3,3,3,2,2,3,2,3,3,1,1,2,0,1,2,1,2,3,2,2,2,2,2,2,3","96.03,91.46,95.34,92.90,97.39,94.66,98.09,96.97,96.87,94.70,96.33,98.57,94.56,97.05,95.98,97.38,100.00,96.72,92.97,94.33,93.48,94.54,95.66,97.17,93.50,96.81,98.73,100.00,98.32,95.65",47.89951081507009,0.9887525763680266,14.899065452450852,3
"3,1,2,2,2,2,3,1,2,2,2,2,2,2,2,2,2,2,3,2,1,3,2,2,1,2,1,2,2,2","97.91,97.32,100.00,97.83,97.14,97.04,98.99,98.67,98.47,97.94,99.13,98.25,97.29,98.30,97.95,97.92,96.69,96.52,97.55,99.70,98.14,98.51,97.54,99.28,98.73,97.32,97.32,98.72,98.54,98.20",81.05127437299139,0.6903778126694731,14.452377400092546,0
"2,1,3,3,3,3,3,1,1,2,1,1,1,2,2,1,2,1,1,2,1,1,1,1,3,3,3,1,3,1","86.27,89.21,90.64,91.26,93.79,87.48,91.31,92.91,91.64,88.67,89.08,90.94,94.12,91.43,92.30,99.32,86.44,88.24,91.31,90.07,92.96,98.59,89.26,90.57,92.79,92.80,91.02,88.00,90.61,90.40",64.06236138159645,1.0128913046218146,15.29283715769595,1
"1,0,2,1,1,2,2,2,3,3,2,3,1,1,3,2,2,2,1,1,3,3,1,3,3,3,1,1,3,2","90.07,95.78,91.88,90.71,88.09,91.16,92.40,89.77,97.20,92.67,90.38,89.70,96.85,91.71,89.80,91.65,91.90,92.91,90.60,94.03,97.33,90.44,91.65,97.90,96.41,90.28,92.58,92.14,92.27,90.27",49.19174587856016,0.7661854859537846,15.127340414733975,1
"3,3,3,2,3,3,1,3,2,1,2,2,1,1,2,2,2,2,1,2,3,2,3,3,1,2,2,3,2,1","91.10,88.92,85.08,89.40,80.69,85.20,81.13,88.72,88.82,82.97,87.49,93.71,87.07,93.49,94.75,85.67,83.12,89.78,96.09,86.87,87.06,84.56,79.84,88.24,89.47,88.28,82.26,91.71,84.88,90.50",66.32622648673224,0.9004840832422492,15.264752402191895,6
"0,0,0,1,1,1,1,0,0,1,1,1,1,0,1,1,0,0,0,1,1,0,0,1,1,0,0,1,1,1","95.90,95.87,97.92,97.26,97.27,96.63,96.29,96.92,97.10,98.60,98.30,96.28,95.74,97.99,96.59,95.85,98.35,97.16,96.43,96.71,98.21,95.79,97.84,97.89,97.65,97.57,96.09,96.96,96.06,97.18",53.68198085736138,0.8913121164435284,15.493838364509338,2
"2,2,1,3,3,2,2,3,3,2,3,1,2,1,3,1,2,1,2,2,3,1,2,1,2,2,2,2,1,1","80.65,87.51,88.30,84.73,87.44,92.02,87.86,85.80,89.47,89.68,85.34,79.02,81.68,80.11,82.41,88.33,73.59,90.57,85.90,93.62,88.58,91.41,83.82,87.53,87.63,88.19,92.55,94.51,85.43,88.88",50.74347412163709,0.583180222464113,15.142569403719031,6
"0,1,1,1,0,0,1,1,1,0,0,1,0,1,1,0,0,0,0,1,0,1,0,1,1,0,0,0,1,1","97.15,97.62,97.46,96.46,97.06,97.60,97.64,96.19,96.59,96.78,98.19,97.07,96.04,97.67,97.38,97.52,95.71,97.63,97.66,97.01,98.48,95.69,98.29,97.89,96.98,98.20,96.71,97.32,97.29,99.08",51.04323679632313,0.47144847176281574,14.478205293131866,2
"0,0,0,1,0,0,0,0,0,1,0,0,0,1,1,0,0,0,0,1,0,0,1,1,0,0,0,0,0,0","97.62,97.73,96.86,98.58,95.51,96.59,96.60,97.94,97.91,97.73,94.56,96.62,96.20,96.45,95.60,96.48,97.26,96.13,98.29,96.65,97.75,94.60,98.30,98.40,97.62,98.81,95.13,95.73,96.10,96.01",48.830187658154664,0.6909137239702537,15.020123873044424,2
"2,2,2,3,2,2,3,2,1,2,2,2,2,2,3,2,1,3,2,2,2,2,3,2,1,2,2,3,2,2","97.71,97.95,98.60,97.14,97.29,98.23,97.51,98.57,100.00,98.30,98.80,98.66,98.13,96.15,96.59,97.99,98.31,98.75,97.45,98.90,98.95,97.90,98.03,99.43,98.10,98.88,99.07,97.58,97.86,96.98",86.95333170348081,0.6529763928451521,14.959217301345031,0
"3,1,1,2,3,2,3,1,3,1,3,1,1,1,2,2,2,1,1,0,2,0,2,1,0,1,2,1,3,1","90.24,90.43,94.36,89.65,93.47,89.63,84.47,90.63,91.63,93.41,94.28,94.02,90.61,94.13,94.39,92.72,88.70,93.49,89.67,85.69,92.47,88.87,90.29,89.69,92.43,91.33,89.73,96.22,84.83,92.54",38.5482941552118,0.628134452203812,15.860938223052358,1
"2,2,1,2,2,2,1,2,2,2,3,2,1,3,1,2,2,1,3,3,2,2,2,1,2,3,2,1,1,2","90.84,91.72,86.01,86.21,86.08,89.03,83.63,87.54,82.49,91.28,91.75,83.88,91.09,87.04,94.55,90.97,82.86,89.19,84.40,84.75,87.11,77.41,87.72,81.86,91.28,90.11,90.33,89.95,84.02,87.52",59.69607485918716,0.7504909530987315,14.817738933295855,6
"1,2,2,2,2,3,3,3,3,1,2,3,2,2,2,3,3,2,2,2,2,2,2,2,1,1,2,2,3,2","97.85,97.76,98.12,97.64,98.68,97.68,97.83,98.23,97.89,99.82,97.07,99.04,96.75,98.62,98.10,97.22,98.47,97.97,98.22,97.09,98.30,98.44,97.69,98.51,96.62,97.61,98.16,96.96,96.87,96.69",73.57543247231551,0.878047067573739,15.963190507159387,0
"2,1,2,3,1,2,2,2,3,1,2,1,3,2,2,2,3,3,2,3,1,2,2,2,2,2,3,2,3,3","96.78,99.74,96.29,99.00,97.14,97.96,96.87,98.23,96.91,97.78,97.39,97.32,96.81,97.85,98.10,98.45,97.35,97.91,97.79,97.46,97.01,96.13,99.77,98.08,97.64,97.68,98.25,97.77,97.33,97.34",64.16447300028912,0.893948848483832,14.712304828701498,0
"2,2,2,3,3,1,1,1,2,2,1,2,2,0,2,3,1,2,2,1,2,2,2,1,3,2,1,1,3,0","90.18,96.56,89.08,92.27,93.17,85.27,88.42,94.81,90.02,93.98,91.57,91.50,93.97,91.20,91.10,90.36,91.59,90.94,89.53,87.73,89.85,93.37,93.31,95.11,87.87,95.82,95.24,96.37,88.90,91.97",32.88288152306262,0.7057415892299521,14.673988504717787,1
"3,3,3,3,3,1,3,2,0,1,0,3,1,1,1,2,2,2,1,3,3,2,3,1,2,2,2,2,1,1","90.33,93.74,89.93,95.49,93.23,88.31,91.17,95.42,92.22,90.32,92.02,92.73,90.36,87.05,89.73,93.30,85.20,92.51,92.37,97.16,91.00,93.85,90.90,94.02,89.75,92.42,92.11,95.18,93.64,91.72",38.40083967228532,0.6297969155809251,15.506576944873558,1
"3,0,2,2,1,2,3,3,3,2,0,2,1,1,3,1,2,0,0,0,2,0,3,3,2,2,1,1,2,0","94.48,97.13,94.59,95.48,97.09,95.46,98.09,97.08,97.03,97.62,98.16,93.92,96.09,97.34,94.71,94.81,97.53,95.53,97.52,98.01,96.68,93.18,94.34,97.28,94.70,92.69,96.94,99.67,100.00,97.17",60.22444875538711,0.8089827680013166,15.1779988594057,5
"3,3,3,1,1,2,1,1,1,2,3,2,2,2,3,2,2,2,2,2,3,2,3,1,3,1,2,2,2,2","99.15,100.00,97.91,98.87,97.25,98.17,98.20,97.79,98.90,97.43,97.81,96.78,99.17,98.01,96.80,98.72,98.34,99.51,97.04,97.82,97.10,97.88,98.11,96.82,97.83,96.53,96.55,97.30,97.39,97.04",61.68912662312468,0.9393412269897359,14.490489413147461,0
"3,2,3,1,2,2,3,2,3,3,1,2,3,2,2,1,2,1,2,1,2,2,3,1,2,1,2,2,1,2","89.77,89.49,92.63,90.00,88.07,93.19,89.89,87.80,84.29,86.07,77.77,86.60,82.95,79.01,82.47,91.60,88.32,86.02,85.06,89.22,89.75,89.60,84.78,89.86,91.16,89.19,83.46,86.51,93.20,86.04",46.013323426025046,0.7138424272467587,14.87085539250158,6
"1,2,1,1,2,1,0,2,0,1,1,1,0,0,1,2,1,2,1,2,0,3,2,1,2,1,2,3,2,0","95.16,95.25,93.43,98.10,95.09,94.22,95.69,93.25,93.54,94.24,94.38,95.13,97.52,93.96,94.68,97.47,93.34,97.71,96.70,96.45,95.43,93.94,94.47,95.75,95.43,92.58,95.19,94.54,96.46,95.84",71.29304417440606,0.8556586165835375,15.421202106053533,3
"2,3,2,2,3,3,1,1,2,2,1,2,2,2,2,3,1,1,1,2,1,2,1,1,3,3,1,1,2,2","86.92,92.21,86.78,86.37,93.10,90.06,95.96,85.22,85.92,90.58,88.36,86.75,91.86,82.43,78.95,90.77,83.74,90.14,85.89,92.73,91.38,88.82,84.07,86.74,87.54,89.31,88.27,93.26,87.54,87.96",39.51667454009672,0.6049910194416959,14.944402373631778,6
"0,0,0,1,0,0,0,1,0,0,0,1,0,1,1,0,0,1,0,0,0,0,0,1,1,0,0,1,0,0","95.98,95.39,97.88,98.27,97.06,97.14,97.07,96.95,96.12,98.13,97.10,97.45,99.07,97.66,97.84,98.08,96.41,95.34,95.91,97.75,98.52,97.59,95.10,95.96,98.73,97.53,95.99,96.15,98.07,97.50",63.34675927115392,0.9146496102437812,15.196977130980404,2
"1,2,0,1,3,1,1,3,2,3,2,1,2,3,2,2,1,0,2,2,2,1,1,1,2,1,0,1,1,0","98.47,98.15,93.87,95.91,96.44,92.99,100.00,97.18,94.10,98.12,98.00,97.24,96.59,96.01,95.46,100.00,97.70,97.69,95.85,95.27,94.00,96.58,93.41,96.32,95.34,98.80,99.85,98.15,95.62,96.63",49.59202731565462,0.6724543663657342,14.710183086432188,5
"2,3,3,2,2,2,1,2,2,3,1,3,1,2,2,2,2,2,1,3,2,2,2,3,1,3,3,2,2,2","96.80,98.85,97.13,98.96,97.69,99.22,97.14,96.55,98.50,98.70,97.83,97.41,98.48,97.56,97.04,98.60,97.87,99.97,97.84,97.84,97.52,98.32,96.43,97.87,98.61,99.11,97.00,96.85,97.10,96.96",75.41084771114494,0.8654992448454454,15.229374126507643,0
"3,2,2,2,2,2,3,2,2,2,2,1,2,1,2,1,2,1,2,2,2,2,2,1,1,2,2,2,3,2","98.47,96.96,98.82,97.22,98.17,95.90,98.85,98.02,98.41,97.88,96.83,99.81,98.07,99.44,96.64,97.44,98.29,98.42,96.98,99.10,97.87,96.95,98.11,97.60,99.19,97.07,98.78,96.82,97.10,97.20",74.62833333176343,0.9483366896939324,14.173158990507925,0
"3,1,3,2,3,3,1,2,1,1,1,1,1,3,2,0,2,2,1,1,3,1,2,2,2,2,3,1,1,1","93.01,89.68,88.95,96.01,91.45,98.02,95.23,89.94,93.18,92.08,91.54,92.27,97.11,86.53,95.50,90.59,92.15,93.34,92.58,91.58,92.30,87.17,89.04,92.46,98.64,92.26,96.25,96.85,90.90,85.94",62.77534102963338,1.2729941564496643,14.904117733374818,1
"2,2,2,0,2,3,0,1,2,2,0,2,2,3,0,2,1,2,3,2,2,1,2,0,1,3,3,3,1,3","96.95,97.95,94.57,96.19,99.20,97.09,96.08,99.93,95.67,98.21,95.14,94.75,94.74,94.13,95.08,95.46,98.65,98.06,95.53,94.97,97.68,95.53,98.50,100.00,94.60,98.02,94.26,98.76,93.59,97.05",60.101051685449335,0.6070816812806031,15.415341382477935,4
"2,1,1,2,3,1,1,1,2,0,1,3,0,1,1,1,2,3,1,2,2,1,2,2,2,1,1,2,1,2","93.01,93.25,90.78,91.00,94.07,99.24,94.66,92.30,85.80,92.88,93.97,90.41,92.40,94.58,89.51,100.00,96.80,93.43,90.82,92.31,90.44,89.42,88.07,92.75,94.25,92.81,96.30,88.31,89.89,89.70",49.41469283822794,0.7103568210935649,15.200992371438288,1
"2,2,2,2,2,3,3,2,2,2,3,2,2,2,1,2,2,2,1,2,3,1,2,1,1,1,2,1,2,2","99.07,98.65,98.05,97.16,98.60,98.18,98.49,99.31,97.68,97.25,97.71,99.55,97.27,99.40,97.11,98.75,97.50,98.22,97.55,98.45,99.56,99.82,98.14,97.76,98.80,99.51,98.51,97.77,99.19,98.15",84.39359576985395,0.6068610390390327,14.787738035334552,0
"1,2,2,3,2,3,2,3,2,2,2,2,2,1,1,1,2,3,2,2,1,2,2,3,1,2,3,3,1,2","94.61,89.08,87.16,87.09,86.94,89.07,80.40,84.09,85.20,80.71,81.83,85.99,88.95,79.41,85.32,87.13,84.65,88.49,87.44,87.08,87.96,85.71,97.36,87.66,94.10,88.21,82.35,84.08,89.93,96.17",42.7386113111848,0.6989751221256575,14.561995998744264,6
"2,3,2,3,2,2,2,3,1,2,2,2,2,2,3,2,2,1,2,1,2,2,1,3,2,2,2,2,2,2","86.52,84.98,87.88,91.46,95.07,82.85,83.56,93.39,91.47,91.23,89.82,95.64,85.21,87.71,85.15,87.89,79.54,81.58,94.11,91.47,88.50,91.26,85.40,87.22,89.29,86.23,86.22,95.94,88.06,92.99",43.77394749573996,0.7488028025302718,15.192391005896935,6
"3,1,2,3,1,2,3,1,3,2,1,2,3,3,3,3,2,3,1,2,3,1,2,2,2,2,1,2,2,3","97.75,98.20,97.73,98.31,98.00,96.51,98.12,98.64,96.74,97.42,98.46,98.81,98.57,97.63,98.09,98.75,97.48,99.06,97.95,98.32,98.34,97.62,99.13,97.69,97.27,97.58,98.68,97.15,97.50,96.55",72.7826887155061,0.7421595742493973,14.933767189036066,0
"0,0,0,0,0,1,1,0,0,1,1,0,0,1,0,0,0,1,0,0,1,1,0,0,1,1,1,1,0,1","97.37,98.35,96.13,97.04,97.75,95.73,95.62,95.36,96.74,98.58,97.79,95.40,97.28,98.28,97.99,97.67,96.52,96.68,96.96,97.23,96.04,98.08,96.82,96.17,96.78,96.39,96.93,96.91,96.69,95.49",60.01054192986353,0.8981425574820522,14.847344642977015,2
"3,2,1,2,3,3,3,2,2,2,1,3,2,2,3,3,2,3,2,2,1,2,2,2,2,2,1,2,2,2","98.34,98.59,98.50,97.62,98.19,96.88,97.87,97.66,98.34,97.18,97.78,98.72,98.91,98.93,98.99,97.42,97.70,97.71,98.12,98.04,99.32,97.06,98.04,97.65,98.12,97.98,95.89,98.55,97.88,97.31",67.11604227844697,0.805774634771013,14.900774184187757,0
"2,1,2,2,1,2,2,1,3,2,2,2,2,1,2,2,1,2,2,1,1,3,2,2,3,2,1,2,2,2","98.35,99.34,98.87,96.53,98.22,97.39,98.72,97.88,96.36,95.99,97.50,97.00,97.88,98.31,98.26,99.00,98.22,99.36,96.04,98.40,97.50,98.38,98.71,95.99,99.25,98.48,98.69,96.58,97.92,98.72",65.4121597698603,0.8468459754439016,14.990483285047079,0
"1,2,2,2,2,3,3,1,2,1,3,3,2,1,2,2,2,2,2,2,2,1,1,1,3,2,3,2,3,2","98.16,97.30,97.51,97.34,96.24,97.12,97.55,99.44,97.93,97.18,97.64,99.18,98.86,97.39,98.58,97.25,98.17,98.70,98.05,97.22,97.74,97.74,97.10,98.10,97.39,98.00,97.01,97.50,99.99,98.15",53.98900316820287,0.7225692769056761,14.969143432896582,0
"2,3,2,2,2,2,1,2,3,1,2,1,1,2,3,2,2,2,2,1,1,3,1,2,2,2,2,2,3,1","97.59,97.89,97.21,98.74,98.14,99.17,97.33,96.54,98.59,99.00,99.03,98.84,98.02,97.31,96.63,100.00,97.83,97.25,97.13,97.69,98.16,98.56,98.35,97.34,98.06,98.35,98.70,97.77,97.96,98.12",66.28404510721008,0.8442139850280822,15.365814361114863,0
"3,1,3,1,2,1,1,2,2,3,2,2,3,3,2,1,1,1,3,2,2,2,2,1,3,3,1,1,1,2","82.66,89.32,91.51,87.21,87.39,91.24,83.15,87.74,87.94,91.71,84.90,82.76,95.42,85.72,90.40,91.17,86.84,83.86,89.15,89.45,83.15,87.49,84.48,85.92,88.30,94.27,86.25,94.69,88.91,85.84",37.54519499450924,0.8040131025494531,15.424313439518404,6
"1,3,0,1,2,0,3,2,1,2,1,1,2,3,1,1,2,1,3,0,2,2,2,2,0,1,1,1,2,1","97.91,100.00,96.57,99.85,96.11,96.03,93.97,96.16,97.45,93.02,97.58,93.23,93.06,94.57,95.96,95.54,97.43,91.91,95.73,95.24,97.02,93.28,96.82,95.20,94.64,97.29,98.59,96.53,94.09,96.95",67.62320860248617,0.8000893412247044,15.299365031051371,5
"2,2,1,1,2,1,2,2,0,3,1,1,2,1,2,2,1,0,3,0,2,1,1,2,0,1,1,0,1,0","99.04,95.49,93.97,96.46,97.06,95.35,94.80,96.97,98.29,95.94,97.67,93.82,92.53,94.73,96.03,97.87,95.38,98.14,97.19,97.87,96.88,93.61,95.38,99.01,93.43,91.67,97.73,95.46,93.26,97.34",60.48742041265683,0.5906835843398489,15.164682089392178,3
"0,1,1,2,2,1,3,0,1,3,1,1,2,3,3,0,0,2,2,3,2,0,1,2,1,0,3,2,1,1","94.39,96.35,97.53,95.74,92.49,94.29,96.86,95.09,96.44,94.02,99.08,91.16,98.71,96.47,95.07,96.60,94.82,97.89,94.49,96.32,96.17,98.09,96.34,98.25,99.65,96.42,95.41,94.24,95.26,96.13",50.34577528906744,0.6614906389299687,15.507985352581887,7
"1,3,1,2,0,3,3,3,3,1,3,0,1,1,2,1,0,1,1,1,0,0,2,1,0,2,1,0,0,1","97.04,93.96,95.54,95.48,93.29,85.79,92.31,91.84,91.91,87.91,90.49,95.53,93.71,92.23,88.96,89.66,91.68,89.19,87.83,91.17,93.55,91.64,96.77,94.55,90.12,92.16,89.05,94.94,97.34,89.96",36.66773436120078,0.582087029199154,14.948313460457536,1
"3,2,2,3,3,1,3,3,1,3,2,2,1,2,1,2,2,1,3,2,3,2,2,2,2,2,2,2,2,2","97.24,97.73,97.98,97.67,98.12,98.44,98.13,97.86,96.45,97.89,97.38,97.05,98.66,98.72,96.79,98.39,96.70,98.37,98.73,98.80,99.70,98.72,98.47,97.19,98.57,96.96,97.31,98.27,97.74,97.98",59.54187827688285,0.793873906867388,14.693437134571328,0
"2,1,1,2,1,1,2,1,3,1,2,3,2,3,3,1,2,2,2,3,2,2,1,2,2,1,2,2,3,2","96.54,98.05,98.05,97.49,98.75,98.58,97.80,98.95,98.20,97.53,98.44,96.80,99.42,97.09,99.45,98.29,98.43,97.02,98.81,98.38,97.99,99.17,96.52,98.03,99.47,100.00,97.50,97.23,99.35,98.31",57.92807084481169,0.8679380885808275,15.184073854901206,0
"2,1,1,2,2,1,2,2,2,2,1,2,2,1,2,3,2,1,2,2,2,2,1,2,3,1,1,2,1,2","98.79,96.60,98.26,97.70,97.94,97.33,98.07,98.29,96.91,97.73,99.43,97.85,98.25,98.00,99.24,98.12,98.89,96.96,96.52,97.02,96.62,96.17,99.20,98.17,98.22,98.97,97.04,97.61,97.74,97.94",78.16287183689276,0.8704568589584577,15.363963975095219,0
"2,1,1,2,2,1,2,3,2,2,3,2,2,2,2,2,1,2,3,2,2,2,1,1,2,1,2,2,2,1","96.99,97.64,98.53,96.79,97.03,97.24,98.11,98.16,98.45,98.37,98.46,98.26,98.01,96.42,99.24,97.03,96.76,96.73,98.98,97.82,99.24,98.55,99.21,97.58,99.00,98.55,97.11,97.39,98.18,96.58",72.56056268985412,0.7899703563854971,15.344700440993162,0
"2,2,3,2,2,2,1,2,1,2,2,1,2,2,3,1,2,3,2,2,2,2,2,2,2,1,3,1,2,2","97.01,97.91,99.10,97.13,97.32,99.02,98.68,97.99,98.73,98.31,98.13,98.12,97.55,98.43,98.81,98.81,99.09,96.83,97.48,97.77,98.35,97.02,99.39,98.65,98.34,99.30,100.00,98.10,96.94,97.74",63.457329166030874,0.6863156692174904,14.2805376085869,0
"1,1,1,0,0,1,0,0,0,0,0,1,0,0,1,0,0,0,0,1,0,0,0,0,0,1,0,1,0,1","95.85,98.52,95.74,98.16,95.48,97.88,97.30,96.96,96.16,96.46,98.65,95.97,97.87,95.16,96.96,97.83,96.96,97.37,96.22,96.56,96.99,95.85,96.43,96.92,97.07,96.05,97.16,97.41,96.86,96.67",56.717756577180396,1.0112810171962756,14.617245848551878,2
"2,2,1,0,2,1,1,3,3,1,0,1,1,1,1,1,3,1,2,1,3,3,3,1,1,1,0,3,3,0","90.30,94.99,98.60,89.76,95.56,94.74,92.57,94.91,91.24,94.99,94.78,90.83,93.62,90.89,94.35,89.17,90.83,88.99,91.99,92.77,89.25,86.67,94.26,95.24,88.28,98.04,92.62,90.57,94.90,89.64",29.157076457151135,0.546824962945416,15.413813360180173,1
"0,1,0,0,1,1,1,0,1,0,0,1,0,0,0,1,1,1,1,1,1,0,1,0,0,0,0,0,1,0","97.43,95.54,98.27,97.16,96.07,97.72,96.73,99.12,95.34,97.86,96.77,97.69,96.14,95.17,96.75,97.28,96.53,96.88,97.87,97.67,95.30,97.09,96.55,98.22,95.68,99.97,95.46,96.63,97.18,97.62",55.67513706426575,0.9356350450146159,15.03380045179667,2
"2,2,1,3,2,2,2,3,3,2,2,2,3,2,2,1,1,1,1,2,2,2,1,2,1,2,3,2,2,2","98.77,96.85,97.93,98.30,98.00,97.37,97.27,97.57,99.27,95.47,96.99,96.73,97.83,98.59,98.85,98.10,97.60,98.54,97.18,97.97,97.77,98.22,97.84,98.53,98.50,98.74,97.37,97.82,97.89,98.54",78.80677500133157,0.7923886962585002,14.74940872662918,0
"1,2,1,2,2,2,0,1,0,0,1,1,2,3,3,2,2,1,1,1,1,2,3,2,3,1,1,2,2,2","97.33,96.75,98.39,94.73,92.73,98.37,94.16,92.00,95.83,95.88,97.66,96.63,93.89,91.97,91.24,96.48,96.94,93.18,96.23,96.17,96.53,97.03,99.34,97.50,97.58,95.19,96.95,93.37,95.35,96.07",84.57833601979068,0.8927103977714191,14.005919924679564,3
"2,2,2,1,3,2,2,2,2,1,1,2,2,2,2,2,3,2,3,3,2,2,1,2,3,1,2,2,3,2","99.08,98.68,97.11,97.46,98.80,98.42,97.19,99.54,97.62,98.42,98.39,97.87,97.02,98.09,98.70,97.58,96.87,97.99,97.08,97.60,98.79,98.05,98.34,97.64,96.84,96.15,98.35,99.36,98.59,98.66",55.52808952944358,1.0482293507664662,14.683531975148952,0
"3,2,2,2,2,2,1,2,2,2,2,2,3,2,2,2,3,2,2,2,1,3,1,2,3,2,1,2,2,2","96.90,98.95,99.57,98.07,98.32,98.17,97.20,97.89,97.93,98.55,97.72,98.24,97.94,98.60,97.82,99.48,96.87,97.80,97.10,97.47,96.85,97.84,98.33,97.54,97.25,98.30,97.40,97.75,97.91,99.05",76.43036828878732,0.8875410008711354,14.460651541432727,0
"3,1,2,0,1,2,1,1,2,2,3,0,2,1,2,3,3,1,1,3,1,2,1,3,3,1,1,1,1,2","96.64,94.76,96.11,96.49,94.69,99.55,94.71,95.32,97.00,96.01,93.47,95.16,96.15,97.16,96.61,99.78,97.69,98.00,95.11,97.14,93.98,94.65,97.13,91.87,95.38,95.41,95.11,99.63,97.83,96.43",42.51308131195555,0.7930786685388822,15.59365239565401,4
"0,0,1,0,0,0,0,0,1,1,0,0,1,0,1,0,0,1,1,0,1,0,1,0,0,0,1,0,0,0","99.89,97.00,96.70,97.02,97.23,98.37,96.72,96.94,97.29,96.54,96.52,98.43,98.72,97.54,96.81,96.65,97.19,95.63,98.76,96.23,97.88,96.78,97.29,96.79,95.66,96.83,97.78,96.04,96.12,98.51",67.75782449744187,0.8586171416161404,14.499844980618205,2
"3,2,1,3,2,2,2,2,1,1,1,2,3,1,1,1,2,2,3,2,3,1,2,1,2,2,2,2,2,2","97.42,98.06,99.44,98.32,98.65,97.76,97.46,97.95,99.06,96.80,98.23,98.56,97.46,97.89,98.78,97.77,99.39,98.27,98.57,98.54,98.38,98.40,97.84,98.43,96.45,99.31,97.73,98.91,98.96,98.68",67.90543500701806,0.775735260614882,14.482235938812108,0
"1,0,0,0,0,1,1,0,0,1,1,1,1,0,0,1,1,1,1,0,1,0,1,1,0,0,0,1,0,0","96.74,96.94,95.27,97.15,97.08,96.82,96.23,97.69,97.40,97.43,98.00,96.23,95.45,97.37,96.79,96.11,96.82,96.95,95.84,98.36,96.09,98.65,97.83,98.14,95.95,98.41,97.45,96.56,97.54,97.00",75.03363069745888,0.7393172821085986,15.034146887322843,2
"2,1,0,1,1,2,2,2,1,2,1,1,2,1,3,1,1,1,2,2,2,2,0,3,3,3,1,1,1,1","97.32,97.23,91.26,96.04,95.94,97.10,95.16,95.78,95.37,93.89,94.05,92.96,96.56,100.00,95.54,98.77,95.33,97.71,96.23,96.30,96.08,96.14,94.85,99.24,96.34,92.73,97.55,98.59,95.26,96.83",82.36963032345216,0.5530392306879285,14.599295902725634,3
"1,2,2,3,3,3,2,2,1,2,3,1,1,3,2,1,2,1,2,3,2,2,3,1,1,1,3,2,3,1","79.22,83.33,85.10,87.12,88.14,83.09,86.66,88.52,88.04,89.75,83.29,91.06,84.11,84.25,84.38,93.73,87.71,87.32,88.09,85.34,98.94,82.23,94.63,91.85,91.37,93.17,87.60,90.46,84.61,88.55",30.759391148440372,0.7526222503709377,15.096040995815619,6
"0,1,0,1,1,0,0,0,0,1,0,1,0,1,0,0,0,0,0,0,0,1,0,0,0,0,0,0,0,0","97.88,96.05,96.46,99.87,96.53,97.12,96.47,96.65,97.38,95.87,96.86,96.00,98.40,96.89,96.96,95.91,96.52,100.00,98.72,97.75,98.36,96.56,96.89,97.77,96.87,96.76,96.02,96.59,97.48,96.74",48.14280916531799,0.9031797332261673,15.190682461249871,2
"3,1,1,3,3,3,1,3,1,2,2,2,2,3,2,2,2,2,2,2,1,1,2,2,2,2,3,1,3,2","97.33,98.26,99.55,97.45,97.00,98.98,98.05,97.72,98.96,99.00,97.84,97.13,98.60,97.73,95.93,98.21,97.56,98.50,98.78,99.21,97.90,98.52,97.33,98.70,97.30,98.46,99.67,98.56,98.41,96.77",75.89226927063892,1.1058758917263296,14.657264621887693,0
"1,2,1,0,3,3,0,0,2,1,3,1,3,2,1,3,0,0,2,0,0,1,2,2,2,2,3,1,2,3","96.65,98.68,97.51,96.97,96.13,92.30,95.89,94.29,97.48,96.13,95.66,91.55,99.74,96.22,97.42,95.81,96.83,96.76,97.22,97.15,97.14,96.43,95.56,90.87,92.94,97.19,97.39,94.99,93.75,96.43",50.674439186788916,0.7909411825110936,14.992070443040395,4
"2,3,1,2,3,3,0,0,2,2,1,0,0,2,1,0,2,3,2,2,0,0,1,0,2,0,3,3,1,2","97.04,97.40,94.11,96.73,94.43,96.76,96.93,95.62,98.31,98.96,98.68,99.11,91.11,93.14,95.71,98.26,96.25,94.63,93.06,93.26,97.33,95.11,95.23,96.32,96.12,94.10,96.38,96.20,97.13,99.12",55.0063539259987,0.6149441941025015,15.227822782921425,4
"2,2,1,3,3,2,1,3,2,3,2,2,3,3,3,1,1,2,2,2,3,2,1,2,3,1,2,1,2,2","98.57,97.77,97.48,98.43,98.25,98.39,98.12,97.81,98.29,96.92,99.55,95.86,97.32,98.44,98.31,97.78,98.48,98.55,98.50,97.94,96.62,98.04,97.06,97.61,97.98,97.81,98.17,98.21,97.77,98.45",70.1933416435652,0.8578068118241386,15.316736564373837,0
"0,1,1,3,3,0,1,2,1,1,1,0,1,1,0,2,2,2,1,2,0,2,1,2,1,0,1,1,2,1","96.42,95.70,96.88,97.71,96.03,93.84,95.17,96.01,96.62,94.99,96.69,96.58,96.76,93.58,94.57,99.97,97.26,96.16,91.27,95.73,95.39,96.05,99.57,96.45,97.81,97.72,93.55,98.41,93.69,94.57",60.94441043363252,0.806256483802492,14.735660077856684,5
"1,3,0,1,1,1,1,3,1,2,2,3,1,1,1,2,1,1,1,1,1,1,1,1,1,1,2,2,2,2","91.43,92.51,89.21,91.36,87.21,96.45,92.21,87.03,87.63,88.81,92.50,91.85,91.40,93.04,94.52,92.77,90.36,95.79,94.58,94.93,91.71,93.06,95.89,90.17,97.91,93.10,93.29,89.09,91.06,91.79",54.661658124777176,0.9135561956303031,15.037594987542125,1
"1,3,0,0,2,2,0,2,1,1,0,0,2,0,1,1,3,2,1,0,3,0,0,3,3,1,1,1,1,3","99.70,97.05,97.49,94.33,97.85,98.47,98.76,97.11,98.16,94.86,97.03,97.37,93.57,95.99,94.95,95.15,98.07,92.34,98.99,94.94,98.08,90.47,97.72,95.50,93.45,95.65,95.41,93.99,97.60,97.54",78.3842661206478,0.6918317134646831,15.002577842636729,4
"1,2,3,2,2,2,2,2,2,2,3,2,2,1,2,1,2,3,1,1,2,2,3,2,2,2,2,2,3,2","98.97,97.79,97.54,97.43,97.46,97.49,96.96,97.78,97.05,98.21,98.38,97.83,99.20,98.40,98.57,96.97,97.81,96.72,98.24,98.10,98.15,96.91,98.14,97.78,99.61,98.05,99.26,97.20,98.50,97.42",75.75797105596187,1.0415548088687256,14.968643174459332,0
"2,2,3,2,3,1,1,2,2,3,2,2,1,3,1,2,1,3,2,3,2,3,2,3,2,1,3,3,2,3","99.22,98.13,97.99,98.31,99.13,97.91,98.03,97.65,97.93,98.07,98.55,96.94,97.08,97.24,98.54,97.81,98.63,99.52,99.26,97.94,96.49,98.09,99.65,97.74,97.13,98.65,99.32,98.87,98.56,96.71",68.86790194411975,0.811644051741422,15.348924311751725,0
"2,2,2,2,3,2,1,2,1,1,3,2,2,2,1,2,2,1,0,1,3,2,1,1,1,1,2,1,3,2","94.82,95.57,93.64,94.36,95.52,96.46,96.05,95.14,94.89,96.20,95.28,95.27,91.97,95.74,96.90,94.31,94.42,99.32,97.86,98.61,95.74,97.04,96.48,95.30,94.65,92.65,100.00,96.60,95.11,96.18",62.45853943308018,0.9542376834311722,14.827857511252908,7
"2,2,3,3,2,2,2,0,2,2,0,2,3,2,2,1,0,1,0,1,1,3,0,2,3,0,2,1,2,2","98.35,95.87,94.29,96.50,95.95,99.67,96.63,96.98,96.23,97.07,94.98,96.13,96.03,93.75,98.47,94.89,98.59,94.62,94.52,98.34,96.17,97.40,94.60,97.15,97.14,94.85,96.60,94.86,93.84,94.20",73.23828844381667,0.6468053701328628,15.076643521510988,3
"2,2,3,1,2,3,1,2,0,2,2,2,2,2,1,3,3,1,2,2,2,2,0,2,1,2,2,3,1,0","93.59,97.95,95.77,98.54,94.92,95.68,93.96,100.00,94.49,94.33,94.03,95.95,99.05,91.81,97.35,96.50,96.65,94.45,95.34,95.45,95.81,96.16,96.73,95.16,95.38,94.26,99.33,95.17,97.98,97.30",57.21990728048852,0.7522261583054703,15.311160788401063,4
"0,1,2,2,0,0,3,2,1,2,1,1,2,3,0,2,1,2,2,1,2,1,3,0,2,0,1,0,0,2","96.24,93.96,98.11,95.38,94.20,94.33,95.34,96.79,100.00,99.29,96.74,98.83,98.86,98.16,91.77,96.97,93.27,96.14,96.18,96.72,97.12,96.31,94.79,100.00,98.30,96.03,98.07,97.81,96.90,96.55",59.4937733096447,0.6499721204320702,15.654006951774736,3
"2,2,2,3,2,1,2,2,3,1,2,2,2,3,2,2,2,2,1,2,2,2,1,2,2,3,2,2,2,2","97.96,97.37,97.74,97.07,97.85,97.69,97.54,98.54,99.45,98.90,98.39,97.66,97.04,98.32,98.71,99.46,98.11,98.60,97.59,97.76,98.57,97.41,98.57,97.98,98.02,97.98,97.99,97.20,98.61,97.03",65.07396537945408,1.0544500298297312,14.809747744214649,0
"2,0,2,3,2,1,1,1,3,0,2,0,0,3,1,2,1,1,1,1,1,1,1,1,2,1,3,1,0,3","86.84,92.86,86.79,86.99,94.24,89.25,86.76,94.26,96.14,94.75,95.79,90.57,96.24,87.74,90.15,92.85,98.31,91.77,89.81,92.40,93.37,92.25,88.65,91.98,87.55,91.74,87.20,88.32,91.30,88.56",71.05641863137669,0.7720486909863751,15.14982922530235,1
"2,2,0,1,1,2,1,1,1,3,0,3,2,2,1,3,2,1,1,1,2,2,0,1,1,1,1,0,3,2","97.26,97.58,93.75,95.69,95.70,98.86,93.65,92.89,96.70,94.43,99.76,97.47,93.80,98.38,93.13,95.38,96.71,97.62,97.14,96.02,95.97,96.62,95.81,97.25,95.98,95.22,99.14,98.11,96.48,93.52",56.734119738849685,0.9522656820217101,14.458757994610938,5
"2,2,2,1,2,1,2,1,0,0,3,1,1,1,2,1,1,1,3,0,1,2,1,0,0,2,2,1,3,1","99.24,97.42,98.33,99.48,98.77,94.39,96.91,96.96,97.84,100.00,94.81,94.66,94.49,96.85,95.38,98.25,95.36,99.51,94.71,94.20,95.61,93.11,95.10,92.50,96.09,96.97,95.99,93.19,98.70,95.63",50.126600809773215,0.8826596825347244,15.34986812406411,3
"2,1,2,2,2,2,2,1,2,1,2,2,3,2,2,1,3,2,2,2,2,1,3,2,2,2,2,2,3,2","98.31,97.57,97.82,99.66,97.91,99.19,98.67,97.01,97.68,97.38,98.59,96.76,97.78,98.01,98.37,98.52,98.28,97.17,98.19,98.01,97.36,98.83,98.47,97.67,99.29,99.05,97.48,97.72,98.08,98.73",60.90856397642208,0.8792616437726415,14.767261424195533,0
"2,2,3,1,1,2,3,2,2,2,2,3,3,1,2,1,2,2,1,3,2,1,2,2,2,2,2,3,2,2","98.56,98.81,98.35,98.21,97.18,97.04,98.32,98.27,97.62,98.79,99.37,97.26,97.42,97.08,98.62,96.92,97.85,97.08,98.40,98.74,98.00,98.09,98.60,98.24,98.10,98.92,97.68,97.79,97.98,97.64",76.71948728104631,0.9620100099498151,14.665795920859912,0
"2,2,1,2,2,3,2,1,2,2,3,2,2,2,2,2,3,1,2,3,1,2,2,2,1,3,1,2,2,1","98.95,98.00,99.31,98.22,97.71,97.89,97.83,97.47,98.60,98.55,98.43,97.82,98.31,97.34,97.07,98.67,98.55,98.09,98.13,99.03,97.97,98.72,98.58,98.78,99.51,98.12,97.42,98.95,97.57,98.17",53.01823196505988,0.7745084694509273,14.84735977188176,0
"3,3,1,2,2,1,2,3,1,2,2,2,2,3,1,2,3,2,2,2,2,2,3,2,1,1,3,2,1,1","89.79,88.25,89.62,89.25,92.99,95.63,80.53,87.24,86.44,81.27,86.77,82.89,90.17,84.51,81.44,81.71,90.58,84.18,85.89,89.13,90.39,86.67,83.94,93.58,84.11,82.96,94.80,87.66,87.24,87.16",12.779842807167505,1.1137164256686332,15.152559825884783,6
"2,2,2,3,1,0,1,3,3,1,1,1,2,3,3,3,0,2,2,1,1,2,0,3,2,1,2,1,2,1","94.52,90.34,95.01,90.53,93.66,92.81,94.22,92.61,92.93,96.56,93.54,88.83,85.12,96.09,91.22,91.77,88.46,92.01,93.92,94.81,94.81,91.87,93.70,91.64,96.54,90.24,90.92,91.15,92.78,93.24",81.41726075433482,0.7366937914327302,14.86321475736344,1
"2,2,2,2,3,1,2,1,2,2,2,2,2,2,2,2,1,2,2,2,2,1,1,1,2,2,2,2,2,1","98.94,97.50,97.38,98.53,98.57,97.08,99.07,97.97,99.14,97.70,97.79,97.69,98.17,97.58,98.01,98.11,97.43,100.00,97.32,97.36,99.49,98.08,98.45,95.41,97.40,97.94,98.28,98.40,97.48,97.49",78.82346660361208,0.8039442104519485,15.289114835207847,0
"1,2,3,0,1,1,1,1,3,2,1,2,1,3,3,2,1,2,3,2,3,3,1,3,1,3,1,1,2,0","92.52,91.53,95.13,92.33,91.13,91.78,91.68,90.10,88.92,94.81,85.10,90.84,88.82,94.46,95.18,93.21,90.28,90.79,91.82,90.65,89.07,91.93,92.42,92.61,95.54,95.15,93.28,93.09,94.08,92.37",42.37588585967329,0.8511462509635633,15.190580658478428,1
"2,1,2,2,1,2,3,2,2,2,3,3,2,2,1,3,2,2,3,2,2,1,2,1,2,3,2,2,2,3","98.96,97.40,96.67,97.94,99.13,97.13,98.25,98.63,97.46,97.99,98.17,97.42,98.14,97.73,98.87,97.76,97.75,97.36,96.63,97.03,97.37,97.63,98.42,97.59,99.79,99.08,95.96,99.02,98.61,97.02",81.74612822829658,0.7709021601112162,15.044885218838049,0
"2,1,0,3,2,1,2,0,2,1,3,1,3,2,1,3,2,2,1,1,0,2,2,0,1,2,1,1,2,2","87.76,90.70,92.61,84.34,93.24,94.19,95.86,93.18,98.66,90.36,90.81,88.57,92.62,94.00,88.44,95.30,89.51,91.65,90.90,91.67,90.54,88.30,93.07,95.06,93.33,85.12,89.61,92.10,93.30,89.73",50.06813390029144,0.7623932937067472,15.09533915721592,1
"1,3,2,2,1,2,2,2,2,3,2,3,1,1,1,2,1,2,2,2,1,2,2,1,2,1,2,1,1,3","98.65,97.18,98.76,98.16,97.35,97.46,99.81,97.53,97.74,97.77,98.66,97.44,97.50,96.56,98.12,97.61,98.42,98.71,97.63,98.75,96.85,98.67,99.15,97.07,97.25,97.84,97.33,98.85,99.03,98.94",73.60854097969276,0.9127492252582398,14.18270597376698,0
"0,2,0,3,1,2,2,2,1,3,0,3,1,1,3,0,1,2,1,2,0,2,1,2,2,1,1,2,1,0","99.41,94.17,96.97,97.19,96.21,98.64,94.42,98.42,99.22,96.64,95.62,96.60,94.75,97.33,95.51,96.57,95.01,97.50,92.04,96.79,93.75,94.22,96.14,98.78,94.19,92.35,94.14,97.12,96.98,98.13",52.39092360616451,0.6341685235499583,15.267131955750576,5
"2,2,3,1,2,0,1,3,2,1,1,2,1,3,1,1,1,0,0,1,2,3,1,1,1,3,1,2,2,2","92.06,83.34,90.18,86.83,90.79,91.85,86.94,91.00,90.88,91.95,93.38,91.78,90.62,92.44,86.79,96.99,96.34,92.27,93.80,90.66,95.22,92.45,96.75,91.04,96.61,93.87,87.95,87.31,94.92,90.20",37.08399716492716,0.6568244210871012,15.596334059076845,1
"2,2,3,2,2,3,2,2,2,3,2,1,2,1,1,2,2,2,1,2,2,2,2,2,3,1,1,3,1,2","97.38,98.12,98.40,98.04,98.61,97.55,98.13,98.60,98.17,97.17,98.52,97.91,98.57,98.61,99.04,98.20,97.95,97.44,97.75,97.75,99.03,98.38,96.66,96.50,98.05,97.92,97.89,98.01,98.00,98.06",61.27936873200803,0.7755240242888114,15.314556548080722,0
"1,1,2,1,3,2,2,3,3,3,2,1,1,3,1,1,3,2,2,2,2,1,2,2,2,2,1,1,1,2","85.30,91.06,90.04,85.69,84.21,93.47,86.53,91.35,92.77,87.91,86.06,84.57,88.13,84.90,83.41,88.17,85.50,88.77,83.24,86.05,88.97,86.52,91.63,84.99,83.32,90.57,83.48,80.65,88.18,90.87",20.189480582321668,0.8638421356877664,14.359676145765418,6
"1,1,2,2,3,2,2,1,2,2,1,1,2,2,1,2,2,2,3,1,2,2,1,3,3,3,3,2,2,2","99.16,98.11,97.94,96.98,98.31,98.05,97.67,96.89,97.33,98.79,98.59,97.92,100.00,97.70,98.06,99.80,97.57,97.29,97.41,98.52,99.12,97.21,98.21,97.17,97.14,97.60,99.55,97.23,97.32,100.00",62.09957266004376,0.8112212531608961,15.360338173356359,0
"1,2,3,1,2,1,2,1,2,2,1,3,2,1,1,2,1,2,2,2,1,1,1,1,3,2,1,2,1,1","92.43,92.84,79.94,85.37,80.89,86.47,84.97,89.83,84.42,84.80,91.05,91.02,89.60,95.18,89.27,91.99,85.15,84.53,94.30,82.13,87.26,89.46,83.19,87.61,93.99,82.00,87.97,84.80,84.47,87.25",27.931350789781963,0.7122394508151889,15.579477515587682,6
"2,2,3,2,1,2,2,2,3,2,3,1,1,1,2,2,2,1,1,2,1,2,2,2,2,2,1,2,3,2","97.66,99.48,98.41,98.62,97.94,99.04,97.87,97.06,96.22,97.67,96.01,96.69,97.46,98.53,97.91,96.79,97.79,99.66,97.13,98.93,98.29,98.67,98.05,97.68,97.62,96.84,98.47,97.38,97.90,99.74",58.764144571716365,0.8506951828748086,14.431516106573504,0
"1,1,1,1,2,1,2,1,2,2,3,2,1,2,0,1,3,1,1,1,1,1,3,0,2,0,2,3,2,1","98.25,94.23,95.86,97.88,94.35,96.67,95.18,95.75,100.00,93.85,98.28,94.21,93.67,96.00,94.68,93.46,97.26,98.02,92.37,97.39,96.02,99.39,97.85,96.50,95.90,97.16,96.90,93.80,100.00,95.64",54.15215256615586,0.9771007352202495,15.043123093436243,3
"3,2,3,1,0,1,3,0,2,2,1,2,2,2,1,2,2,2,1,1,2,3,2,1,3,1,0,2,3,1","90.42,90.16,97.34,89.57,93.50,94.75,87.38,88.51,90.76,90.19,92.50,88.91,97.77,94.05,91.90,97.95,97.52,90.22,85.11,93.94,90.73,96.26,91.70,94.10,86.93,92.57,91.23,91.07,95.43,86.04",55.88530535875313,0.5457510988738147,15.098950103717929,1
"1,2,3,2,2,1,2,0,3,2,3,1,1,3,2,2,1,2,1,1,2,1,0,2,2,2,1,1,3,2","93.78,88.99,92.90,92.92,94.10,87.57,99.72,90.02,91.58,89.61,96.76,89.87,93.23,94.63,88.24,85.71,92.49,93.16,89.17,92.94,94.32,99.06,86.87,88.90,92.03,94.69,95.16,90.94,91.58,92.84",65.78236051957157,0.8450093073884435,14.403724619950607,1
"2,1,2,1,3,2,2,2,1,2,2,2,2,3,3,3,1,1,2,1,2,2,1,2,2,1,2,2,2,3","99.49,98.34,99.94,99.08,97.78,98.03,97.73,98.98,96.71,97.46,98.10,97.31,97.65,98.00,97.09,97.08,98.20,99.98,96.80,96.93,99.26,97.48,97.99,98.98,96.93,99.06,98.82,96.85,97.05,97.39",64.5096885574732,0.603386146034119,14.892363889542626,0
"2,2,2,2,3,1,1,2,2,2,3,2,1,2,1,3,1,1,2,2,1,2,2,2,2,2,2,2,2,3","97.37,98.02,98.03,97.97,99.26,98.58,97.32,98.04,97.71,99.18,96.85,96.76,96.97,98.66,97.57,97.65,97.19,97.76,97.23,96.74,98.95,97.13,98.69,98.77,98.55,96.80,97.87,98.25,98.15,97.41",71.72612244864153,0.6741564292223725,14.872369211670916,0
"2,1,2,2,3,2,3,2,2,3,2,2,2,2,2,2,1,1,1,2,2,3,3,2,2,2,1,2,2,2","98.32,98.58,97.36,98.77,97.41,98.27,98.41,97.36,98.99,97.58,98.59,97.74,97.35,97.56,96.92,97.15,98.15,97.43,99.59,97.11,98.16,97.13,97.80,99.44,96.84,98.48,97.10,97.77,98.24,97.70",59.539125166396026,0.8776370573462446,15.026067578394407,0
"3,2,1,1,2,1,1,1,2,1,3,3,2,3,2,1,3,1,1,2,2,1,2,2,3,1,2,1,3,3","87.66,90.34,92.23,84.75,78.58,88.90,87.54,85.65,88.84,92.90,89.09,85.96,83.45,91.22,81.40,89.99,83.38,92.56,86.59,88.91,83.73,91.17,82.52,83.35,85.91,89.20,86.12,89.30,93.72,88.23",40.28931533253105,0.5697769219813992,15.274464748690383,6
"0,0,1,0,0,0,1,1,0,1,1,0,0,0,0,1,1,1,0,1,0,0,0,1,1,0,0,0,1,0","97.39,96.86,97.19,98.23,98.13,96.45,98.90,96.88,95.89,95.48,98.87,95.48,97.32,97.72,96.54,95.64,98.72,95.52,96.38,95.63,97.05,97.37,97.43,96.91,96.13,94.54,98.67,96.66,97.31,96.66",38.887691128042235,0.6212070381035374,15.51162634914196,2
"2,1,2,1,0,2,3,1,1,0,1,1,1,3,1,1,1,2,1,3,2,1,1,1,2,1,2,3,2,3","94.83,93.32,88.12,95.77,87.44,91.44,93.20,92.81,94.63,92.18,91.19,90.99,90.41,94.73,87.72,90.42,92.61,96.28,90.28,94.28,91.73,91.47,91.88,93.72,86.68,94.05,90.50,89.33,89.21,97.23",29.890239619040614,0.94575685631168,15.24503351222514,1
"0,0,0,0,0,0,0,1,1,0,0,0,0,0,1,0,0,0,1,0,0,1,0,0,0,1,1,0,0,1","95.31,97.94,96.68,97.81,96.65,97.43,98.01,97.04,96.67,98.27,97.73,96.17,97.52,95.13,96.17,97.95,96.65,96.53,96.81,97.17,96.79,98.14,95.25,95.95,98.09,97.19,97.17,98.18,96.60,96.38",57.62148801488457,0.7533693450402893,14.609915121197583,2
"2,2,1,2,3,2,2,2,3,1,2,2,2,2,2,2,2,3,2,3,2,1,2,2,2,2,2,2,2,2","97.27,97.55,97.96,98.34,97.95,98.03,98.16,99.36,98.48,98.02,97.06,98.08,99.29,99.02,98.47,98.13,97.30,97.87,98.01,97.38,97.79,97.02,97.24,98.27,96.49,98.21,97.62,97.08,98.75,96.97",74.34224950487052,0.878038250084556,15.546126503908344,0
"1,2,1,2,2,2,2,2,3,2,2,2,2,2,1,2,2,2,3,1,2,2,2,3,2,2,3,2,2,1","98.74,97.64,97.83,98.12,97.37,98.69,96.83,97.34,98.82,97.58,97.88,98.24,98.95,97.16,97.68,96.50,96.77,98.61,98.26,97.65,99.54,98.35,99.26,97.11,99.14,99.36,96.61,97.97,96.51,98.12",53.174110233332854,1.0114069863340556,14.774910190568866,0
"0,2,1,0,1,3,2,1,3,3,3,1,2,1,1,2,3,2,1,1,2,3,0,1,2,1,2,1,2,2","96.74,92.55,92.63,89.86,89.37,93.37,92.65,91.48,89.25,90.80,95.71,90.29,92.44,96.51,91.68,88.36,93.20,96.29,89.13,92.76,91.02,91.00,90.34,91.97,92.83,91.17,97.16,91.12,94.02,83.52",56.54269514528691,0.8689464630690442,14.644871348921477,1
"1,1,0,2,1,2,2,1,0,1,1,2,0,2,2,2,3,3,1,1,2,3,2,0,2,0,1,2,1,1","97.66,93.89,97.38,96.05,93.35,95.60,96.81,95.74,95.09,94.25,99.13,94.29,97.53,95.39,92.98,96.15,95.44,97.47,97.99,98.73,95.72,99.38,96.98,96.21,97.77,91.21,97.93,94.49,97.48,95.54",71.24602733810265,0.5476704227693345,14.884208059141407,5
"0,0,1,0,0,0,1,0,0,1,0,1,0,0,0,0,0,1,0,1,1,0,0,0,0,0,0,1,1,0","97.48,95.88,99.37,97.68,97.61,98.04,98.33,96.62,97.00,96.76,98.07,96.97,97.45,94.64,95.26,96.69,95.99,98.03,96.95,97.26,96.75,98.07,96.28,96.45,97.75,97.88,96.62,95.63,97.16,98.03",66.19422421052528,0.6538893703856558,14.725403541312419,2
"3,2,3,1,1,1,2,3,2,1,3,2,2,2,2,2,2,3,2,3,2,3,1,2,2,2,1,2,2,3","98.53,98.72,100.00,99.57,98.18,97.87,98.54,97.37,98.37,97.44,99.13,97.08,97.79,98.50,97.61,98.90,97.23,97.71,99.52,96.80,96.83,97.04,97.01,98.54,97.53,97.89,98.42,97.12,98.29,99.29",63.4346310929195,0.7234490620354003,14.835478346919151,0
"2,2,1,0,1,2,3,2,1,3,2,3,0,3,2,1,1,1,1,0,3,2,2,2,2,3,2,1,2,2","97.75,95.70,97.82,95.05,96.63,97.43,94.94,93.68,98.10,95.85,98.55,96.47,93.30,96.85,96.21,94.94,98.33,94.03,94.90,93.36,95.22,97.40,98.87,100.00,94.44,94.21,94.72,95.79,96.63,95.20",52.99066568594387,0.6277759351674125,15.155748254757933,7
"2,0,2,2,2,1,0,3,1,3,1,2,2,2,1,2,1,2,0,0,2,1,1,2,2,2,2,1,3,3","91.24,93.14,97.06,98.72,94.66,97.73,96.43,94.97,93.59,96.16,97.59,97.08,100.00,96.33,96.15,95.15,92.88,96.67,95.74,96.59,97.12,92.05,98.95,96.58,96.57,97.58,93.29,95.04,97.04,96.66",61.312212133151206,0.6500420411830267,14.85253134994526,5
"2,2,1,2,2,2,2,3,2,3,3,2,2,2,2,3,2,2,3,3,2,1,2,2,2,2,2,2,1,2","97.96,98.27,96.58,97.89,99.24,97.53,97.38,97.65,97.98,98.99,98.10,98.01,97.40,98.96,97.37,97.98,96.13,98.83,98.31,97.57,97.94,98.59,99.47,98.57,97.22,97.70,95.99,99.14,97.14,97.39",76.52457911252199,0.7119697134195113,15.080246347509307,0
"2,1,2,3,3,2,0,2,2,1,1,3,2,3,2,0,1,2,2,1,0,1,0,1,0,1,2,1,0,2","98.02,99.93,97.42,93.51,99.71,94.35,99.12,99.27,92.45,96.20,96.18,96.07,95.87,95.29,94.67,91.85,94.90,100.00,97.59,99.45,94.67,100.00,93.45,97.18,92.35,97.18,98.70,95.77,99.03,99.62",54.920985699007176,0.6473354068095037,15.090630634641688,7
"1,0,2,0,1,3,0,1,1,1,1,3,0,1,2,1,2,2,2,2,2,2,2,2,2,2,1,0,0,2","96.49,94.80,95.68,92.70,94.38,97.53,96.67,98.02,96.54,97.39,95.82,94.38,97.96,93.29,95.89,91.63,100.00,95.99,99.19,96.70,93.59,96.78,95.40,94.29,100.00,96.15,95.42,98.16,92.17,96.46",51.685646421414106,0.7351001209007324,15.116087331749503,7
"2,1,2,1,1,2,0,2,3,3,1,2,2,3,1,1,3,1,2,1,0,1,2,2,0,1,1,0,2,1","91.08,91.08,92.60,92.99,90.84,93.86,89.66,90.08,88.39,93.42,90.84,96.40,86.22,92.90,96.69,95.14,92.97,97.90,91.58,95.90,91.88,91.37,96.60,90.77,90.42,95.93,90.22,92.55,91.60,92.78",28.94305818211362,1.0651452764273168,15.696307068526592,1
"2,0,3,2,2,1,3,3,1,1,3,1,3,1,2,2,3,2,1,1,1,2,2,3,2,3,2,1,1,2","96.93,94.39,94.74,97.78,96.96,98.87,95.13,97.05,94.79,94.61,93.66,94.14,96.13,98.38,94.26,95.59,100.00,100.00,95.87,96.70,98.86,99.47,100.00,95.20,96.38,98.19,98.23,96.87,96.37,93.98",58.643775633256475,0.998388386545063,14.91462762426079,3
"1,2,1,3,1,1,2,2,1,1,1,1,2,1,2,1,2,1,1,3,2,3,2,1,1,1,2,3,0,2","92.77,94.35,87.59,88.53,95.80,88.16,91.01,91.51,90.01,91.86,94.45,93.01,94.13,85.02,91.90,97.30,91.24,90.24,94.12,89.61,93.61,93.90,88.23,91.32,89.92,90.00,95.43,91.95,98.25,90.04",73.45304248968594,0.8665228078613002,14.978255959663064,1
"3,2,1,2,1,3,3,3,2,2,2,3,2,2,2,2,3,3,2,2,2,2,1,2,2,2,2,2,2,2","98.50,97.37,97.22,97.08,97.71,98.69,98.21,99.26,97.60,99.36,97.41,98.29,98.22,97.50,97.48,98.57,97.95,98.16,98.69,95.74,97.81,98.68,99.16,98.28,98.74,98.19,99.32,97.09,99.09,97.18",77.26161613492881,0.8528595023029166,15.136877655935486,0
"1,2,2,2,3,2,2,3,2,2,1,2,2,1,1,3,2,3,2,3,3,2,2,3,2,1,1,2,2,2","98.70,98.71,98.34,97.74,98.04,97.45,97.76,97.75,96.91,96.85,97.51,96.49,98.47,98.40,97.61,97.06,97.35,97.49,98.20,96.89,98.94,98.04,98.28,98.32,97.07,97.71,98.40,96.71,97.09,97.63",81.91569106963391,0.7692795276338981,15.364438883996026,0
"2,2,3,3,1,2,2,1,2,2,2,2,1,2,3,2,2,1,3,2,1,3,3,1,3,2,2,2,2,1","98.10,99.04,98.74,98.14,97.54,96.85,98.39,98.15,96.97,98.13,98.62,99.67,99.32,97.96,97.07,99.00,95.85,98.74,96.89,98.96,98.09,98.80,98.54,96.20,97.74,96.71,98.38,97.96,97.27,99.13",68.25201171829616,0.8479709339612422,15.212315681142359,0
"2,3,2,2,3,2,2,1,2,2,1,2,3,2,2,2,2,1,1,2,2,2,2,3,1,2,2,2,2,3","98.01,98.65,97.91,98.11,98.49,99.13,97.12,98.23,97.16,96.87,97.93,98.51,98.53,98.56,97.93,98.59,98.68,98.35,97.58,99.06,97.99,98.66,99.14,97.96,98.92,97.95,97.81,97.88,98.52,96.96",78.40137489644304,0.7555135828688428,15.50134960271718,0
"2,3,1,1,1,1,1,2,3,1,1,2,3,2,2,2,1,2,1,1,2,1,2,0,2,1,1,1,1,2","91.15,92.31,94.87,92.82,85.76,86.06,96.92,93.42,88.03,94.82,92.89,92.79,92.11,90.56,89.19,89.90,93.09,90.78,92.74,88.58,88.76,93.98,91.44,90.49,88.20,87.49,90.23,90.16,93.19,96.76",23.537334518220838,0.6533171685474717,15.413425125141876,1
"2,3,3,1,1,2,2,2,3,2,3,1,1,2,2,1,2,2,2,3,2,2,2,2,1,2,3,2,2,2","98.67,99.13,97.57,97.73,98.43,98.51,99.31,98.96,96.92,98.19,97.66,97.77,97.96,97.22,98.50,97.85,98.01,97.82,98.34,96.93,98.15,98.62,98.52,98.03,99.28,98.72,97.31,98.28,98.05,98.99",76.70043950811417,0.7069642823585002,14.518708810408993,0
"2,1,1,3,0,1,0,3,3,2,0,2,1,2,1,1,2,2,0,0,2,2,2,0,2,1,3,2,2,0","97.27,96.04,98.10,93.74,91.77,96.62,96.07,97.73,96.16,98.08,99.44,94.52,97.04,96.83,95.75,97.28,94.60,98.28,96.41,100.00,96.68,96.51,96.53,98.47,97.75,97.48,97.27,97.15,97.19,97.57",63.25560549532414,0.8266873233292572,14.35527605753855,7
"2,3,3,2,2,2,3,2,2,2,3,2,2,3,2,2,2,3,1,2,2,2,1,2,2,1,2,2,2,2","99.14,98.23,98.59,97.59,97.32,97.62,98.88,97.34,98.42,97.81,98.55,99.59,97.50,98.18,97.60,98.44,97.18,99.16,98.20,97.29,97.70,98.11,96.46,99.06,99.14,98.46,98.44,97.64,98.71,97.22",70.32323877388023,0.8406161145474654,15.495632196971451,0
"1,1,1,1,0,1,0,0,1,0,0,0,0,1,1,0,1,0,0,0,0,1,0,0,0,1,0,0,0,0","95.34,96.83,95.39,96.79,97.17,99.16,96.21,96.42,99.05,97.06,97.10,96.74,96.42,95.88,95.99,98.09,96.62,97.78,97.63,97.84,97.99,98.04,97.38,97.09,99.52,98.26,96.15,97.38,98.94,98.52",55.87205620896415,0.6987886031647883,14.947032937330091,2
"2,2,2,3,3,3,2,1,1,1,0,1,0,1,2,1,1,2,2,1,1,1,2,3,3,2,1,2,3,1","95.28,84.26,92.88,92.06,89.57,92.22,96.07,87.99,91.07,90.10,92.97,98.76,91.48,92.45,92.08,91.32,91.91,88.23,92.37,96.58,92.14,90.75,93.63,93.30,87.54,92.98,91.98,90.59,88.05,92.15",41.13235961932587,0.9397246633067102,14.941313168410918,1
"1,1,2,1,0,1,1,1,0,3,1,1,2,1,2,1,0,1,1,2,2,1,1,0,1,2,2,1,2,2","94.39,97.00,87.56,92.58,95.45,92.13,90.01,94.90,91.53,92.17,96.10,90.66,92.25,94.58,87.74,92.92,92.74,96.06,90.38,89.33,92.12,86.17,94.59,90.24,89.29,88.66,90.17,91.85,95.25,93.53",47.52844366994233,0.6207764443841807,15.213231046923111,1
"3,2,1,2,2,2,1,2,3,1,1,1,0,2,3,2,3,1,1,1,1,1,3,1,1,1,0,1,1,3","94.67,87.01,92.79,92.91,94.09,100.00,95.38,90.46,95.86,88.44,93.98,91.79,93.47,94.07,93.66,96.79,90.03,90.39,89.37,97.06,92.99,87.92,93.27,91.75,91.12,89.92,95.03,88.76,89.27,95.60",75.15023757713763,0.9798561099827974,15.135421538596148,1
"2,1,1,1,2,1,3,1,1,1,2,2,0,3,0,2,3,3,0,2,3,1,1,2,1,1,2,2,2,2","96.38,97.99,98.94,95.88,92.92,97.49,98.72,94.27,93.41,92.00,94.02,96.79,94.35,95.65,96.30,95.29,92.25,95.00,95.09,96.90,96.54,97.92,96.49,98.10,94.06,95.61,93.89,96.05,95.51,95.45",54.72045034494722,0.6639589994215442,15.065627684316711,5
"1,2,3,3,2,2,2,2,2,2,2,2,2,3,3,3,2,2,2,1,1,3,2,3,3,3,2,2,2,2","98.82,98.71,98.09,97.92,98.41,97.05,97.66,97.14,96.81,99.56,98.33,99.68,98.64,96.95,97.39,97.78,98.13,98.83,97.61,98.55,97.99,98.93,96.82,97.51,99.59,97.23,98.93,97.52,98.76,98.66",89.0790008251532,0.8599972102275105,15.474509700104244,0
"2,2,2,1,2,2,2,2,1,3,1,2,3,3,2,1,2,2,2,3,2,2,3,2,2,3,2,1,2,1","98.56,99.75,97.93,98.60,98.89,97.44,97.61,98.69,97.70,97.11,97.19,99.12,98.70,97.01,97.96,97.90,98.27,95.92,97.19,98.30,97.50,96.75,98.13,98.22,99.27,99.65,98.97,96.38,96.76,98.84",78.77888024174503,1.0753272089374448,14.599211572887011,0
"1,1,2,2,1,3,3,3,1,3,2,3,2,2,2,2,3,2,2,2,1,2,1,1,2,1,1,2,2,1","88.74,92.56,88.75,83.04,91.92,89.05,90.74,92.24,87.22,88.12,90.27,83.52,91.56,85.62,95.13,88.41,89.45,90.10,84.31,86.63,85.88,85.28,92.37,94.26,97.89,83.55,82.97,86.47,92.97,81.91",43.23824718986145,0.7849834039638298,14.410554265541158,6
"1,2,1,3,3,1,0,1,1,1,1,0,0,2,1,1,1,2,0,2,2,0,3,0,2,3,1,2,1,2","93.91,94.30,92.06,96.69,94.53,92.95,98.30,92.51,97.81,99.65,96.33,95.19,94.08,98.81,96.50,97.39,100.00,94.31,96.04,95.96,96.56,93.93,91.91,98.56,100.00,94.92,94.24,98.15,95.43,95.41",52.977482890522154,0.590421577470989,14.552405553050006,5
"2,3,2,1,2,2,2,3,2,2,2,2,2,1,2,2,2,1,2,3,2,2,2,2,3,1,1,1,1,1","97.33,98.22,98.38,97.92,99.19,99.33,97.67,96.70,98.50,98.58,98.08,98.09,97.54,97.86,97.99,98.50,98.46,97.53,98.00,98.51,98.36,97.15,95.98,98.31,98.34,98.22,99.06,97.29,97.49,100.00",62.16666378290574,1.059494180886761,15.10369659681508,0
"1,1,1,0,0,0,1,1,1,1,1,1,0,0,0,1,0,1,1,0,1,0,0,1,0,1,0,0,1,0","97.86,97.98,98.13,98.18,96.95,97.45,96.79,95.85,97.67,97.02,97.73,97.75,97.06,97.07,97.46,96.71,95.44,97.43,96.27,95.88,97.99,97.47,97.23,98.28,97.59,96.93,97.38,97.96,96.23,96.86",46.97529764457775,0.8382064676482756,14.300046151060887,2
"2,3,1,2,2,1,2,1,2,2,1,3,2,2,2,1,1,2,2,2,2,1,3,3,2,2,1,2,1,2","97.25,97.55,97.01,98.32,97.12,98.89,98.21,98.40,98.24,98.94,97.95,98.27,98.13,97.36,98.59,98.75,97.82,96.99,97.37,96.96,98.17,98.70,98.78,98.29,97.27,98.21,99.35,97.92,98.63,99.52",69.21074350294685,0.6363454933247219,14.810538399107285,0
"3,2,2,3,2,2,1,3,2,2,3,3,2,3,3,1,2,2,2,1,2,1,2,3,2,2,2,2,2,3","98.66,99.22,97.55,98.65,97.92,98.13,97.86,98.46,97.94,99.31,97.63,96.61,99.36,97.17,97.63,98.16,98.56,98.29,97.19,98.48,98.15,96.88,98.41,98.68,97.27,98.17,97.79,97.98,98.76,97.54",73.728122238081,0.9891882460835509,14.888681645025962,0
"2,1,1,2,0,1,2,2,3,1,2,3,0,2,2,2,3,2,2,0,3,3,2,1,0,3,2,1,2,1","96.62,95.76,95.29,99.62,93.91,98.26,94.52,97.59,100.00,96.50,93.58,93.88,94.13,96.19,95.69,96.69,94.87,92.89,95.89,95.53,98.41,95.47,97.57,95.51,97.95,95.78,93.47,93.92,100.00,99.32",63.27617194872392,0.6231905318115399,14.720557314682313,5
"0,3,2,0,1,2,1,1,2,2,2,2,2,1,1,3,2,2,2,0,1,1,2,2,3,1,2,1,3,3","84.85,86.32,97.65,95.45,97.19,90.76,93.25,97.07,84.18,92.25,90.71,93.79,91.46,92.12,90.46,98.40,93.54,92.43,95.72,88.66,89.37,90.29,84.67,92.47,96.59,97.51,93.10,94.59,91.36,95.15",42.644442974443415,0.9050716593521837,15.025458804731278,1
"1,2,0,3,2,2,1,1,2,2,1,2,2,0,1,1,2,0,1,2,1,2,2,1,1,2,2,0,1,2","92.89,95.88,96.66,96.57,95.73,94.30,97.27,96.01,94.97,96.82,96.94,97.16,97.68,96.52,97.99,94.93,96.50,95.28,97.51,97.95,95.42,96.79,99.02,90.73,96.55,95.62,93.20,96.94,97.08,94.96",65.07176216098308,1.030010938035801,15.086118900701335,3
"2,2,1,2,2,1,2,2,2,3,3,1,3,1,1,2,1,2,3,1,3,3,3,2,3,3,2,3,1,1","82.02,90.10,88.18,86.75,83.21,87.62,96.44,92.67,89.75,90.99,88.26,88.89,84.35,80.34,95.73,85.17,89.98,85.51,90.00,92.69,93.45,85.50,85.25,88.28,81.34,94.30,91.81,92.72,86.19,90.83",38.297833442873774,0.825454450044795,15.524523823424426,6
"3,3,2,2,2,2,2,3,2,2,1,1,3,3,2,3,3,1,3,2,2,3,1,2,2,1,2,2,2,3","98.48,97.71,96.81,96.51,98.45,99.01,98.92,99.25,96.58,97.51,97.97,98.12,99.15,97.55,97.25,97.52,98.14,97.52,98.10,98.17,98.61,98.96,96.74,98.05,98.16,97.81,97.92,97.83,98.06,98.46",61.029078932475116,0.920274753156595,15.109804583601687,0
"2,2,3,2,2,2,3,1,2,3,2,3,2,2,2,2,3,1,2,2,1,2,3,2,2,3,1,1,2,2","99.79,98.74,96.29,98.22,96.04,98.14,97.47,98.10,98.45,97.72,97.39,96.91,98.64,97.67,98.83,97.36,99.63,97.26,98.39,99.19,96.82,97.02,99.00,98.39,97.27,97.22,98.06,97.33,96.60,98.74",72.79363122955817,0.6485187757184382,15.179442800444896,0
"3,2,2,2,2,2,2,3,1,2,3,3,1,3,2,2,2,1,1,2,1,2,1,3,2,2,2,2,3,1","97.12,97.35,98.92,98.78,97.68,97.41,98.68,98.96,97.93,96.51,98.67,99.04,97.47,99.25,97.74,98.67,97.83,97.27,98.71,98.45,98.76,99.32,97.75,97.11,97.92,98.07,99.39,99.31,97.96,97.79",58.25548470672692,0.7367853259966759,15.599079564328745,0
"1,2,2,1,2,1,2,1,1,2,2,2,3,2,0,3,2,0,1,1,0,2,1,1,1,0,3,1,1,0","97.75,94.61,97.09,94.67,97.58,93.80,94.05,94.18,98.37,95.31,95.76,100.00,94.79,94.35,99.13,93.65,99.87,97.86,94.57,98.47,92.84,96.08,95.88,96.64,97.45,99.95,94.09,95.23,97.90,95.54",60.683277135689664,0.9127324277000228,14.599556967609088,3
"2,2,3,1,3,3,2,2,2,2,2,1,1,2,2,3,1,1,1,1,1,1,2,2,1,1,2,2,2,2","97.19,92.18,79.01,89.34,90.00,92.95,90.84,91.83,87.71,95.38,91.20,89.05,89.69,91.08,91.20,80.55,85.81,88.21,83.48,86.01,84.66,87.23,82.63,82.18,91.05,90.50,95.02,85.09,94.54,83.21",49.718800487643605,0.5870390352988809,15.062441885102578,6
"2,1,1,3,1,1,3,3,1,2,0,3,0,2,1,2,1,1,2,1,1,1,1,1,1,1,1,2,3,2","91.47,92.63,93.91,94.87,97.50,89.04,91.65,97.04,98.75,100.00,90.45,96.69,91.77,91.87,90.37,87.67,89.16,84.62,90.03,90.94,89.25,93.11,90.30,89.34,94.56,87.83,96.96,88.60,90.44,95.87",76.02878278330364,0.5208569698228931,14.819124798014288,1
"1,1,1,1,1,1,2,1,1,1,2,1,2,2,0,3,2,1,2,1,3,0,1,1,1,0,1,2,1,1","92.86,92.97,89.26,87.60,93.62,90.28,94.67,87.83,94.79,90.94,89.01,93.65,87.58,94.93,94.30,87.27,93.92,94.94,93.44,91.60,88.79,97.12,88.28,95.76,94.07,92.58,86.97,91.99,91.89,90.90",47.487109344873886,0.9519027122889544,15.086374942891467,1
"1,1,1,0,0,0,1,1,0,1,0,0,1,1,0,0,1,1,0,0,1,0,1,0,0,0,1,1,1,0","96.66,96.87,97.26,97.38,97.53,95.95,96.31,96.48,95.45,97.61,98.65,97.04,97.39,98.49,95.98,96.61,96.09,98.23,97.20,98.14,94.71,96.30,96.35,97.25,98.54,95.31,96.28,95.92,97.24,96.38",33.269567001161924,1.0014157667453636,14.628704777734901,2
"2,1,0,1,3,2,2,1,0,0,2,3,1,2,2,0,3,1,1,1,2,1,1,0,1,2,1,2,0,2","94.59,94.00,95.54,92.00,98.71,96.57,98.15,97.75,98.27,94.32,95.74,94.96,95.25,94.85,93.29,96.08,92.87,94.04,98.39,93.13,96.30,100.00,95.26,94.02,98.12,97.03,96.87,93.21,93.35,98.44",57.30552277378149,0.6463130424754266,14.69174120867986,5
"2,1,2,2,1,1,2,0,2,2,1,2,1,1,0,2,1,2,2,3,1,2,1,3,1,1,1,2,1,1","100.00,97.78,94.66,94.60,95.37,92.28,93.27,96.69,95.74,95.20,93.30,95.80,95.24,95.76,94.64,95.55,95.18,95.66,95.40,95.25,95.87,97.06,96.11,95.67,96.15,94.74,97.23,100.00,100.00,98.93",73.17594028501652,0.8334047786525925,14.629952910313527,3
"1,2,1,3,1,1,3,2,2,2,2,2,3,1,2,3,1,2,1,2,1,2,2,1,3,1,1,2,2,1","96.60,98.38,98.48,96.43,98.01,98.51,99.08,97.64,97.46,98.65,97.00,98.58,97.92,97.87,97.40,98.10,97.93,97.33,98.89,98.17,96.48,97.18,98.03,98.47,98.80,97.29,98.33,98.11,98.92,98.01",71.30149943526689,0.8345751940450655,14.882196471879658,0
"2,1,1,1,2,2,0,1,3,3,1,1,1,1,1,2,0,2,1,0,1,3,2,0,2,2,3,1,1,1","93.22,93.57,98.43,96.27,97.97,96.69,93.63,93.93,93.54,95.33,95.59,97.53,96.03,94.07,99.16,97.57,95.29,96.33,94.91,97.46,93.65,96.85,94.41,93.39,100.00,98.00,97.86,98.82,96.98,97.20",64.32309813114598,1.0141189931141292,14.870412934868309,4
"1,2,2,2,3,2,2,2,2,3,2,3,3,3,1,2,1,2,2,1,2,2,2,2,2,2,3,1,2,2","98.20,98.57,98.87,96.55,97.17,96.12,99.00,98.29,96.84,98.62,98.42,97.18,97.91,97.29,98.12,99.60,98.74,98.05,98.60,98.24,96.67,99.52,96.80,96.87,98.39,96.88,97.04,97.60,98.41,98.20",76.46993360895439,0.9091325812631204,15.545323128035738,0
"1,1,1,2,2,2,2,3,3,2,3,2,1,3,2,1,3,2,2,3,2,2,2,2,1,1,2,2,2,3","98.78,99.28,97.76,97.31,97.70,97.46,96.68,97.70,98.46,98.82,96.15,96.91,98.63,98.33,96.55,97.71,98.93,97.34,98.35,99.53,97.60,99.79,98.56,97.50,97.78,97.71,97.97,97.81,98.05,98.47",70.56980677960186,0.8103573503432394,15.176193751380614,0
"0,1,0,0,1,1,0,1,0,0,1,1,1,1,0,1,1,0,0,0,0,1,0,1,0,1,1,0,1,0","98.12,96.82,95.55,97.32,97.17,96.52,97.99,96.63,97.63,96.96,96.85,96.71,98.27,95.77,95.92,94.83,99.20,96.23,95.82,96.43,95.67,96.32,98.60,96.51,97.31,97.90,95.57,97.17,99.18,96.46",56.517183372316474,1.1566602281946268,15.055827219897033,2
"2,2,2,2,3,3,2,2,2,3,3,2,2,2,3,3,2,2,3,2,2,2,3,2,2,2,2,1,1,2","97.76,98.67,96.84,97.66,98.60,97.06,97.69,98.92,98.15,98.22,98.77,97.41,96.62,98.16,98.17,98.46,98.61,98.38,97.76,97.46,99.35,98.24,98.26,98.21,97.98,97.62,98.59,98.31,97.67,98.53",63.21196365614489,0.970676448059701,14.500762245180427,0
"2,3,2,1,3,2,1,0,0,1,2,1,0,2,3,3,1,1,1,2,2,2,1,2,2,3,1,2,3,2","98.50,94.29,96.25,98.12,97.08,94.76,96.43,95.92,94.16,97.03,98.83,96.26,97.03,96.23,96.31,95.13,97.03,95.20,96.62,97.92,93.20,92.65,94.34,97.40,95.08,99.01,95.85,94.88,93.69,95.96",46.60600035185859,0.5733414717830123,14.754930025257357,3
"3,2,3,3,2,2,1,2,2,1,1,2,2,1,2,2,2,2,3,3,2,1,1,2,2,2,2,1,2,2","98.74,97.87,97.37,98.80,97.17,97.46,97.83,97.98,98.19,96.80,97.17,96.51,97.30,99.92,97.74,97.29,98.45,97.94,97.87,96.96,97.50,97.67,98.74,99.70,98.41,98.39,98.35,98.20,97.59,97.48",71.62819818174096,0.9711429099412994,14.843187211676975,0
"3,2,3,2,3,2,2,3,2,2,3,1,2,2,1,2,2,3,2,2,3,1,2,1,3,1,3,2,2,2","97.91,97.23,98.43,98.09,97.29,98.34,97.66,97.13,97.96,97.16,98.49,98.50,98.71,98.05,99.20,97.40,98.07,97.87,97.17,97.51,97.86,99.03,99.07,96.93,97.76,99.97,97.04,96.92,96.89,99.02",70.04685280306055,1.1298605670811392,14.27214272949854,0
"2,0,2,2,3,1,3,3,2,1,2,0,1,2,3,1,0,3,1,2,1,1,3,1,0,0,2,1,2,1","96.63,93.53,99.61,94.03,94.92,94.85,95.17,92.79,95.55,95.43,96.15,97.12,100.00,95.98,95.20,94.42,96.38,98.37,96.15,96.09,99.54,97.36,96.85,94.90,96.30,97.20,96.89,97.45,96.55,95.48",57.36942963459436,0.784685155015474,15.60750393318948,7
"3,1,3,2,3,2,2,2,2,2,2,2,1,2,3,3,2,2,3,1,2,1,2,2,2,2,1,3,3,2","96.81,97.49,98.89,98.97,97.21,97.76,97.01,96.56,98.82,98.76,97.51,98.82,98.32,98.46,97.33,98.87,98.20,98.82,97.47,98.57,97.74,98.25,97.76,95.48,97.73,98.75,98.36,98.06,98.33,97.57",65.98045308454007,0.6722239011096737,14.695443768781704,0
"0,1,0,0,1,1,0,0,1,0,0,0,0,1,0,0,1,1,0,1,1,1,0,1,0,1,1,0,0,0","97.56,96.08,96.54,98.13,94.07,95.55,97.64,97.04,97.90,97.67,95.36,97.33,97.11,96.18,96.02,96.91,97.53,96.59,96.99,97.06,96.97,96.43,97.33,95.18,97.72,97.10,94.99,96.05,96.05,97.77",45.094071564276405,0.9265651070594246,15.069614723103362,2
"1,2,2,2,2,2,2,3,2,1,2,2,2,2,2,2,2,2,3,3,3,2,2,2,3,1,2,2,3,2","99.27,98.66,97.91,97.23,98.01,97.39,97.32,98.93,97.74,98.18,97.86,98.88,98.84,97.96,97.70,99.06,96.44,97.29,98.01,96.69,98.68,96.90,96.43,98.14,97.12,98.94,97.67,98.84,98.87,97.91",77.95762463444089,0.7682363742551997,15.098249658705555,0
"0,2,2,3,2,3,2,3,2,0,1,2,0,1,1,3,2,1,2,1,1,2,3,0,1,2,2,0,2,2","94.70,98.02,100.00,96.05,97.18,97.27,95.71,97.39,97.73,94.07,94.37,94.15,100.00,98.24,95.31,91.74,95.58,93.13,98.11,92.49,95.59,95.34,94.65,95.67,97.27,93.77,99.22,97.10,96.63,96.29",62.21644772287911,0.8204733348907172,15.306087096145205,4
"1,1,2,3,3,2,2,1,3,2,2,2,2,3,2,1,2,2,2,3,2,2,3,2,3,1,2,2,3,2","98.33,97.75,96.65,97.76,97.58,97.68,99.06,98.34,97.27,97.24,97.92,96.63,98.81,98.49,96.94,99.23,98.17,96.59,98.72,96.67,97.32,98.13,99.26,97.92,97.97,97.46,98.49,99.61,97.18,98.34",57.23888095980767,0.747849430393357,14.721300327196108,0
"1,2,2,2,2,2,3,2,2,2,2,1,2,3,3,1,3,2,2,2,2,3,1,2,2,2,2,3,2,2","97.20,97.49,96.87,97.50,97.22,97.56,98.79,96.72,99.19,98.52,97.70,97.52,96.32,98.88,99.08,97.62,98.35,98.15,97.76,98.41,97.70,98.66,97.35,98.48,97.38,97.80,98.00,97.72,97.98,97.11",75.7615590420825,0.9437765985025702,15.16399864784401,0
"1,1,0,0,0,0,0,1,1,1,0,1,1,0,1,0,0,1,1,1,0,0,1,1,0,0,0,1,1,0","97.27,97.67,97.46,96.95,95.52,94.99,97.78,97.20,95.97,97.35,98.75,96.45,96.80,97.97,97.71,95.70,97.28,96.37,97.50,97.21,96.60,98.78,95.60,96.08,95.10,97.40,98.00,97.26,99.16,96.37",58.23376999809649,0.7615950776728354,14.989754574217386,2
"2,0,2,1,0,0,3,0,2,1,1,3,1,2,3,1,1,2,0,2,1,1,2,0,2,1,3,0,2,2","95.56,96.97,96.89,96.43,96.31,97.89,97.24,98.21,98.69,99.88,97.14,97.41,98.97,93.85,97.31,97.24,95.18,99.44,94.29,94.95,96.41,94.78,97.73,95.60,99.64,95.31,97.44,96.22,95.21,92.16",67.62315266172709,0.7630095268192908,15.12329230187155,4
"2,1,1,2,3,2,1,1,3,2,0,3,2,2,3,1,3,1,2,1,0,2,2,0,0,0,1,2,0,2","95.53,96.48,97.30,94.87,97.73,97.83,96.19,97.61,96.58,94.54,94.80,96.05,94.23,100.00,95.90,95.01,95.46,96.97,94.09,97.55,97.73,93.03,99.11,96.12,95.31,95.09,94.68,99.66,96.96,95.24",69.2005877745093,0.7242466498862037,14.447807306157943,3
"1,2,2,2,3,2,2,2,2,2,2,3,2,2,2,1,2,2,2,2,3,1,1,1,2,3,3,2,2,2","97.89,98.24,96.63,99.44,99.20,99.07,98.09,100.00,97.45,97.70,97.16,97.85,98.57,97.72,96.52,97.46,98.92,98.13,96.99,96.98,98.05,100.00,96.75,98.23,99.07,98.26,98.26,97.74,97.72,98.02",69.15136977037372,0.6464922062098102,15.049125980396086,0
"2,2,1,3,2,2,2,3,1,2,1,2,2,1,2,2,2,3,2,3,2,2,3,2,2,2,3,1,3,2","96.77,97.87,98.25,97.92,97.82,98.45,97.44,98.38,98.21,99.10,97.74,98.54,99.10,96.48,98.20,99.72,98.61,97.94,97.59,96.99,96.65,96.33,96.20,98.99,97.80,98.46,97.64,97.38,98.37,98.52",73.36439950842356,0.7011667676511325,14.488098156730706,0
"1,2,0,3,1,1,2,3,3,2,3,2,1,2,2,2,3,2,3,1,2,2,3,2,1,0,3,2,3,1","95.50,94.04,91.53,87.78,97.87,98.39,98.10,88.10,88.39,96.97,90.72,87.30,92.57,93.31,96.04,97.29,94.43,91.76,96.36,88.71,87.70,95.57,90.31,88.15,91.90,91.71,91.86,92.40,95.71,95.08",34.95404402420825,0.833008915402496,15.839832026049487,1
"3,2,1,1,3,2,1,2,2,2,1,2,2,2,2,1,2,2,3,2,3,2,2,1,2,2,2,1,2,1","98.95,96.97,97.33,98.71,97.34,97.72,98.07,97.85,98.17,98.13,98.27,96.81,97.78,98.27,98.07,98.43,97.87,99.85,98.76,96.44,97.49,97.64,97.96,97.12,99.50,97.96,98.77,97.38,96.98,97.86",68.6848613087296,0.4943074507886313,15.018562832274093,0
"3,1,2,1,3,2,3,2,2,2,0,0,1,2,3,1,2,3,3,0,2,1,2,1,1,3,2,1,2,2","95.31,95.16,96.79,91.69,94.18,92.09,93.44,98.52,98.14,98.81,95.74,95.39,98.25,96.50,98.34,93.62,98.01,94.73,92.53,97.21,95.39,98.27,94.04,96.65,94.75,97.54,97.48,95.29,94.65,94.41",62.953511680122524,0.9226252601025295,15.387210163730066,5
"2,1,1,3,2,1,2,3,1,2,3,1,2,2,2,2,2,2,2,1,2,2,2,1,2,1,2,2,3,2","98.11,97.13,98.13,97.96,98.54,99.26,97.22,98.76,98.30,98.75,98.42,96.84,96.86,97.67,97.95,98.98,98.75,97.60,98.26,97.67,97.62,96.82,96.92,99.40,97.66,100.00,98.39,96.57,98.03,98.09",62.200502658350764,1.0586892696039827,15.483817529721387,0
"1,1,1,1,0,0,0,1,1,1,0,1,1,0,1,1,1,0,0,1,0,0,1,1,0,0,1,1,0,1","96.63,95.56,95.63,97.92,94.90,97.50,95.82,96.39,96.43,98.76,96.62,96.50,94.96,96.37,97.97,95.00,96.12,96.59,96.92,97.29,97.68,96.73,95.34,97.52,96.53,98.37,97.46,95.19,95.27,96.74",62.57633072264586,0.9751765857415374,15.506814480674626,2
"3,2,2,1,1,0,0,2,1,2,1,1,1,1,2,1,2,3,2,1,2,0,2,3,2,0,2,3,2,2","95.89,94.77,99.65,95.42,92.72,94.36,94.31,93.31,97.72,96.16,98.02,94.67,96.63,93.36,95.23,95.37,99.40,95.20,94.33,95.62,97.37,98.12,93.35,96.53,94.02,95.66,96.03,92.96,93.09,94.78",56.0063147347758,0.8330460218166701,14.875875943450215,7
"3,3,2,3,1,1,1,3,3,2,2,1,3,1,1,2,2,3,1,1,1,2,3,1,3,1,1,3,3,3","88.28,86.12,92.67,78.91,87.81,89.11,90.17,92.09,89.96,94.63,87.99,86.59,85.41,88.48,94.44,82.34,93.80,89.31,94.58,88.05,82.18,87.18,87.41,84.33,85.17,89.33,90.75,86.70,84.15,79.97",40.729864163329005,1.061068092055805,15.091624455134625,6
"1,3,2,2,2,2,2,3,1,2,1,1,1,2,1,2,2,2,1,2,3,3,3,1,2,2,1,2,3,2","99.28,97.21,98.82,98.94,97.93,98.14,98.13,97.64,99.29,97.53,99.68,96.77,97.59,98.72,97.46,97.90,97.30,99.23,97.27,98.72,96.94,98.79,97.80,98.45,98.44,97.06,97.69,97.87,98.63,98.53",72.14414429373791,0.7311087318262188,14.530070953248924,0
"2,2,3,3,2,2,2,2,2,2,2,1,2,1,2,2,2,2,2,2,1,2,2,2,1,2,2,2,2,3","96.94,97.19,98.22,96.32,97.61,97.73,96.92,98.50,96.85,97.42,97.67,97.72,98.17,98.40,97.37,98.78,98.30,97.90,99.20,98.23,98.32,96.72,98.43,97.61,97.80,99.50,95.94,97.77,98.67,97.94",75.65630547485637,0.947404427626603,14.864683576417058,0
"2,2,2,2,3,0,3,0,1,2,1,1,1,1,0,0,1,2,2,1,2,1,2,1,2,0,2,2,2,3","92.98,94.98,96.61,97.78,98.21,99.06,96.26,95.83,99.62,97.71,96.76,96.26,93.53,93.87,98.99,99.36,92.46,96.68,95.51,94.32,100.00,95.39,94.27,94.89,96.38,97.53,100.00,93.54,98.62,95.55",54.08888172349622,0.8954669632486691,15.159977508491457,7
"3,1,2,2,2,3,3,3,2,3,2,2,3,1,2,3,1,2,2,2,1,1,1,3,1,1,2,1,1,2","89.17,84.72,87.85,86.18,90.37,90.55,87.65,88.87,86.15,92.37,88.81,87.69,81.84,84.93,92.67,96.15,92.13,84.37,86.98,82.77,89.96,85.62,89.93,82.40,88.75,86.84,84.79,88.86,94.11,87.09",34.29793221994652,0.7120642537277652,15.17243947957838,6
"2,1,1,2,3,2,2,3,3,1,1,3,1,2,2,2,3,3,1,2,2,2,2,2,3,2,3,1,1,2","92.88,88.74,92.30,87.81,85.48,91.03,89.21,90.70,80.11,92.86,87.58,90.00,94.12,88.86,86.82,92.26,90.03,92.51,89.33,90.36,95.63,88.56,86.25,88.94,84.46,83.64,84.15,85.09,81.81,83.42",43.2790590448939,0.8154224273670619,15.00364349728033,6
"2,3,3,3,1,2,1,1,1,3,1,1,2,1,2,3,0,1,2,3,3,2,2,3,1,2,2,3,3,1","91.79,87.67,89.92,92.46,94.85,94.98,90.65,87.59,93.82,93.79,83.52,91.94,93.22,92.11,94.24,96.29,89.41,86.53,92.62,85.87,87.45,89.92,95.36,92.57,88.12,93.37,96.99,95.96,96.59,90.76",38.01946527566547,0.8264714244174475,15.03502103689414,1
"2,2,3,2,0,1,1,2,3,0,1,3,2,1,1,1,2,0,3,1,3,2,3,3,1,1,0,0,1,2","94.34,97.69,96.41,91.42,95.57,95.94,94.66,96.67,99.67,96.40,95.94,94.99,92.28,94.12,97.32,97.02,99.50,96.08,96.74,93.81,96.73,97.53,96.95,93.82,96.40,96.56,97.83,95.21,95.91,96.75",49.21085075173593,0.891962219424743,15.3586688241164,4
"1,2,2,2,3,2,1,2,2,2,3,2,2,3,2,2,2,2,2,2,2,1,2,2,3,3,3,3,2,1","98.98,97.84,98.91,97.67,97.63,97.88,97.04,97.94,97.07,95.82,97.16,98.65,98.37,98.05,98.50,99.07,99.06,97.37,97.50,97.38,98.14,98.16,98.15,97.68,98.84,98.12,98.65,98.28,99.48,97.91",74.29929102745268,0.6399258439915629,14.384340543160485,0
"1,2,3,3,3,3,1,3,1,0,2,2,3,1,1,1,3,0,1,2,2,1,1,3,3,1,2,1,1,3","88.37,85.77,95.58,96.29,94.09,93.23,88.11,94.80,89.39,95.72,92.80,97.15,89.90,85.80,94.47,89.41,95.04,89.01,94.58,93.49,97.91,88.98,93.98,88.53,93.21,91.08,90.37,97.85,92.21,92.80",55.13919059762554,0.9699290837135203,14.59830731003908,1
"2,2,1,1,3,1,2,2,2,0,1,1,2,2,2,3,2,2,0,1,2,1,0,2,0,2,1,3,0,0","94.91,96.80,94.74,94.42,94.13,97.66,95.30,96.55,100.00,96.29,92.83,92.90,94.31,91.95,97.08,100.00,98.14,99.33,96.37,97.05,96.09,96.02,97.64,100.00,94.27,96.68,96.67,94.35,96.90,95.29",52.34374625188984,0.7304864018437531,14.600617887873598,5
"3,2,1,3,2,2,2,3,3,3,2,2,2,2,2,1,2,1,2,2,2,2,1,2,3,3,1,2,3,2","97.41,98.28,100.00,99.45,98.18,96.69,97.77,97.70,98.47,98.10,96.40,98.29,96.89,98.37,97.77,98.24,98.73,96.78,98.88,98.42,99.22,96.31,97.32,99.20,97.65,97.50,98.20,97.78,97.83,98.31",71.74496789971937,0.8997705861144006,15.048249008731936,0
"2,1,2,2,2,2,2,2,2,1,1,3,1,2,2,2,2,1,2,2,1,2,1,2,2,2,2,1,2,3","92.27,88.01,91.67,90.78,81.29,86.57,92.52,91.58,87.55,98.81,91.05,91.17,91.50,88.59,77.98,85.52,85.05,86.01,97.60,90.82,91.88,88.95,85.85,94.37,88.84,80.55,86.50,88.65,81.16,96.73",29.384099875858553,1.0048167088661502,14.881416814430327,6
"2,1,2,2,1,1,1,3,1,3,3,3,3,2,3,2,2,1,3,1,2,0,0,2,1,1,2,2,1,2","96.31,85.83,93.39,81.41,93.38,90.30,91.98,94.70,90.02,92.13,89.20,88.96,93.40,91.41,93.32,92.84,93.99,89.95,86.19,90.66,90.60,92.19,92.88,91.27,90.80,90.82,94.41,90.14,95.23,88.14",41.06529472782583,0.7426235214765308,15.171370505980553,1
"1,2,1,3,3,1,3,1,1,3,3,3,2,1,1,3,1,2,1,0,2,2,1,3,1,1,2,1,2,1","93.28,94.24,88.29,90.41,89.11,89.58,90.00,87.58,93.10,90.07,93.01,89.78,89.95,96.04,97.73,89.22,87.62,87.88,90.77,94.31,95.04,89.24,86.74,95.60,95.38,92.23,95.52,90.92,87.96,92.15",49.00315322663556,0.7883089430210954,14.858128994096113,1
"2,3,2,2,2,2,2,3,2,1,2,2,3,2,3,1,2,2,3,3,2,2,1,3,2,3,2,2,2,2","96.69,96.59,98.35,97.67,96.93,96.69,97.12,96.86,97.64,97.97,98.85,99.38,98.07,98.83,98.44,97.56,95.60,98.27,96.76,98.22,97.87,96.53,97.18,97.08,98.74,97.75,97.73,98.23,97.29,97.96",67.7505533862759,0.604698918668915,14.65050120140256,0
"1,3,2,2,2,2,2,3,2,2,3,3,2,3,1,2,3,2,2,1,1,2,3,2,2,2,1,1,2,2","93.06,84.48,85.74,93.63,87.37,92.44,85.09,91.07,80.72,87.39,86.08,93.49,89.46,86.58,89.03,89.33,86.05,83.17,94.99,92.24,85.02,87.70,92.45,81.38,84.55,83.38,92.82,87.67,87.82,87.50",38.78117123364058,0.8059467163680626,14.786138664630629,6
"0,0,0,1,0,0,0,0,0,1,0,0,1,1,0,1,0,0,0,0,0,0,1,0,0,0,0,0,1,0","96.49,97.99,95.80,96.51,98.44,97.47,97.64,97.03,96.21,97.78,97.45,95.93,97.97,95.92,97.42,96.82,96.57,95.62,96.44,98.12,96.21,97.34,96.58,96.81,96.87,96.41,96.60,97.90,97.04,95.80",31.691547148497953,0.6530806096698903,14.815503661042065,2
"1,1,3,1,1,1,2,0,0,1,3,1,2,3,2,2,3,2,1,2,2,3,1,2,1,3,1,1,1,2","98.98,95.29,96.29,94.93,96.87,100.00,96.18,96.46,96.48,98.97,96.44,96.92,97.16,97.70,93.55,93.92,93.03,94.37,94.67,98.31,94.48,91.63,92.74,91.42,92.69,97.16,94.34,94.47,96.15,98.15",72.43336633649113,0.7764731604619189,15.165531333835766,5
"2,0,1,2,1,0,1,2,0,2,1,1,1,2,0,1,1,1,0,1,2,0,1,2,2,1,2,3,1,2","95.12,96.65,96.75,97.84,96.89,96.99,95.01,97.05,96.90,93.16,96.43,96.44,97.60,93.74,98.28,97.63,96.27,100.00,97.44,95.61,95.28,94.67,99.43,96.20,97.34,96.98,97.82,97.32,95.52,95.52",77.51053818336572,1.096515689288455,15.650069181225557,5
"2,2,1,1,2,1,2,2,1,2,2,2,3,2,3,2,1,2,2,2,1,2,1,1,2,3,3,2,2,2","86.48,90.27,93.36,92.22,84.82,86.14,88.25,89.08,83.74,88.53,86.38,93.33,88.51,88.86,89.76,82.83,93.04,78.71,95.11,96.06,90.47,95.43,92.55,88.33,88.02,87.09,90.85,88.94,89.10,83.51",53.51528128836653,0.7749147465385051,15.487983279351079,6
"2,2,1,1,3,2,3,2,2,1,3,2,2,2,2,2,1,1,2,1,2,3,2,2,1,1,2,2,1,2","97.63,97.41,97.58,96.83,97.72,97.05,98.11,97.14,99.14,98.32,97.58,97.70,97.46,97.93,97.19,97.66,96.65,98.09,98.35,98.03,100.00,99.34,95.47,96.18,98.12,97.94,97.46,98.87,97.32,96.83",71.51549405316668,1.1256786002337502,14.820762424475287,0
"2,2,2,3,2,1,3,2,2,2,1,1,3,2,3,2,1,1,2,2,2,2,2,1,3,3,2,2,2,2","96.67,97.15,97.41,96.86,98.69,98.54,97.39,98.34,96.90,99.29,97.63,98.24,97.72,98.58,98.16,97.56,97.91,97.57,97.51,96.65,97.28,98.08,98.16,97.43,98.38,97.91,97.91,98.60,98.01,97.85",63.73542301747748,0.8063398634894265,15.314558436710023,0
"1,1,1,0,0,0,1,1,0,0,1,0,1,0,0,1,1,0,1,1,0,0,0,0,1,1,0,0,0,1","97.34,96.75,96.35,98.74,96.78,95.88,96.34,97.14,96.18,96.43,95.03,97.25,97.53,94.80,97.09,96.41,97.25,95.05,98.43,97.26,97.05,96.56,97.80,96.56,98.30,98.08,96.94,95.94,97.31,98.15",55.19766391181033,0.9007658165095173,14.457107853672849,2
"1,1,1,2,1,2,3,2,1,1,3,0,1,2,1,1,0,0,2,1,1,0,1,2,1,1,1,0,2,3","93.95,92.03,90.54,88.32,90.51,88.63,89.14,94.20,89.73,90.95,90.59,94.15,93.80,97.04,91.86,92.68,92.18,88.41,96.30,90.92,92.66,88.45,86.65,94.20,90.55,87.96,94.47,92.01,92.57,91.54",56.0973158322893,0.7667481642865693,14.687717577302749,1
"1,3,2,2,3,1,3,2,3,2,2,2,2,2,2,2,1,2,2,1,2,1,2,2,1,1,2,2,3,3","92.84,89.47,81.77,82.25,89.48,87.92,85.62,92.94,86.67,77.01,86.65,92.73,87.37,88.20,89.87,86.97,91.32,86.45,88.86,84.20,86.77,89.99,90.63,85.32,90.30,97.86,93.13,92.60,84.65,98.03",20.929815498486796,0.9137238462584965,15.093297579618108,6
"2,1,3,1,2,3,1,1,0,1,0,1,3,3,0,1,3,0,2,3,1,2,2,2,1,2,2,3,2,1","93.74,91.30,89.29,94.45,90.17,88.81,88.05,89.34,96.31,91.34,95.09,90.90,92.57,91.07,92.49,91.31,91.75,88.59,93.75,88.18,94.91,95.16,90.77,95.49,97.80,97.82,88.73,96.93,92.90,91.44",37.64295700431671,0.6556884667552428,15.459931613843384,1
"3,1,3,3,2,2,1,2,1,1,2,2,3,1,1,1,0,3,1,2,1,1,2,2,2,0,2,2,1,0","90.38,91.24,95.49,87.47,92.35,87.96,91.41,93.36,88.48,91.45,95.65,94.13,88.98,96.65,87.85,88.06,88.88,98.76,93.08,88.30,89.88,96.19,95.36,92.81,90.85,93.97,91.73,98.06,91.48,89.10",51.127780935767305,1.0188653117065425,14.609162373385953,1
"1,0,1,0,1,0,1,1,1,0,1,0,0,0,0,1,1,0,1,0,1,0,0,1,1,1,0,0,0,1","95.62,98.08,97.22,97.11,97.78,97.76,97.81,98.63,96.95,95.50,96.73,96.79,97.80,97.27,97.20,97.30,98.52,97.62,97.02,97.60,99.46,96.72,97.11,97.05,97.92,97.69,98.10,96.96,96.49,96.57",50.381887963975835,0.7174948017217854,15.17194921564498,2
"1,0,3,3,2,1,3,0,3,3,1,3,0,2,2,1,1,2,1,2,1,3,1,2,1,3,0,2,2,2","96.18,94.46,96.69,94.56,94.59,93.03,93.02,89.94,90.70,95.19,89.76,92.19,93.59,94.25,89.56,92.47,87.42,94.57,88.63,88.75,89.35,85.01,98.14,94.42,94.92,89.55,88.41,87.66,92.55,99.13",73.23717673321356,0.7504111088411505,15.351266786184977,1
"1,1,2,2,0,2,1,1,2,3,2,2,2,3,2,2,1,1,3,1,3,0,1,2,2,2,2,1,0,2","95.62,95.69,97.19,96.15,94.74,94.80,97.43,97.67,96.32,96.56,92.74,94.75,96.77,92.51,97.93,93.84,97.47,96.87,96.24,94.81,95.29,91.11,96.60,94.95,94.35,94.40,94.53,97.32,94.76,95.68",60.46825652098073,0.7772180178971312,14.927852620841419,7
"3,1,2,2,2,3,2,2,2,3,2,2,2,2,2,2,2,3,3,1,2,2,1,2,2,2,2,2,2,2","98.01,97.84,98.67,99.10,98.04,98.27,96.89,98.21,97.50,99.06,98.52,99.16,99.13,96.90,97.84,97.73,98.20,97.67,96.86,98.58,98.71,98.80,97.42,98.22,98.54,98.28,97.83,97.92,98.04,98.13",73.39550504447945,0.62573966098411,15.006228437047819,0
"3,3,2,2,2,2,2,3,2,2,2,2,3,2,2,3,3,3,2,3,2,2,2,2,3,2,2,3,2,3","98.22,98.03,96.95,98.16,97.69,97.50,97.72,98.52,97.27,97.03,98.56,98.87,97.50,98.27,99.32,98.48,97.75,98.84,96.12,100.00,97.10,98.77,98.28,96.52,97.35,97.30,96.85,97.56,97.36,97.29",89.12042967288122,0.9746608992497059,14.906164006684554,0
"2,2,2,3,2,3,3,2,2,1,2,1,3,2,1,1,2,1,3,3,1,2,2,2,1,2,1,2,2,2","97.76,96.83,98.94,97.41,97.66,97.58,97.24,98.45,97.42,98.43,97.75,96.72,98.01,96.43,97.32,97.42,98.62,98.34,98.21,98.45,97.82,97.83,98.94,97.89,98.11,99.12,98.52,97.56,97.38,97.98",69.35602665041283,0.8181160599042997,15.022244532387884,0
"2,3,1,2,2,2,2,1,2,2,2,2,1,2,3,1,2,3,3,3,2,3,2,1,2,3,3,2,1,2","97.00,96.82,96.35,98.57,98.39,97.49,98.66,97.47,97.28,99.16,99.43,99.09,97.87,98.38,97.75,96.52,97.83,97.87,97.67,98.88,97.28,99.20,97.62,98.47,99.28,98.71,98.84,100.00,97.58,98.67",69.41942051608041,0.7683357409282529,14.934710388117644,0
"1,2,1,3,1,3,2,2,2,2,2,2,2,3,2,3,3,2,2,3,3,1,3,2,2,1,1,2,2,1","97.32,98.69,97.70,98.88,97.39,97.71,96.93,96.60,98.14,97.81,98.03,98.60,96.73,98.96,99.03,98.08,97.40,97.92,97.10,98.51,98.98,97.75,96.77,98.75,98.87,98.45,97.11,97.61,98.81,97.81",74.37377792198494,0.5997294727148543,15.05831863913957,0
"0,1,2,2,1,0,1,1,3,2,1,1,2,2,1,1,2,2,1,2,1,1,2,1,3,0,2,2,2,1","94.89,96.17,97.81,92.68,94.93,94.91,96.17,97.24,96.32,94.71,92.15,99.85,95.74,90.30,94.34,100.00,96.16,96.15,96.23,95.88,96.91,97.34,96.79,94.72,96.45,98.53,93.69,97.14,97.66,96.10",63.31835648432346,0.6434939001997994,14.963448298939232,4
"0,1,1,1,0,1,0,0,1,0,0,1,0,0,0,0,0,1,1,1,1,0,1,1,0,1,1,0,0,0","97.32,96.66,96.74,96.25,96.43,96.76,97.10,96.92,98.61,96.04,95.43,97.03,95.01,97.96,97.06,95.23,95.77,97.43,96.61,95.86,97.77,97.21,96.26,96.81,96.89,95.81,95.79,97.02,96.56,95.62",58.933944758737795,0.6066544837717093,14.779171959557706,2
"2,2,2,3,2,3,2,2,2,1,2,3,2,3,2,1,3,2,2,2,2,2,3,2,2,1,2,2,2,2","96.66,98.16,97.39,97.50,97.80,98.18,97.13,97.53,98.07,97.69,98.90,98.16,98.82,97.57,96.53,96.81,98.43,98.74,98.92,96.56,98.50,97.35,98.61,97.38,98.67,97.94,98.89,96.95,97.97,97.39",75.26903512379288,1.126805307746491,14.908054347966988,0
"0,2,0,3,2,0,0,0,1,3,2,1,2,3,2,2,2,2,1,0,3,1,1,2,3,2,0,2,1,3","93.52,100.00,94.23,96.29,96.49,97.47,97.57,99.00,96.71,92.63,94.36,94.73,93.83,96.15,97.77,94.97,96.51,94.77,98.54,95.99,95.12,99.06,95.71,97.90,96.56,94.84,95.94,93.93,96.39,97.57",69.2899027822766,0.6098648321417078,15.1489601643006,7
"0,0,1,1,0,0,0,0,0,0,1,0,1,1,0,0,1,0,0,0,1,0,1,1,0,0,0,1,0,0","97.42,97.92,96.67,96.76,97.03,98.00,96.67,96.61,96.89,98.05,95.78,98.31,97.64,96.14,96.05,98.00,97.24,96.02,97.47,96.01,95.42,94.50,95.72,97.38,97.67,96.88,96.83,95.97,98.02,96.01",54.05841308901821,0.896315354182412,15.120262851140312,2
"1,2,2,2,2,3,2,3,3,2,2,2,2,2,2,2,1,2,3,2,1,2,2,1,1,2,2,2,1,2","98.57,97.25,96.69,99.04,96.37,99.04,97.23,97.75,97.78,98.55,97.73,97.41,97.99,97.76,97.06,97.33,96.53,98.78,99.45,99.19,95.97,97.43,97.99,97.95,97.07,97.20,97.67,97.23,97.90,98.19",83.15711543844272,0.9684678874057018,14.910388965413368,0
"2,1,1,0,1,2,1,3,1,2,3,3,1,2,3,2,2,3,2,0,2,0,2,1,2,1,1,1,1,0","97.32,95.79,94.61,91.99,93.03,96.95,95.63,94.81,96.98,97.61,96.99,95.60,95.45,92.81,98.05,94.50,99.70,93.03,96.34,96.85,99.72,93.17,98.29,94.94,94.99,94.22,92.82,99.21,98.71,96.52",49.13576045691388,0.8151126324137157,14.990380703953326,3
"2,1,2,2,1,3,3,3,3,3,3,1,0,3,1,2,3,3,0,1,2,1,1,1,2,3,3,1,2,1","92.31,91.61,85.60,91.04,94.36,95.76,89.32,91.04,90.56,94.91,91.39,89.37,94.58,96.81,87.76,90.03,89.06,96.03,95.97,92.00,92.64,88.32,88.86,97.62,92.20,92.15,85.84,96.16,93.00,90.08",37.33414237502027,1.1143631883965885,14.581992083461861,1
"2,2,2,1,1,2,1,2,3,2,1,2,3,1,3,2,3,1,2,2,1,1,2,2,1,3,2,2,1,1","97.54,98.49,96.75,98.09,98.27,98.44,98.06,98.10,98.86,97.13,97.69,97.36,97.24,97.08,98.20,97.42,98.77,97.74,96.83,99.14,97.87,97.60,98.45,98.04,97.83,97.07,98.13,97.65,98.32,98.68",67.92192865363573,0.8487830901837538,15.070642198673168,0
"0,1,1,1,0,1,0,0,1,0,0,0,0,1,0,0,0,0,1,0,0,1,1,0,0,0,1,1,0,0","96.76,97.19,96.41,98.29,97.96,95.51,96.84,94.11,97.77,96.43,96.69,96.59,97.71,94.82,97.42,98.27,97.01,95.89,98.78,98.70,97.87,98.66,97.85,96.18,96.86,96.67,95.46,97.67,96.33,97.44",37.45890250627851,0.74783472745457,15.276863275152618,2
"1,1,2,2,2,0,2,2,2,3,0,0,0,1,1,2,1,2,1,2,1,2,0,2,2,3,3,1,3,1","92.96,96.97,95.32,99.05,99.73,95.77,91.35,94.50,97.32,95.84,97.10,96.54,96.02,95.49,91.94,93.12,93.71,97.00,92.62,96.44,97.27,94.17,99.31,96.57,93.85,94.47,97.13,97.11,96.61,95.64",56.64920410212922,0.8437256254705296,14.654724676408888,3
"1,0,1,2,1,2,2,1,2,1,1,1,2,2,1,2,1,2,2,1,0,1,2,1,2,2,2,1,1,1","97.68,100.00,98.03,92.15,98.42,99.07,99.91,97.73,94.40,98.22,91.94,97.41,95.30,99.04,98.86,96.45,96.18,94.10,99.28,95.55,96.34,96.07,98.71,95.80,97.60,98.35,95.73,97.49,92.98,95.67",60.71538635583687,0.9531343685704327,14.10216068728948,3
"2,2,2,2,2,3,2,1,2,2,2,2,1,2,2,2,2,1,3,3,2,3,2,2,1,2,1,2,2,2","97.30,98.27,98.32,98.03,97.49,98.38,99.05,98.26,99.56,97.96,98.54,98.02,97.93,98.19,98.82,97.70,96.87,97.62,97.58,97.99,99.37,98.02,98.76,97.65,97.76,97.97,97.22,97.51,98.36,98.46",79.79982847071511,0.7828862492696966,14.831808511299919,0
"1,0,0,0,0,0,0,0,1,1,0,1,0,0,1,1,0,0,1,1,0,0,1,0,1,0,1,0,0,0","96.88,98.07,97.37,96.04,97.13,96.96,97.47,94.63,96.98,96.67,96.97,97.06,97.69,96.91,96.90,95.90,98.13,94.71,97.81,97.68,96.51,98.78,96.34,96.94,96.67,95.39,96.83,96.82,97.43,96.66",66.63037461053591,0.7635302668864754,15.017158351840518,2
"1,0,0,0,0,0,0,0,0,0,0,1,0,1,0,1,0,0,0,0,0,1,0,1,0,1,0,1,0,1","96.18,97.57,97.40,97.78,98.00,97.92,96.97,95.20,98.17,95.47,95.86,96.87,98.65,94.95,99.32,96.32,96.11,96.70,98.12,96.97,97.80,97.21,95.79,97.89,97.98,96.80,96.80,96.99,96.37,94.78",57.12705648920559,0.7523706301021549,15.343444338049402,2
"2,2,1,1,1,3,1,2,2,3,3,3,0,1,2,1,1,0,2,0,3,0,0,3,2,3,1,0,1,1","98.85,95.17,94.69,93.82,95.41,96.51,98.56,92.97,97.85,93.77,95.38,98.35,93.98,96.54,92.63,94.09,97.10,98.47,95.06,98.61,96.63,95.23,96.63,94.06,96.76,93.90,96.46,96.54,97.45,98.82",50.90943315173244,0.9210186129495239,14.919859585063373,3
"1,1,2,0,1,1,1,2,2,1,3,2,3,1,3,3,1,1,2,0,2,3,2,2,2,0,1,1,0,3","95.19,95.89,92.23,95.03,91.41,92.62,90.72,95.60,92.62,92.59,96.83,91.35,91.16,90.92,93.71,92.66,92.86,92.20,88.96,92.97,90.46,94.54,98.54,93.18,98.63,94.24,94.61,98.47,94.52,92.22",40.28338664074052,0.8921572039218417,14.982507502139153,1
"3,1,2,3,2,2,1,1,2,0,1,1,3,3,2,1,3,1,2,2,2,2,1,1,2,1,2,1,2,1","99.16,93.63,95.15,98.30,96.99,94.82,99.34,91.76,93.61,95.77,93.93,96.25,94.80,95.13,94.60,98.19,96.22,96.56,97.03,92.06,98.02,93.33,94.18,97.88,97.16,95.45,94.31,92.99,97.69,94.91",77.30444577331717,0.6267446247147096,14.454855748741956,4
"0,1,1,0,0,0,1,0,1,0,1,0,0,0,1,1,0,1,0,1,0,1,0,1,0,0,1,0,0,1","96.70,98.11,96.29,95.85,97.99,98.56,97.86,97.36,97.30,97.47,96.60,97.54,95.76,96.77,97.78,98.47,94.03,95.61,96.15,97.00,96.33,96.20,97.45,97.19,99.36,96.29,97.60,99.04,98.83,98.39",42.38021862978964,1.1381668313618067,14.915247014511916,2
"3,2,1,3,3,3,3,2,1,3,2,3,2,3,1,2,2,1,2,3,2,2,2,2,2,2,2,1,2,2","96.90,97.54,97.92,98.72,98.08,98.26,96.80,98.05,97.04,98.53,97.88,97.43,97.19,98.66,98.60,97.58,97.54,97.60,98.16,96.51,97.94,98.17,96.85,98.02,97.59,97.96,98.50,97.21,98.25,98.43",60.95751905374114,0.8669849957722245,14.694008239755982,0
"1,1,1,0,0,0,0,0,0,1,0,1,0,1,1,0,1,0,0,0,0,1,0,1,0,0,0,0,1,0","96.52,97.26,96.08,96.32,96.89,96.30,96.98,97.49,97.33,96.69,97.82,97.77,95.46,97.69,97.12,98.09,97.92,96.17,97.76,95.48,97.54,96.70,96.09,95.56,96.08,98.95,97.72,95.67,96.04,95.34",71.31796723268477,0.9427225906859609,15.151174325279037,2
"0,1,2,1,2,3,2,2,3,0,1,2,3,2,1,1,2,1,2,1,0,0,3,2,2,2,1,0,0,0","97.37,98.15,96.24,100.00,98.29,97.36,94.50,97.35,92.52,95.13,97.76,96.64,96.19,97.73,99.42,93.04,94.84,94.42,99.26,97.46,95.59,96.66,95.99,100.00,96.54,94.42,94.45,91.94,94.59,94.85",60.06437642365447,0.6705216548945824,15.159575514462773,5
"1,0,0,1,0,1,0,0,0,0,0,0,0,0,1,1,1,1,0,0,0,0,0,0,0,1,0,1,0,0","96.88,96.48,98.09,95.88,98.32,97.75,97.00,95.39,98.67,98.37,96.47,96.13,98.93,97.58,98.23,95.12,95.64,98.40,96.60,97.05,96.46,97.85,97.06,95.89,97.01,97.18,96.88,96.48,96.32,95.34",69.65775655080839,0.894488878323919,15.489684502904415,2
"2,1,2,1,2,2,3,2,2,2,2,3,1,2,2,3,3,2,2,3,2,2,2,3,2,2,2,2,3,2","97.43,98.68,98.21,96.96,97.11,98.84,98.53,98.84,98.31,97.74,95.94,98.78,98.65,98.05,98.28,97.88,96.48,97.42,98.10,97.65,96.35,97.93,98.34,97.87,98.19,98.65,96.96,97.39,98.37,96.74",74.61912593615519,0.6050522309046303,15.285633968365344,0
"1,0,0,0,0,0,0,1,1,1,0,1,0,1,0,0,0,1,0,0,0,0,0,1,0,0,0,1,0,1","98.94,97.46,96.32,97.86,98.18,96.56,98.63,98.09,96.99,96.41,99.74,97.92,96.29,97.42,96.63,96.75,96.36,97.54,96.68,98.31,96.57,97.13,97.73,96.87,96.34,98.26,95.48,96.07,96.87,97.91",43.45403618831794,0.6285243986450693,14.574635204664803,2
"1,1,1,1,2,3,2,1,1,2,0,0,3,2,3,1,1,1,2,3,2,0,3,2,2,1,0,3,1,2","95.46,96.15,93.81,96.63,92.99,98.48,96.11,97.88,98.77,97.78,96.94,96.99,96.40,99.15,96.77,99.05,95.57,96.29,93.23,95.39,95.50,96.05,100.00,93.64,95.14,97.74,99.95,96.26,94.01,95.36",49.42159102196466,1.0065876481233231,15.534407452990356,4
"1,1,2,2,1,2,2,3,2,2,1,1,2,2,2,2,3,3,2,2,3,1,2,1,2,2,2,2,1,2","97.83,98.64,97.81,97.99,97.88,96.77,98.52,97.42,98.35,96.97,97.10,98.14,98.24,97.20,98.80,99.13,97.99,96.56,98.16,96.76,98.33,99.42,98.58,98.37,98.44,97.06,98.68,97.63,98.25,98.45",73.09328303214517,0.7772379253798146,15.314126448666663,0
"1,2,2,1,1,3,1,2,0,1,1,1,1,2,1,1,2,2,2,2,2,2,2,1,0,1,0,1,1,1","96.16,95.76,97.83,95.08,98.57,92.76,97.43,91.35,93.66,94.74,95.06,95.02,92.99,96.96,96.31,91.67,98.97,96.40,99.99,95.46,93.93,94.43,98.17,100.00,94.57,97.91,97.21,92.96,95.49,96.74",57.967632682490255,0.6927567067351682,14.94467410421769,5
"2,3,2,1,2,2,2,2,1,1,3,2,2,1,1,1,3,2,2,1,1,2,2,2,2,1,2,2,1,2","99.10,97.03,98.55,97.85,97.17,97.53,97.23,99.34,99.09,97.32,98.92,98.46,96.69,97.07,99.15,98.69,97.81,97.04,98.04,96.91,98.85,96.14,98.36,98.60,99.25,99.70,97.19,98.48,97.50,96.50",71.22198365655619,0.9124747309488298,14.553989453871845,0
"0,0,1,1,0,0,0,1,1,0,1,1,0,1,0,0,0,1,1,0,1,0,0,1,0,1,0,1,1,0","98.18,95.18,98.35,96.87,96.39,98.01,95.82,96.88,98.63,98.22,95.60,97.09,96.53,95.09,96.39,95.87,99.03,96.81,98.29,96.85,95.86,96.07,96.09,96.75,99.05,96.47,95.32,97.69,99.08,98.59",63.64253362728,0.7650286443112642,15.096359125001205,2
"2,0,1,2,1,3,2,1,0,1,1,0,1,2,2,0,1,2,1,1,1,1,1,0,0,1,1,1,1,1","92.24,88.37,91.70,94.54,95.32,88.26,87.88,90.50,88.60,89.51,88.71,91.49,91.37,93.86,92.49,88.37,87.88,90.56,92.11,94.47,91.28,93.45,91.82,88.69,91.90,92.64,88.62,93.91,93.55,92.80",27.708722721129767,0.7253375676289431,15.239678149456987,1
"1,2,3,3,3,2,2,1,2,3,1,2,2,2,3,2,2,3,2,1,2,2,2,3,2,2,3,1,1,2","98.06,97.73,97.78,97.97,97.08,98.70,98.27,98.32,98.52,96.36,98.39,99.03,98.59,98.08,99.33,97.52,99.04,97.72,97.27,99.95,99.74,97.65,99.39,97.18,98.48,96.65,97.52,99.23,97.36,97.93",76.77108858957443,0.7102753114143983,14.48887714201765,0
"0,1,1,1,1,0,1,0,0,0,0,1,1,0,0,1,1,0,0,1,1,0,1,1,1,0,0,0,1,0","96.04,98.87,97.15,98.31,95.96,95.77,96.42,97.20,96.30,97.28,96.52,97.79,97.48,98.17,96.99,96.11,96.19,97.01,95.96,97.32,97.21,95.64,96.04,95.54,96.20,95.43,96.68,95.93,96.26,95.73",38.47535286461152,0.8398092921969803,15.362814039881904,2
"1,1,3,2,2,2,3,1,1,2,2,2,2,3,2,1,2,2,1,1,2,3,1,1,2,2,3,2,2,3","99.59,97.83,98.08,97.54,96.74,96.71,98.68,99.22,98.45,99.08,97.44,98.30,97.76,97.41,97.70,97.94,98.71,97.12,97.25,96.10,96.87,98.31,99.04,97.34,98.07,97.87,98.12,97.69,98.31,98.68",66.10277005072066,1.222872032605306,14.397519576399732,0
"2,2,2,2,1,1,2,1,2,1,3,2,3,3,1,2,3,1,1,2,2,1,2,3,3,1,1,2,1,1","96.79,94.49,93.78,99.37,96.26,92.40,99.55,95.62,96.93,96.05,91.61,95.79,97.32,98.32,94.79,96.11,92.51,94.78,95.52,94.55,94.76,92.52,92.71,92.49,95.84,96.58,97.67,94.93,99.18,98.97",72.43453142825302,0.9237281656704734,15.522219845533932,4
"0,1,1,1,1,0,0,0,0,1,1,1,0,0,0,1,0,0,0,0,1,1,0,1,1,1,0,1,0,0","96.52,96.94,95.67,98.36,98.76,97.10,98.06,97.37,95.68,96.19,97.03,97.12,97.57,96.32,96.00,97.29,97.31,95.04,97.25,95.75,95.47,95.96,97.26,96.95,97.45,97.94,96.78,97.61,96.37,96.57",64.24975096740943,0.9783273072894452,14.86477888299553,2
"3,1,2,2,2,2,2,2,3,2,3,2,2,3,2,1,3,2,1,1,2,2,2,1,2,2,2,2,2,2","87.71,88.20,84.83,86.57,84.95,86.27,90.87,90.87,88.74,94.47,91.43,80.63,87.92,81.34,86.72,89.68,87.99,90.04,94.76,87.21,81.19,92.18,94.19,86.52,92.62,90.26,87.31,86.67,81.04,82.08",36.10199817230934,0.6836670421632476,14.850122806808157,6
"1,0,1,1,0,0,0,0,0,0,1,1,0,0,0,1,1,0,0,1,0,0,1,0,0,0,0,0,0,0","95.79,96.20,96.06,97.63,96.14,98.91,97.89,97.14,96.60,98.31,96.18,97.57,95.65,96.13,95.94,98.44,96.97,96.68,97.57,96.64,95.95,96.62,96.96,96.22,98.58,96.45,96.44,97.11,96.92,98.10",75.47967128011332,0.7480301544120944,14.556306947436807,2
"2,2,3,2,3,3,1,1,1,2,2,3,2,2,3,2,2,3,2,1,2,2,2,2,1,2,3,1,3,1","97.44,99.02,97.31,97.80,97.40,98.23,97.00,97.84,97.40,97.97,97.47,97.60,98.91,97.95,98.50,98.74,98.36,98.85,97.10,97.31,97.81,96.81,98.44,98.98,98.17,97.65,97.90,97.32,97.13,98.06",68.38189275845409,0.7005091617143256,15.481438146473964,0
"2,1,3,2,2,2,1,3,2,2,2,2,1,2,3,2,1,1,3,1,2,1,2,2,3,1,1,3,1,2","97.83,97.69,98.53,96.44,98.10,98.18,97.77,98.67,97.59,97.90,97.56,98.19,97.81,98.82,97.73,98.64,97.57,98.24,98.16,97.86,99.23,98.13,97.99,99.98,97.46,96.70,97.19,97.69,96.59,98.86",64.17079880664097,0.8036398215779602,15.143730931782914,0
"2,2,3,2,2,2,3,2,0,3,1,3,1,2,3,2,1,3,1,2,3,0,1,3,1,2,1,2,0,1","94.17,96.93,97.15,93.71,95.23,94.06,92.20,96.81,99.20,94.68,91.34,95.20,93.34,95.52,96.77,93.24,94.91,96.94,94.78,91.04,96.50,95.46,96.70,94.07,94.98,95.96,95.53,96.71,98.53,93.07",76.48455314741938,0.7175025092832306,14.68488162230327,4
"0,2,2,1,3,2,2,0,3,2,1,1,1,0,3,0,3,2,0,1,1,1,2,1,3,2,3,2,2,2","91.61,95.85,90.59,93.41,88.38,95.96,95.71,87.35,92.01,98.94,92.32,90.27,95.96,94.60,96.17,93.74,96.19,95.70,96.52,94.69,91.08,96.40,88.83,91.52,90.06,85.72,88.34,93.13,94.92,92.05",42.56355851294083,0.8780346893801537,14.684651772276753,1
"1,3,0,1,1,1,1,2,2,2,3,2,3,3,1,1,2,3,3,1,2,3,1,2,0,3,1,2,1,1","88.81,98.22,91.58,93.67,91.12,96.27,94.18,87.87,91.97,91.42,91.03,91.00,90.05,90.00,95.08,85.55,90.39,92.53,93.03,90.55,95.80,87.81,91.90,95.05,89.18,85.49,89.91,94.47,98.06,92.77",55.66687853215171,0.6683226389476549,15.319862575580448,1
"2,3,2,2,3,3,2,2,2,2,3,2,2,2,1,2,2,1,2,2,2,1,2,2,2,1,2,2,3,2","98.77,98.80,98.20,96.89,98.35,98.91,97.94,98.14,97.78,99.48,97.40,98.80,96.49,99.33,97.38,98.28,97.17,98.20,97.95,97.50,96.80,97.23,97.92,99.29,97.83,98.57,98.31,98.34,98.63,96.71",68.1422281468025,0.7974606730982007,15.334080438554173,0
"2,3,2,3,2,2,2,3,2,2,2,2,2,2,2,2,2,1,2,3,3,2,3,1,1,2,2,3,2,2","99.11,97.73,97.19,98.16,98.77,98.37,97.76,96.81,98.43,99.01,98.75,98.91,98.00,96.14,96.85,99.05,98.69,97.25,97.93,99.25,96.34,97.02,98.03,97.51,98.42,98.46,98.42,98.45,98.58,98.71",61.21644548165351,0.6741382714786677,14.8116041663746,0
"1,1,0,1,1,1,1,2,0,0,2,2,1,1,3,0,2,2,1,1,3,2,2,1,1,2,0,2,3,0","93.85,93.63,95.60,95.20,100.00,95.45,97.96,94.70,96.98,93.25,95.24,95.61,91.69,94.59,98.61,95.04,94.52,93.03,97.04,95.23,98.57,95.14,92.40,94.25,95.58,94.51,92.24,94.57,94.96,96.97",59.93928155712161,1.155327899652003,14.388038146379404,7
"1,0,3,2,1,1,1,2,1,2,2,2,0,1,1,2,1,0,2,3,1,0,2,1,1,2,1,1,2,1","91.49,88.57,90.04,90.02,95.71,90.83,93.57,88.16,92.64,93.87,90.03,87.71,88.40,93.61,93.30,92.31,92.42,90.86,92.85,100.00,88.07,91.15,93.82,90.52,92.76,94.37,90.92,91.27,92.31,94.22",54.573520981110086,0.6786866274113935,15.038970721040666,1
"1,2,3,2,3,3,3,2,2,3,2,2,2,1,1,2,2,1,2,2,3,3,3,2,2,3,1,1,2,2","84.89,87.73,94.72,85.10,90.19,90.19,100.00,84.38,87.30,92.71,89.82,89.26,87.01,86.02,85.30,81.35,91.78,88.84,92.99,85.57,89.55,87.94,81.97,87.80,91.00,82.30,88.45,92.91,89.17,82.75",35.53088052864256,1.0655625545188427,15.107905385832002,6
"0,0,0,1,0,0,0,1,0,0,0,0,1,1,0,0,0,0,0,0,0,1,1,1,0,0,0,0,1,1","97.25,97.65,96.31,98.69,97.24,95.27,96.14,97.24,96.26,96.67,98.47,97.25,99.14,98.90,96.59,95.55,94.38,97.35,97.69,98.32,98.81,95.82,97.46,99.00,97.51,97.99,97.05,98.05,96.93,97.49",72.87850219152388,0.7683634083408417,15.258714112423958,2
"3,2,1,1,1,2,1,2,0,0,1,1,1,1,2,2,3,1,0,3,2,3,1,1,3,2,0,2,2,1","96.32,97.09,96.73,95.28,94.49,95.93,94.32,98.09,97.00,94.92,95.55,98.35,97.97,96.37,95.47,95.82,97.44,98.01,95.34,97.61,92.53,95.94,94.36,92.28,96.69,96.14,95.77,99.07,97.06,97.47",83.26419580169784,0.5643328658143082,15.300898311391553,5
"1,2,3,3,3,2,0,2,0,1,1,3,1,2,2,2,0,2,0,1,0,0,3,2,2,2,3,1,2,3","94.70,95.53,94.99,94.77,95.47,95.72,95.37,98.67,97.64,92.91,99.70,93.60,95.36,96.25,95.43,97.99,95.99,94.60,95.70,99.55,98.85,99.93,96.66,99.12,92.25,99.81,97.32,95.61,99.14,93.07",61.20571126633947,0.7719484121284068,15.215380426368132,5
"1,3,1,1,3,1,2,2,2,3,3,2,2,0,1,1,0,3,2,1,3,3,2,2,1,1,1,1,0,0","92.64,97.15,96.79,95.18,94.97,93.82,97.60,92.33,95.60,94.70,95.55,97.23,93.28,97.31,91.98,96.18,97.48,95.62,95.26,98.07,96.29,94.24,97.22,97.51,91.90,94.08,95.74,91.94,95.43,96.63",67.89484990382189,0.9471194643554579,15.217919220115135,7
"1,3,1,2,1,2,3,2,1,2,1,2,1,2,3,1,3,0,3,0,2,3,1,0,3,1,1,0,2,2","96.07,96.07,98.59,95.70,96.89,95.09,92.88,97.29,94.58,95.43,95.82,93.67,97.60,97.68,98.28,93.70,95.18,97.26,91.89,95.29,98.45,90.33,92.17,93.35,98.65,97.57,97.09,97.76,96.50,91.12",63.24073391653616,0.5879441114569366,14.856731707192361,3
"2,1,2,1,3,1,2,1,1,0,2,0,2,2,2,2,0,2,1,0,2,1,1,2,2,1,0,1,1,1","97.29,97.56,97.07,95.72,98.65,91.72,92.55,92.67,94.45,93.78,96.06,96.04,94.26,96.77,95.57,96.19,99.84,95.35,95.63,97.79,97.78,96.59,95.76,96.57,94.71,97.56,96.13,91.57,97.74,91.39",51.919678799228095,0.6830659193086829,14.969909659614864,5
"2,1,1,1,3,2,0,1,1,1,1,2,1,1,3,3,3,2,2,2,2,0,2,0,1,2,2,2,3,1","95.50,92.85,97.06,97.60,97.33,92.48,95.50,95.79,95.80,95.20,94.43,93.63,94.33,100.00,94.62,94.85,96.53,96.69,93.01,92.38,92.85,97.51,96.71,95.19,95.46,95.73,96.48,98.41,97.06,98.38",45.402000522086226,0.767569215954299,15.276802105618605,4
"0,0,0,0,0,0,0,0,0,0,0,0,1,1,1,0,0,0,1,0,0,0,1,0,1,0,0,1,1,1","97.48,95.14,97.35,96.72,96.54,98.04,96.46,96.03,96.60,97.31,98.27,95.89,97.35,97.52,99.58,97.61,97.48,98.80,97.91,97.02,96.46,97.45,96.60,98.02,96.57,96.80,97.72,97.47,96.90,95.62",55.003694262424574,0.9195661955177478,15.168949539214251,2
"1,1,3,1,1,2,0,1,1,2,2,0,1,0,0,1,1,2,1,3,3,3,2,2,2,1,2,1,3,0","97.77,96.20,95.13,96.38,95.05,98.08,95.17,96.75,97.73,96.39,97.68,96.01,96.24,97.19,97.29,94.53,98.22,100.00,96.60,99.15,94.60,99.73,95.70,94.57,91.42,94.02,97.39,95.86,96.16,98.48",56.80616682493094,0.8592757296509393,15.154322180410398,3
"3,2,2,1,2,1,2,1,2,2,1,3,2,1,0,1,1,1,1,2,1,2,2,2,2,0,2,0,1,1","95.62,92.44,94.11,96.87,96.44,95.13,97.78,94.12,96.22,94.75,93.50,98.09,93.11,98.92,95.72,98.65,96.49,98.82,96.67,96.00,97.50,95.65,95.65,94.71,95.22,92.19,95.33,94.28,96.72,96.04",79.9645858914298,0.7788764005431336,15.094435000547488,3
"3,2,2,2,1,2,3,2,2,3,2,2,1,2,2,2,3,2,3,3,1,2,2,3,2,1,2,2,2,1","98.20,97.60,97.17,97.47,99.19,98.10,96.93,98.12,97.57,98.26,98.13,97.45,98.07,98.90,98.00,98.92,98.65,98.30,97.37,98.14,98.07,97.23,97.91,99.14,98.67,97.99,99.34,98.51,96.64,96.84",76.78603650904631,0.675640610133064,14.517885399516526,0
"0,1,1,0,1,0,0,1,1,0,1,1,1,1,0,0,1,0,1,0,1,0,1,1,1,0,1,1,1,0","96.39,99.16,98.11,98.10,97.40,95.50,96.31,98.03,96.39,96.42,96.25,98.07,97.59,97.82,97.51,95.88,96.71,98.62,97.32,96.68,98.24,95.53,95.88,98.31,97.20,96.29,97.85,97.03,96.46,97.79",69.89511045594962,0.709903671229764,15.02213591975598,2
"3,1,0,2,2,1,1,2,2,2,1,1,2,1,1,1,2,2,1,2,1,1,0,1,1,2,0,1,1,2","95.31,94.85,97.08,93.22,99.82,97.28,95.69,97.75,96.41,96.80,93.46,93.64,97.81,100.00,96.34,94.42,95.02,96.22,96.51,96.94,97.19,95.80,95.08,95.30,95.24,91.74,97.82,98.63,97.60,96.54",40.44270285088685,1.0010133994558497,14.69918146860267,4
"3,2,3,2,3,1,2,2,2,2,2,2,3,3,2,2,2,2,1,1,2,3,2,2,2,2,1,2,2,1","99.27,97.84,99.00,97.73,97.68,97.86,97.01,96.52,98.01,98.22,98.59,97.59,98.08,98.62,98.09,97.47,98.87,99.85,98.57,97.93,97.61,99.35,96.44,97.95,97.66,98.93,98.44,96.79,98.22,98.55",77.18900715234176,0.6758742363591235,14.81086217546424,0
"3,3,1,1,3,3,1,1,2,0,0,1,2,3,0,2,1,1,2,1,3,1,3,2,1,0,1,1,3,3","87.28,87.21,90.23,95.07,90.16,88.99,88.37,86.94,91.48,94.41,94.98,92.76,98.05,93.58,89.12,93.82,89.62,93.88,92.99,95.82,90.16,98.43,93.77,96.42,84.00,91.52,89.74,93.15,100.00,93.13",37.796747725224094,0.7256126475566825,14.70045946422549,1
"2,0,0,2,1,1,1,2,3,1,2,1,3,3,2,0,1,3,0,3,1,2,1,1,2,1,3,1,2,2","88.58,91.86,90.18,92.41,95.13,99.80,95.61,92.55,89.24,91.34,94.17,94.45,85.25,95.88,94.69,90.87,90.42,89.43,90.23,95.70,95.18,92.42,94.98,91.83,95.71,91.27,98.12,87.90,91.64,93.25",51.48237455495765,1.062191154038145,14.804064401797557,1
"1,2,2,1,1,3,1,2,0,3,2,1,3,0,0,1,1,2,1,1,1,3,3,1,1,2,1,3,1,1","93.31,89.23,91.21,90.25,97.27,92.49,92.67,89.45,86.81,89.29,95.21,89.43,91.58,91.45,93.74,85.60,95.05,93.84,92.30,89.80,94.73,94.12,92.46,93.14,91.58,89.06,94.71,91.19,95.21,89.18",45.087809306042004,0.7435786931811672,15.228075666992961,1
"2,2,3,3,1,3,2,1,2,2,2,2,2,2,2,3,1,3,1,2,2,2,3,3,2,2,3,2,2,3","98.24,96.85,97.56,98.15,97.32,97.19,98.82,98.20,98.20,95.77,96.31,97.88,97.67,98.21,97.71,97.31,97.64,96.76,95.81,97.77,98.13,99.47,97.54,99.49,98.70,97.68,97.24,98.35,96.32,98.25",67.5423328525537,0.5718524625787804,14.536053423959933,0
"0,0,0,0,0,0,1,0,1,0,0,0,1,0,1,1,1,0,1,1,0,1,0,0,0,1,1,1,0,1","97.00,97.59,95.40,98.05,97.60,97.42,99.01,98.70,97.25,95.27,96.96,98.92,97.67,97.13,97.09,96.66,97.61,96.05,96.17,97.33,96.33,97.84,97.01,95.32,96.53,96.72,97.45,96.27,95.41,96.26",71.25877230193899,0.7579839612705858,15.35413638676406,2
"1,2,1,1,1,3,3,2,1,1,1,2,3,3,1,1,2,1,1,1,2,1,2,2,3,1,2,1,0,1","94.63,88.94,85.21,91.67,91.17,88.95,95.29,93.46,85.00,92.49,92.51,90.01,94.84,95.28,89.77,95.74,90.71,92.09,93.32,92.24,91.85,94.72,94.54,93.87,89.53,95.29,89.93,89.62,92.89,89.51",46.261947866789896,0.629173533299976,14.615404787436029,1
"0,2,2,1,2,1,2,3,1,1,1,0,3,1,2,3,0,2,3,0,1,3,2,1,2,1,2,0,1,0","94.41,96.51,97.86,91.92,93.14,97.06,96.16,98.75,97.92,94.22,96.39,95.59,96.49,97.95,91.95,94.27,92.84,94.00,98.86,95.10,95.22,96.07,98.58,95.91,98.19,95.09,95.90,92.79,95.12,95.34",53.13250472332123,0.894526764147168,15.531075243896513,3
"1,0,0,1,1,1,0,1,1,0,0,0,0,0,0,0,1,0,0,0,1,0,0,1,1,0,0,0,0,0","97.91,96.40,95.61,97.35,100.00,97.86,96.90,96.89,96.26,97.65,97.88,97.55,97.52,95.29,98.02,98.63,98.30,95.95,97.59,97.19,96.97,96.91,97.24,97.44,96.19,97.88,97.89,98.10,95.89,97.18",65.23431950324206,0.7500801261615915,15.432167785034789,2
"2,2,3,2,1,2,3,2,2,2,2,2,2,1,3,2,2,2,2,1,1,1,2,2,2,2,1,3,2,2","98.01,98.54,98.77,98.09,96.44,98.94,98.49,97.95,98.52,97.99,97.13,98.37,97.59,96.83,99.06,98.24,99.22,96.84,97.94,97.85,98.26,100.00,97.89,97.98,97.67,97.28,99.11,97.81,98.57,97.72",56.03168544887813,0.5987631966331527,14.911480615804956,0
"2,2,2,2,1,3,2,2,3,2,3,2,2,2,3,3,2,1,2,1,2,3,3,1,3,3,2,2,1,2","98.37,98.96,99.34,97.98,98.89,98.44,97.67,97.69,99.27,96.70,99.42,97.50,100.00,98.25,97.87,99.42,97.67,99.27,97.88,98.18,98.64,98.52,98.60,98.78,99.81,97.00,97.64,98.36,97.49,98.06",60.310953139751106,0.6332985018971133,15.182387710126896,0
"1,2,2,0,2,0,0,1,0,2,0,1,2,2,1,3,2,0,0,0,1,1,2,3,2,3,2,1,2,2","96.78,98.64,97.64,97.51,97.50,95.90,98.57,98.15,98.47,93.86,94.10,96.89,92.23,97.17,94.11,95.64,94.53,94.37,93.67,94.44,92.90,97.23,97.58,94.88,94.38,96.48,97.84,99.30,95.00,96.69",81.41222298421718,0.7719622682168267,15.021591667448574,3
"1,2,2,0,1,2,2,3,3,1,0,0,2,1,2,0,2,1,1,3,1,1,1,1,2,0,1,2,1,0","94.50,95.19,97.38,96.03,93.96,96.71,96.49,93.79,96.92,94.25,96.24,96.75,93.19,99.76,93.37,96.26,93.63,96.96,96.44,95.50,95.52,96.82,93.16,94.60,94.66,93.14,96.66,93.30,97.12,94.16",71.04081806158692,0.6741770473174963,14.973582336278977,3
"1,0,0,1,1,1,1,2,2,2,3,2,1,1,0,0,0,2,2,0,0,2,1,0,3,0,2,1,1,0","94.31,93.85,93.00,99.34,91.51,97.50,97.54,95.85,93.77,90.96,94.76,97.21,95.71,97.87,96.05,94.32,95.70,93.38,96.71,97.37,97.58,98.67,94.84,97.99,97.03,94.27,95.26,95.12,94.60,94.26",58.79741708529112,0.8080299783998887,15.11558540019727,7
"3,2,1,2,2,1,2,2,2,2,1,1,2,2,2,3,3,3,1,2,3,3,2,2,1,2,2,1,1,1","89.34,86.11,92.50,85.96,90.67,92.29,86.97,90.00,90.79,88.73,90.38,83.05,87.44,85.51,88.89,84.14,94.02,93.06,84.38,83.49,95.44,89.61,89.11,96.43,84.47,88.96,84.84,95.76,88.74,88.30",53.59345664386264,0.9273391692023746,14.262743694721799,6
"0,1,1,3,1,1,2,1,1,1,1,1,3,3,3,3,3,2,2,1,1,2,3,2,1,2,1,1,3,2","90.61,86.31,91.81,90.75,94.27,93.53,93.41,90.13,92.53,95.97,91.52,96.92,88.89,88.40,92.23,88.24,92.20,92.43,92.27,88.58,95.47,89.80,96.89,93.87,90.96,96.48,92.01,89.69,89.23,90.77",72.00880735611074,0.8124513421380043,15.069270159808335,1
"0,0,0,0,1,1,0,0,1,1,0,0,1,0,0,0,0,1,1,0,1,0,0,1,0,1,0,0,1,1","97.39,97.95,96.84,96.27,96.50,96.95,96.22,97.45,97.63,97.56,96.07,96.83,94.64,95.21,96.41,97.05,97.35,96.08,97.01,96.88,96.81,94.46,96.96,99.87,94.63,98.05,96.37,97.23,97.70,96.90",47.62533245454878,0.8443052515506186,15.827183203912266,2
"3,2,3,1,1,3,1,1,1,1,2,1,0,2,1,1,2,0,0,2,1,2,0,0,2,2,1,1,1,3","92.91,90.28,93.43,92.92,90.46,90.67,90.10,84.66,91.53,90.87,89.31,96.84,89.09,95.81,90.04,94.62,90.62,90.49,91.39,92.95,88.32,89.49,95.34,91.82,91.63,89.07,90.30,94.64,95.23,87.17",80.39428658766138,0.6916915775946004,15.257584280882307,1
"1,2,3,2,2,2,1,2,2,2,3,2,2,1,2,3,1,1,1,2,1,3,3,3,3,2,1,2,3,2","98.66,97.55,98.82,98.53,97.64,98.13,97.51,97.35,98.77,97.67,97.21,97.71,96.98,99.10,97.70,99.25,96.60,98.35,98.29,98.12,97.38,97.86,98.90,98.77,97.52,98.37,98.86,99.27,97.66,97.44",68.13143074827673,0.6509497160678769,14.843630645562305,0
"3,1,1,2,3,2,2,2,1,3,1,1,3,3,1,1,1,0,1,1,1,1,3,2,1,3,1,1,3,2","94.12,90.84,100.00,97.07,85.70,94.04,91.14,86.99,87.36,91.15,92.81,88.32,87.34,92.66,90.70,95.77,91.71,93.32,90.49,93.30,92.52,98.88,92.37,92.49,93.37,92.05,89.69,93.07,92.94,90.98",42.80574788308435,0.9518435249143166,15.633631953749314,1
"2,3,3,2,1,1,2,3,2,2,2,1,3,1,1,2,2,2,2,3,2,3,2,1,2,2,3,2,3,3","98.43,97.95,96.63,98.54,97.97,96.99,99.08,98.97,99.31,97.26,98.50,98.09,98.45,96.83,97.86,98.37,99.85,98.64,97.49,98.77,98.36,97.44,98.11,97.93,98.56,97.91,99.19,97.37,98.04,96.98",68.47166803805037,1.0382950344734143,14.875796249287651,0
"1,2,2,3,1,2,3,1,2,2,2,0,3,2,2,1,1,2,1,2,1,2,1,0,1,0,2,2,3,2","92.56,97.87,94.05,95.42,93.62,97.45,100.00,93.96,98.00,98.86,96.78,97.65,92.57,94.92,95.36,96.03,99.32,96.08,95.30,96.39,93.72,95.29,97.32,100.00,94.18,94.88,92.94,94.49,94.09,100.00",87.3982993647773,0.9208639537147666,14.531839603301835,3
"1,2,2,2,2,3,3,3,2,3,2,2,1,1,2,1,2,2,1,3,3,2,2,1,2,3,2,1,2,2","97.80,98.05,97.71,99.25,97.46,97.77,97.39,97.60,98.58,97.45,99.40,97.54,97.61,98.12,98.76,97.84,97.15,98.13,98.09,98.76,98.48,100.00,99.49,99.16,97.89,99.24,97.91,98.11,97.43,98.21",62.61769119746502,0.7250626988442112,14.943907521983956,0
"1,0,3,1,1,1,1,3,1,2,1,2,1,2,2,1,2,1,3,2,1,0,1,2,1,1,1,3,2,1","95.70,89.83,89.54,92.35,95.72,92.70,88.87,87.47,88.34,90.13,89.52,93.85,91.15,88.31,89.55,93.76,90.34,99.16,92.26,89.36,92.20,91.87,87.10,96.59,91.72,93.09,96.00,94.47,90.79,91.90",33.24494349017483,0.6366487697102714,14.626139496917379,1
"3,1,0,1,0,0,2,0,0,1,1,1,3,1,2,1,1,2,2,1,0,3,2,2,1,1,2,3,3,2","100.00,95.10,97.99,96.29,95.22,95.39,96.06,97.14,98.41,94.68,91.51,94.11,98.66,97.14,97.67,94.01,98.95,93.36,92.40,95.96,97.95,94.61,94.77,97.58,91.89,98.15,94.99,96.39,96.11,97.03",59.55542404635813,0.49444554134762847,14.765906323533661,7
"2,2,3,2,3,2,2,2,2,3,2,2,2,2,3,1,2,2,2,1,3,3,2,2,2,2,3,1,3,2","99.31,97.73,98.42,97.03,99.32,96.62,99.03,96.90,97.56,96.54,97.35,97.79,99.68,97.11,97.09,97.90,98.33,96.79,96.70,98.17,97.77,99.04,97.65,97.68,98.78,99.23,97.40,97.70,98.98,97.47",69.46445062105747,0.6805747287405478,14.720989118358155,0
"2,2,2,2,2,3,1,2,1,2,3,2,3,3,3,2,2,3,2,2,2,2,2,2,2,2,3,3,3,3","97.62,97.69,97.76,97.03,97.20,99.16,97.58,97.82,98.01,97.49,97.20,97.98,96.96,98.62,97.64,96.29,97.39,96.96,98.47,97.00,98.47,99.04,97.65,96.65,97.96,97.80,99.29,98.64,98.06,97.99",54.19307251169414,1.0765936159639782,14.847080481334372,0
"2,2,2,2,2,3,2,1,2,1,2,3,2,2,3,1,2,3,2,2,2,3,2,2,3,2,3,3,2,1","98.75,97.87,98.10,99.25,100.00,98.51,98.81,98.96,96.52,99.38,98.14,96.62,97.35,98.61,97.74,96.86,97.63,98.91,98.27,98.32,98.95,97.33,99.09,98.04,97.66,97.13,96.90,98.65,98.68,97.77",61.198129563987536,0.9933790045031946,14.330269080794746,0
"2,2,2,1,2,1,2,1,2,2,2,2,3,3,1,1,1,1,2,2,1,1,1,3,1,2,2,3,1,2","86.20,88.92,97.74,92.01,86.14,96.77,87.51,87.21,86.74,94.66,87.13,92.12,91.71,89.41,89.26,87.89,94.71,88.78,83.60,85.99,92.82,87.65,92.53,83.64,87.09,83.24,92.12,93.34,84.80,90.15",44.2400713761794,1.0989957351355382,14.921050996154992,6
"2,1,2,2,2,2,2,1,2,2,1,1,2,3,1,2,1,1,1,2,1,2,2,2,1,1,3,1,2,2","87.66,85.62,91.92,90.42,84.69,82.92,92.62,87.38,88.99,91.48,91.87,91.33,89.26,90.77,93.83,88.69,96.45,89.75,88.14,84.78,83.42,89.55,86.51,92.53,85.57,88.58,86.68,88.21,87.28,85.76",48.84218992708759,0.8278402837198976,15.207703453546772,6
"3,2,2,2,1,1,2,2,3,2,3,2,2,2,1,2,3,2,3,2,1,2,3,2,2,1,2,2,3,3","98.87,96.93,97.07,98.66,97.94,98.00,96.81,96.97,97.94,96.62,98.94,97.17,97.61,98.44,96.64,97.39,97.95,97.38,97.83,97.15,98.76,98.46,98.94,98.59,98.43,98.89,99.03,98.10,98.63,97.72",87.32346078232476,0.5812064120120557,15.171431223870565,0
"3,1,1,2,3,2,2,2,1,1,1,2,2,2,2,1,2,1,2,2,1,1,1,1,0,1,0,1,2,1","95.38,96.33,95.94,98.87,95.92,96.62,98.11,97.96,95.51,95.56,95.11,95.10,99.20,95.05,94.40,92.91,96.66,94.19,95.20,95.75,95.87,94.03,96.22,96.76,100.00,95.43,93.03,96.66,95.54,92.45",62.71790376431946,0.6878064848937817,15.234186498192736,7
"2,1,1,2,1,1,1,2,0,1,2,3,1,3,2,2,1,1,2,1,1,1,1,1,1,1,1,1,0,2","97.29,95.48,95.51,97.24,95.22,96.55,99.42,95.91,98.97,96.41,94.75,95.89,95.38,95.59,95.27,96.04,99.74,94.08,96.80,93.74,97.60,92.80,93.13,95.07,97.33,95.49,96.15,94.01,97.21,95.87",60.308344829737855,0.9441691350314212,15.017900730068009,4
"0,0,1,1,0,0,1,0,1,1,0,0,0,1,0,0,0,1,0,1,0,1,0,0,1,0,0,1,0,1","96.02,97.74,97.10,97.77,96.24,97.00,98.01,94.35,97.52,97.11,96.30,96.38,97.98,97.50,96.72,97.38,97.07,97.11,95.16,97.20,96.12,96.33,96.61,96.07,97.66,96.69,98.00,98.53,97.98,97.25",48.80750678505228,0.7638532699874298,15.41043511548305,2
"2,1,2,1,2,3,1,2,2,2,2,2,2,2,1,2,2,3,3,2,2,2,3,2,1,3,2,2,3,1","90.30,87.00,91.97,91.16,93.60,83.89,87.45,90.51,87.58,84.84,90.14,89.07,88.99,83.69,91.30,90.76,81.48,79.40,88.28,85.35,91.23,92.16,89.13,92.00,89.21,87.84,83.40,84.87,83.06,85.72",46.1164953898075,0.7307795824192572,14.80611465107773,6
"3,1,2,2,1,2,2,2,2,1,2,2,2,2,3,2,2,2,1,2,2,2,2,1,2,3,2,2,2,1","91.26,96.06,85.37,88.68,91.32,88.86,96.06,90.30,85.21,82.11,94.06,79.42,85.65,88.73,84.67,88.20,94.25,86.11,91.57,91.23,86.82,80.24,81.34,90.14,85.91,89.11,88.31,84.48,81.10,88.17",40.553464574403776,0.6869888393726394,15.344504034199677,6
"2,1,1,3,2,1,2,2,1,3,2,0,3,1,1,1,1,2,0,1,2,2,1,3,1,2,2,3,1,0","92.61,89.32,91.22,90.99,89.79,90.79,89.29,87.94,91.37,91.74,92.24,95.99,92.68,93.48,88.82,97.40,91.61,95.15,89.41,87.23,94.09,89.48,93.01,93.86,94.55,92.68,92.25,84.85,89.85,93.92",53.14473845274332,0.5726037602240713,15.08202315141477,1
"1,1,1,2,2,1,2,3,0,1,3,3,1,1,3,1,0,0,3,3,1,2,1,1,0,2,1,2,1,2","98.90,98.79,95.87,92.72,95.19,97.01,94.70,94.04,95.66,100.00,99.22,94.25,97.51,96.44,97.54,96.17,96.66,95.54,97.60,96.22,92.71,97.11,92.57,96.36,95.22,96.75,96.81,94.55,96.72,98.28",69.92166623749713,0.5892394930596268,15.466176972188943,3
"1,1,1,1,0,1,0,1,0,0,0,0,0,0,0,1,1,1,0,0,1,0,0,0,0,0,0,1,1,1","95.47,98.26,98.02,97.21,96.81,98.05,97.89,96.25,97.15,97.28,98.12,96.25,97.08,96.79,96.92,98.03,96.99,97.36,95.93,97.16,96.52,98.92,97.33,95.86,96.60,96.95,98.08,98.53,98.40,96.99",53.42264680807237,0.800924863313807,15.02960377709846,2
"2,2,2,3,2,2,3,2,2,3,2,2,1,2,2,2,1,2,2,2,2,1,2,2,2,2,2,2,1,1","97.44,97.20,98.13,98.33,99.22,99.02,98.74,98.73,98.34,99.72,98.19,97.49,97.99,96.78,97.93,97.85,96.75,97.03,97.98,97.54,99.00,96.73,97.56,98.03,99.06,100.00,97.84,100.00,98.76,98.59",79.20244544698635,0.8169415606818198,15.321857223249765,0
"2,2,2,3,2,2,2,2,3,2,2,3,2,3,2,1,2,3,2,2,3,3,2,3,3,2,2,2,2,2","96.73,97.60,98.12,99.42,98.28,97.50,98.46,98.07,98.47,98.84,98.57,98.26,97.50,97.30,96.55,98.08,97.96,97.15,98.14,98.16,97.18,97.64,98.10,98.55,99.59,98.20,98.00,98.47,99.03,98.35",62.45117802673161,0.9485911967133175,14.954431445150739,0
"1,1,1,1,1,2,1,0,0,3,1,2,2,1,1,1,2,2,1,2,1,3,1,1,0,2,2,0,1,1","85.78,95.50,94.71,89.37,94.28,93.40,91.94,94.26,92.66,92.32,95.09,91.18,93.15,88.79,90.26,94.42,87.35,89.83,96.64,91.42,96.33,93.32,91.35,89.84,95.25,97.85,90.89,93.80,96.93,94.10",26.72331876727279,0.736163838619337,14.670646905168878,1
"1,3,3,1,2,2,2,2,2,3,2,1,2,2,2,2,1,1,3,1,2,2,2,2,2,2,3,2,2,2","97.06,97.63,97.01,98.09,97.51,97.47,98.72,99.02,97.76,96.74,98.52,98.77,97.80,97.27,97.43,99.29,98.10,97.98,98.37,98.02,98.34,97.19,96.33,98.55,97.56,98.23,97.43,97.48,96.57,97.03",68.70528129955875,0.9855287271784442,14.922499335122868,0
"2,2,2,0,3,1,1,2,0,3,3,2,2,0,1,1,3,0,3,2,2,2,3,2,1,3,1,2,1,1","90.35,92.61,90.41,91.26,97.46,93.16,94.71,93.19,91.06,90.12,85.83,96.16,89.33,88.94,91.21,92.29,93.43,87.58,88.34,91.32,92.71,91.86,89.63,93.68,93.66,100.00,91.00,89.31,95.43,94.28",45.52835131617434,0.7366863985301898,14.864744453902915,1
"1,1,1,1,0,1,1,2,0,2,1,0,2,2,1,2,2,3,1,3,0,1,1,0,1,2,3,1,2,2","93.10,95.13,94.98,96.34,95.77,95.07,94.86,97.23,98.86,98.07,94.77,92.95,95.29,96.29,96.99,96.59,97.94,99.28,97.71,97.90,93.79,100.00,98.81,96.25,95.91,98.31,96.34,97.16,98.49,96.83",57.442983525540235,0.748648308340911,15.122740302984779,7
"1,2,0,2,2,2,2,1,1,1,1,1,3,2,1,1,2,2,2,1,2,2,1,2,1,1,2,1,2,1","91.94,91.79,88.83,95.66,98.17,90.42,92.93,92.56,91.78,92.56,89.45,90.88,95.14,90.11,87.84,91.69,92.51,91.19,86.29,88.28,91.34,97.57,91.21,96.47,97.78,90.73,91.46,95.77,88.75,90.36",15.63498449226185,0.9203130636608345,15.285012267679548,1
"0,0,0,1,2,2,3,1,2,0,1,0,1,1,0,1,1,2,0,1,2,2,1,0,1,2,1,0,1,0","98.78,95.18,93.52,91.97,96.37,93.80,97.67,95.67,95.83,92.51,96.60,96.11,90.53,96.89,98.43,94.13,100.00,95.28,96.36,95.65,95.27,97.71,93.80,94.38,94.05,94.79,100.00,94.57,93.89,94.00",53.13187815345284,0.9493111997988904,15.783133199486262,3
"3,2,2,1,2,2,3,2,2,2,2,2,2,2,1,3,2,2,2,2,2,2,2,2,2,2,1,3,1,2","98.20,99.24,97.37,95.98,98.73,98.48,98.34,97.97,98.42,98.61,96.27,99.02,97.40,97.50,97.28,98.05,99.30,97.49,96.46,98.11,96.49,98.42,98.07,97.26,98.46,98.98,98.54,97.84,97.50,99.91",65.97111344832015,0.8883295094830874,15.3208780219383,0
"2,1,1,2,0,1,0,1,0,0,3,1,1,0,0,3,2,0,2,0,3,1,1,2,2,1,1,1,3,1","98.08,96.49,98.27,95.27,97.61,97.47,96.08,96.22,95.47,95.48,98.84,96.93,96.12,97.84,94.43,97.96,98.60,95.64,94.16,95.31,91.32,93.58,94.87,96.78,91.63,95.72,95.17,96.54,97.25,94.54",57.6589204599667,0.6539164977875839,14.969400946571243,7
"1,0,1,1,1,1,2,2,1,0,2,2,3,1,2,3,2,0,1,1,2,1,3,3,1,3,2,2,3,0","100.00,94.58,94.10,97.32,95.77,97.46,97.44,97.94,92.61,93.57,93.99,96.72,96.78,96.27,95.11,95.04,95.82,92.05,92.91,96.67,98.97,94.63,98.67,93.65,96.64,95.19,95.25,95.11,95.79,96.45",74.18667836904501,0.8797216112856745,14.877194493021676,3
"2,3,1,2,2,1,2,2,3,2,1,2,1,2,2,2,2,2,3,2,2,2,2,2,3,2,1,2,2,2","98.28,99.40,99.19,97.02,97.71,98.85,98.68,97.03,96.94,97.80,98.38,98.25,97.77,97.86,99.51,97.36,97.20,97.58,98.40,99.54,97.18,98.52,98.11,98.14,98.20,99.00,97.09,97.48,97.98,98.59",74.02429461712183,1.246211200818911,15.216168016420319,0
"2,2,3,3,1,2,1,2,2,1,2,1,2,1,3,2,3,1,2,2,2,2,3,3,1,2,3,2,2,3","97.46,98.47,98.80,96.47,96.98,98.75,98.29,99.08,99.05,98.65,97.75,98.69,97.22,98.45,96.56,97.02,96.45,99.25,98.70,98.40,98.37,97.54,96.96,97.45,98.56,97.96,97.92,96.83,97.14,98.08",64.6602698395776,0.8071133004714554,15.202741391684805,0
"1,3,2,1,1,1,2,1,2,2,2,2,1,1,1,3,2,2,3,2,2,2,3,2,2,3,3,3,1,2","91.89,90.71,85.18,85.92,88.78,92.07,88.83,87.71,88.45,92.35,85.73,84.41,87.03,84.35,88.11,84.86,89.60,84.40,89.68,88.18,82.84,86.64,85.10,93.76,91.79,91.91,87.97,87.11,86.48,87.00",38.28918662594384,0.6434837892288641,14.7253266472376,6
"2,3,2,2,2,2,3,1,2,3,1,1,1,2,3,2,2,2,2,1,2,3,2,2,2,2,2,2,3,1","78.69,90.23,79.23,92.45,91.74,80.38,92.05,83.42,88.65,86.91,85.84,84.26,87.52,94.03,90.57,87.44,91.30,83.23,82.12,81.96,82.59,84.00,94.80,84.45,93.40,88.98,83.86,81.55,95.08,83.56",25.690696613872152,0.6623009991852943,14.735621864835831,6
"0,1,0,0,0,1,0,0,0,0,0,0,1,0,0,1,0,0,0,0,1,1,0,1,0,1,0,1,0,0","97.48,96.63,97.37,95.80,98.87,98.42,95.76,97.43,96.42,95.73,97.31,97.64,98.64,97.45,97.53,96.61,98.87,95.16,98.35,97.20,98.40,97.97,95.57,98.36,97.60,95.26,96.34,97.40,96.94,95.72",61.21194843413377,0.8945067850032172,15.46933274674854,2
"1,2,1,2,1,2,2,1,2,2,1,2,1,2,2,2,2,1,1,2,1,3,2,2,2,3,2,2,3,2","97.18,99.05,97.21,96.31,98.72,98.35,97.12,97.45,98.69,98.44,97.29,96.74,98.24,97.24,98.52,97.50,98.72,98.78,97.85,97.32,97.96,97.72,96.88,97.68,96.56,97.30,99.69,98.79,98.32,98.80",61.04754475363974,0.5500698513552587,15.065144789820497,0
"3,2,2,2,2,2,1,1,2,3,3,3,2,2,1,2,2,2,2,1,2,2,2,1,2,3,3,2,3,2","98.52,97.82,98.36,97.41,97.95,99.16,96.90,99.41,97.15,98.28,98.67,99.34,97.11,97.37,97.86,97.77,98.64,98.40,97.97,97.51,98.48,97.55,99.47,97.49,97.79,97.51,97.51,98.10,98.80,97.56",74.36079416448108,0.9669546236381285,14.641956290861295,0
"1,0,3,3,2,0,0,2,1,1,2,0,0,1,1,2,1,1,2,0,0,1,1,0,1,2,2,1,3,2","97.05,97.49,95.62,94.28,93.35,94.82,95.65,96.94,95.05,98.47,99.02,98.61,92.94,94.91,96.36,94.48,96.83,94.24,96.44,97.09,95.40,95.59,95.77,98.87,96.35,96.28,94.84,98.10,98.67,94.83",40.40112180632401,0.9237536195163751,15.140711858148858,5
"3,2,2,1,2,1,3,1,2,3,2,3,1,2,3,2,1,3,1,2,1,1,2,2,3,1,3,3,2,2","88.97,83.90,92.79,84.82,88.46,84.71,91.27,83.00,88.55,80.42,84.36,83.24,84.19,93.31,89.80,81.52,83.37,81.95,90.16,84.18,88.31,91.61,80.91,81.44,86.23,93.06,86.44,86.51,98.66,92.45",60.28297695539403,0.9570130671481814,14.971501197818805,6
"1,2,2,0,1,3,2,3,2,3,1,0,2,0,2,2,1,3,0,1,2,3,1,1,0,1,2,3,2,1","87.88,94.16,88.78,95.71,93.04,93.89,94.76,90.89,91.99,89.79,86.74,89.06,93.40,88.92,89.21,90.40,93.79,94.58,96.49,94.95,91.03,87.81,94.02,95.21,99.35,89.16,93.32,90.58,91.85,93.26",55.35523443782007,0.8564300330093623,15.0692259518109,1
"3,2,1,2,2,1,2,2,3,1,2,1,1,1,0,1,3,2,2,3,2,3,2,2,2,2,2,3,1,1","91.19,100.00,94.08,97.40,89.22,94.24,96.56,86.53,95.28,95.45,96.17,90.95,91.92,90.83,91.67,95.59,97.44,92.29,95.50,91.38,96.29,87.62,97.66,90.65,95.96,96.59,90.63,94.58,90.46,85.78",40.034193442779085,0.7446433442891843,15.566919827059388,1
"2,2,1,2,2,1,2,2,1,2,2,2,3,2,2,2,3,2,2,2,2,1,2,1,2,1,2,2,2,2","99.12,98.07,97.53,96.76,98.90,98.99,97.81,96.66,100.00,97.60,98.38,99.45,97.32,98.55,97.83,97.28,98.40,97.92,97.80,98.90,98.08,97.74,97.88,97.83,97.80,98.09,97.49,98.07,98.39,98.36",71.94711997724019,0.9570031308325404,14.64988941351816,0
"3,2,2,2,2,2,2,2,3,3,2,1,3,3,1,3,2,2,2,2,1,3,2,2,2,2,3,1,2,2","97.06,98.59,98.67,98.09,98.63,99.43,98.71,98.98,97.81,97.88,98.03,97.87,98.00,98.49,96.84,99.54,97.42,98.51,97.50,96.44,97.53,97.50,96.52,97.51,97.43,99.25,97.67,97.20,98.09,99.26",77.87063161246478,0.8939034460563826,14.59821818559174,0
"2,2,1,2,2,3,3,2,2,2,2,2,1,2,2,2,2,1,3,1,2,1,3,2,2,1,2,2,2,3","96.56,97.97,98.45,99.22,98.33,97.50,98.05,98.42,99.00,98.46,98.24,99.61,98.69,97.52,96.79,95.30,97.78,98.44,97.59,99.02,97.48,97.91,96.80,97.74,99.05,97.79,98.82,98.02,97.83,97.40",80.58258208081689,0.6973543050576981,14.295103698247562,0
"2,3,3,1,3,1,3,2,2,2,1,1,2,2,0,2,1,0,1,1,2,1,3,3,2,3,1,2,1,2","95.70,92.97,98.41,95.16,95.39,95.63,97.05,97.35,98.28,95.84,94.18,96.69,97.59,96.90,91.32,93.97,95.70,95.67,94.65,94.56,95.48,98.81,94.39,95.90,95.26,95.35,96.28,94.04,97.32,94.17",67.72964159207852,0.827612088023241,15.281798042625718,7
"3,1,2,2,1,2,1,3,3,2,2,1,0,1,1,3,0,1,2,3,3,1,3,1,2,2,0,1,3,2","98.78,96.88,96.68,96.63,91.55,94.86,94.76,99.12,94.02,94.54,96.83,94.15,94.34,99.71,93.41,97.75,90.56,90.60,99.18,98.44,95.27,94.50,94.62,96.73,94.04,99.11,94.72,96.13,96.69,96.70",42.35948595257295,1.2157195959578695,14.964248349528862,5
"2,2,2,2,2,2,1,1,3,2,1,3,2,3,2,2,3,2,2,2,2,2,3,2,2,2,2,1,1,2","98.80,98.95,97.66,97.17,97.16,97.52,97.37,99.11,98.05,97.92,98.67,97.48,99.11,97.58,100.00,99.39,98.71,98.52,97.86,97.56,97.23,98.16,97.85,97.68,99.03,98.27,98.94,97.96,98.68,98.55",75.7672542783444,0.5471712622082284,14.634414537544016,0
"2,2,3,2,2,2,2,1,2,2,2,1,2,1,3,2,3,2,3,3,3,2,2,3,2,2,3,2,2,3","98.72,96.13,97.79,100.00,98.72,98.79,99.40,97.27,97.82,97.37,98.03,97.06,97.10,98.67,97.09,97.45,98.65,98.87,98.33,98.54,98.55,96.86,98.22,98.49,98.11,97.33,98.52,98.85,98.97,97.61",66.97513659118295,1.1042240040859144,14.448967123389957,0
"3,0,1,0,0,1,0,1,1,2,3,2,0,3,2,1,2,2,0,2,0,2,2,1,2,1,1,2,1,2","94.16,94.56,94.04,96.64,96.13,95.04,98.69,95.59,95.42,93.70,94.40,94.45,96.69,96.54,95.53,94.21,92.44,92.94,93.41,96.91,95.69,93.97,96.56,97.97,96.19,96.09,94.49,97.72,95.11,95.44",57.52272138293914,0.9008626610918783,15.17399007360064,3
"2,2,2,1,1,1,0,1,2,1,2,1,1,1,2,2,0,0,2,2,3,2,0,2,2,2,2,0,0,1","97.14,97.05,97.39,97.68,95.81,94.21,96.95,95.70,93.91,93.59,96.91,96.90,96.80,97.27,97.20,97.83,93.75,95.67,96.64,94.65,94.83,94.03,95.31,99.02,93.98,94.10,91.84,95.73,95.35,96.68",67.36331453490911,0.6955360407921485,15.059288007973537,4
"0,3,2,2,1,2,2,3,1,1,1,2,1,0,0,0,1,1,2,0,3,0,2,3,2,2,1,3,0,3","96.88,95.94,98.19,90.38,95.14,97.00,97.45,95.62,93.57,93.52,95.64,99.78,98.37,90.87,98.86,94.11,93.49,93.63,93.56,95.78,96.50,99.49,93.81,94.68,95.78,98.42,96.06,94.20,92.66,96.58",57.899308231049815,0.9132358039960001,14.486940885346531,5
"1,2,2,2,2,3,2,1,2,2,2,1,2,2,2,3,1,2,2,2,3,3,2,2,2,2,2,3,1,1","99.12,97.13,96.45,97.80,97.93,98.63,97.33,98.34,97.93,98.13,98.50,97.93,97.59,97.72,97.08,97.58,97.41,98.31,98.64,97.71,98.28,98.15,97.16,98.74,97.78,97.97,97.67,97.17,98.26,97.29",62.10645298393962,0.6980142190185753,15.297027626252413,0
"0,3,0,0,2,1,1,2,2,1,3,2,0,2,1,3,3,1,2,0,2,2,2,3,0,1,1,3,3,2","95.61,95.47,93.97,94.98,95.90,97.25,94.82,97.54,96.97,94.49,96.02,97.71,96.13,98.98,100.00,95.94,97.84,96.99,93.09,98.33,95.45,96.91,95.62,96.38,98.25,96.14,90.18,96.21,96.55,95.31",46.12994150447365,0.5544045886569643,14.856049787809193,7
"2,1,2,1,2,2,1,1,3,3,2,3,1,1,3,2,2,2,3,1,1,2,1,2,1,2,2,1,3,1","96.53,96.96,96.64,97.99,97.22,97.55,97.02,96.80,97.26,99.12,97.08,98.72,99.34,98.30,99.26,98.10,97.27,98.48,97.39,97.76,98.63,97.99,97.20,97.42,96.54,98.76,99.25,98.27,98.41,98.37",79.39733838597577,0.9477944046506561,15.708356851869723,0
"0,0,1,1,0,0,0,0,0,0,1,0,1,1,1,0,1,0,0,1,0,1,0,0,0,0,0,0,0,1","97.51,96.61,96.91,96.18,97.90,97.06,95.51,96.44,96.95,96.80,96.07,98.13,98.60,97.93,97.66,97.47,96.84,99.05,96.15,95.03,96.66,96.59,96.10,95.93,96.56,96.88,96.77,98.70,96.93,97.69",56.11038117548919,0.6797367289695851,15.029987176179427,2
"0,0,0,0,0,1,0,1,0,0,0,0,1,0,1,1,0,1,1,1,0,0,0,0,0,1,1,0,0,0","97.90,95.65,98.59,97.16,96.85,95.50,96.40,96.72,97.23,97.70,96.02,98.00,98.39,97.83,98.14,95.05,96.92,96.96,96.31,96.42,98.19,96.47,96.53,97.61,96.99,96.48,95.18,94.04,97.64,97.66",52.397510789087484,0.8656944100733213,15.179963455026336,2
"1,0,1,0,3,3,1,2,2,1,3,2,1,2,0,0,2,1,0,1,1,1,3,3,2,1,2,2,3,2","97.65,95.06,93.71,96.35,96.82,96.52,97.78,90.91,94.73,98.50,94.70,93.61,94.34,95.16,97.91,95.47,93.81,98.35,97.13,94.90,97.24,97.49,95.65,99.34,98.03,95.26,95.65,96.68,95.74,96.01",62.798417048841436,0.7244063770836747,14.88380854944359,7
"3,1,2,1,1,3,2,1,1,1,2,2,2,2,1,0,1,1,3,2,1,2,3,3,2,1,3,0,0,3","93.24,94.15,98.65,98.28,94.85,98.39,99.57,96.85,97.24,96.65,95.99,97.42,95.10,97.97,98.50,99.52,97.90,92.68,95.54,95.89,95.30,95.58,95.29,95.90,95.66,96.87,98.46,95.33,95.29,97.55",59.53656522219343,0.7190336247246326,15.209192954400974,3
"0,0,0,0,1,0,1,1,0,1,1,1,0,0,0,1,0,0,1,0,1,0,1,0,0,1,0,0,1,1","95.07,97.05,98.28,95.55,95.04,96.20,95.99,97.22,97.54,96.79,95.82,95.58,95.49,97.83,98.40,97.79,96.71,96.36,96.31,95.36,97.16,98.58,97.11,95.99,96.16,96.55,96.57,96.02,95.54,95.16",53.4645313126363,0.6854655015012713,14.985448284037593,2
"0,1,1,0,0,1,0,0,1,0,0,0,0,0,0,0,0,0,0,1,0,1,1,1,1,0,0,0,0,0","97.38,96.28,97.28,96.77,95.41,97.83,98.80,94.34,96.60,98.38,97.42,97.61,97.73,98.53,96.19,96.42,94.96,95.31,95.94,98.68,97.24,95.76,97.22,96.93,95.30,97.39,95.98,96.48,96.48,97.63",59.67458616109987,0.7419684312657663,15.307748588171298,2
"1,3,1,1,0,2,2,2,3,1,1,0,3,0,1,1,1,2,1,2,1,1,1,2,1,2,2,0,0,0","96.49,97.77,95.74,98.80,99.51,98.71,96.05,97.13,98.35,97.10,93.99,93.81,94.73,95.72,89.77,96.18,98.50,98.57,98.70,97.24,94.72,94.06,99.84,96.28,95.98,93.98,98.65,94.10,96.45,99.67",61.6585280508782,0.7141559289477557,15.873686809533602,4
"2,2,2,3,2,3,1,3,1,1,2,2,2,2,2,2,2,1,1,2,1,2,2,2,2,3,2,2,2,1","98.62,96.32,97.34,97.97,97.18,97.70,97.43,99.05,97.39,97.73,98.16,98.31,97.78,97.40,97.15,96.65,97.13,99.45,97.98,97.47,96.72,98.83,98.98,96.82,96.77,97.73,97.86,99.18,99.94,98.57",70.6884060650287,0.7243254051551712,14.778458122441789,0
"2,1,3,2,2,3,3,3,2,2,1,2,3,3,2,3,3,2,1,3,2,2,2,2,1,2,2,2,1,1","99.46,97.78,98.51,96.73,98.79,97.85,99.34,98.69,98.59,99.11,98.89,98.44,98.39,96.49,97.45,97.53,98.25,97.48,97.54,98.29,97.85,98.15,98.52,98.73,97.95,98.47,98.20,97.81,98.83,98.77",73.701065039276,0.5962099989202051,16.002829807348334,0
"0,2,1,0,2,2,2,3,1,0,2,1,0,1,1,3,2,2,3,1,1,2,3,1,1,3,2,2,1,1","93.91,95.35,97.33,93.86,97.58,97.77,93.69,98.36,96.88,98.54,95.68,98.57,95.17,95.32,95.01,96.71,94.69,93.00,94.52,95.95,96.45,95.88,95.67,95.45,96.98,94.21,94.83,97.52,100.00,99.13",52.33109628188955,1.139525961961562,15.008697567000073,7
"1,3,1,2,2,2,1,1,1,1,2,3,3,2,2,1,2,3,3,2,2,2,3,1,3,3,1,1,1,1","93.36,92.89,93.58,88.62,91.62,93.57,95.03,94.24,91.51,92.02,90.56,90.81,93.40,86.26,89.42,93.55,90.21,92.94,90.55,91.06,90.06,89.37,93.72,88.94,91.92,90.20,92.17,94.60,91.40,90.81",66.06960323180061,0.5589509541218245,15.132521984904601,1
"2,2,2,3,2,2,1,1,2,2,2,2,2,1,3,2,1,2,2,2,3,3,2,2,2,2,2,2,2,2","97.38,97.53,97.44,97.40,97.67,96.71,98.32,97.16,97.14,99.57,96.16,98.32,97.27,97.56,97.52,96.56,97.63,98.46,97.71,97.52,98.60,96.78,97.92,97.27,97.72,97.52,97.36,98.00,98.06,98.47",59.919320803618454,0.48801851412453734,15.29414854483637,0
"1,2,0,3,1,2,1,2,1,3,1,1,0,2,0,2,3,2,2,2,1,1,3,2,0,2,3,1,1,1","87.91,91.65,89.58,94.99,87.33,90.88,87.54,86.16,89.84,90.63,92.92,88.95,90.24,87.63,91.14,97.65,94.29,86.61,91.76,87.75,95.09,89.65,88.19,94.18,83.85,90.61,93.70,94.92,93.43,93.28",58.01922947810013,0.83662824031294,15.09485488436641,1
"1,0,2,1,1,3,2,3,1,0,1,1,1,2,0,3,1,1,2,3,1,2,2,1,0,0,2,2,1,0","96.67,95.34,93.48,93.54,96.53,97.50,92.03,92.99,96.81,96.14,93.53,92.27,89.56,96.23,96.70,98.82,95.12,96.41,95.85,96.77,98.72,94.44,94.61,95.46,96.51,94.31,100.00,95.77,95.64,96.13",53.97996663589133,0.7290439600936202,15.046656082783448,5
"3,0,3,1,2,0,3,1,1,1,2,1,1,1,2,1,2,1,1,1,2,1,2,1,3,1,1,3,1,1","94.41,92.60,92.58,86.97,87.51,95.84,88.98,90.55,90.72,89.94,92.98,86.54,96.39,89.61,89.55,89.33,90.58,90.00,90.85,90.42,95.73,97.27,93.97,93.83,92.75,92.38,91.77,90.81,89.37,94.80",49.395947464197995,0.8341982075120059,15.136782318014822,1
"1,1,1,2,2,2,1,1,1,0,1,1,2,1,1,2,0,1,1,0,0,3,1,1,1,0,0,2,3,1","97.84,97.69,95.82,99.92,94.97,96.84,99.07,97.65,93.41,95.37,100.00,94.35,97.23,96.27,97.26,96.45,95.41,95.52,94.11,98.59,96.23,96.13,96.86,98.40,99.19,93.57,96.10,97.22,95.33,96.95",63.56658225345797,0.96045404538056,14.714282388824767,4
"0,3,3,0,2,1,2,1,1,0,3,1,2,0,3,3,2,2,2,2,3,1,1,2,1,2,1,2,3,1","91.53,97.14,93.06,90.99,93.72,93.88,92.78,92.51,94.60,93.90,92.02,90.38,88.93,92.18,92.55,91.15,92.47,92.89,92.54,93.31,92.69,90.51,95.36,98.66,96.16,89.15,94.83,89.17,90.56,90.17",43.464649701220196,0.6918056549232614,14.426274045946707,1
"2,1,2,1,3,1,1,1,1,0,1,1,2,1,1,1,1,3,1,2,1,2,2,0,1,2,1,1,0,1","95.38,94.70,96.80,96.26,94.43,96.04,96.95,98.38,100.00,98.28,97.00,96.78,96.74,95.92,96.13,97.13,97.76,96.50,95.67,97.98,94.81,98.38,97.05,92.89,96.34,94.58,96.36,92.97,98.62,96.16",56.324605193502215,0.7652430781474536,15.66887649047504,5
"2,2,2,1,2,2,2,2,2,2,2,2,3,2,3,3,2,2,3,2,2,2,2,2,2,2,2,2,3,2","98.23,96.80,97.82,97.34,96.95,97.43,97.43,97.47,97.11,97.19,98.59,97.96,98.02,97.91,98.43,99.17,98.97,98.11,97.70,98.24,97.26,98.28,96.38,98.98,96.87,97.68,99.67,97.90,97.23,96.35",73.17768101594385,0.6209592812047666,15.201261375853996,0
"2,1,1,1,2,1,2,3,1,2,1,2,1,2,1,2,2,2,3,2,1,2,3,3,2,1,2,3,1,3","96.37,91.98,90.64,93.06,90.77,91.66,88.28,95.39,100.00,89.31,94.14,89.59,88.54,90.00,81.29,88.77,87.94,94.51,94.48,97.75,95.46,91.49,88.62,91.19,93.55,92.06,92.21,92.74,97.55,92.50",75.6699823508039,0.6425521909669872,14.746687448103534,1
"2,1,1,3,2,1,1,1,2,3,3,2,3,0,2,1,1,2,2,2,1,2,1,2,2,3,1,1,1,1","93.19,90.18,93.75,92.27,89.46,91.75,86.80,89.90,91.60,94.43,92.99,93.13,90.81,91.95,90.69,89.05,89.18,94.65,94.56,95.12,84.95,89.47,92.18,94.30,87.69,93.75,88.47,94.39,86.98,98.15",52.033182957359685,0.7689055963491639,14.587780165164958,1
"2,2,2,2,2,2,2,1,1,2,2,1,2,2,1,3,2,2,1,1,2,2,2,2,2,2,1,1,3,2","98.06,97.42,97.56,99.03,97.48,97.37,97.15,97.04,96.36,97.02,98.64,98.61,97.13,97.51,98.48,98.30,98.96,97.11,97.96,99.08,98.65,97.65,98.36,100.00,97.86,96.35,97.72,97.85,97.86,97.44",70.46643960632952,0.7159422043721975,15.325991717580704,0
"2,3,2,1,1,3,2,3,3,2,2,3,2,3,3,2,1,1,2,1,1,1,1,2,2,2,1,3,2,1","92.16,91.72,87.07,86.33,82.95,94.03,87.52,94.37,89.26,89.15,92.08,92.30,97.48,87.83,93.57,92.54,87.20,92.14,90.46,89.11,88.11,85.75,88.34,86.66,93.82,82.43,94.06,78.85,88.48,80.53",45.49938474061594,1.0237709271377793,15.38830263897189,6
"1,2,2,2,2,1,1,2,2,3,2,3,2,1,2,1,2,2,1,1,1,1,2,1,1,2,2,2,2,2","85.05,87.75,89.55,88.38,94.55,88.80,90.24,89.33,85.20,89.01,90.66,88.55,85.79,97.06,90.40,81.99,89.54,94.55,92.74,78.10,83.51,86.92,86.30,92.36,96.39,81.44,92.88,87.49,90.35,86.84",32.46608818687679,0.7062357645284798,15.282684489470734,6
"2,1,1,2,3,1,2,1,1,3,2,0,3,2,3,3,1,2,0,1,1,1,2,0,1,1,0,2,0,0","92.27,92.32,92.18,91.33,92.19,100.00,88.40,91.53,94.93,90.99,95.34,94.52,90.61,89.82,85.73,93.97,93.10,91.59,92.92,94.44,91.79,91.73,98.51,97.90,92.44,91.10,90.77,86.49,95.32,85.81",64.23735473661078,0.7779522102547305,14.409323113953516,1
"2,3,2,3,1,2,2,2,2,2,2,2,2,2,2,2,1,2,2,2,1,3,1,2,2,2,1,1,2,2","97.68,98.20,96.95,96.64,98.24,97.18,97.79,98.31,96.72,98.83,97.17,97.86,99.18,98.57,98.07,97.08,100.00,97.93,97.63,97.17,98.02,98.38,98.19,99.51,96.61,96.93,98.31,99.37,97.57,98.09",63.6967938760623,0.6199096927763782,14.907307568617226,0
"2,2,2,2,3,2,1,2,2,2,2,2,2,2,2,3,2,2,2,3,1,2,2,2,2,3,2,2,2,3","97.71,98.18,97.90,97.75,98.26,97.03,97.74,96.80,98.44,96.15,99.29,97.09,98.44,97.31,97.90,97.97,97.82,97.95,98.48,96.86,97.93,97.22,97.80,99.19,97.36,97.07,97.90,97.51,97.06,97.86",70.213701275037,0.5886149601827788,15.092900311211848,0
"3,3,1,2,3,1,1,3,2,2,2,2,2,3,1,2,3,3,2,2,3,1,1,2,2,2,3,3,2,3","97.87,98.10,97.18,98.31,98.59,97.42,97.09,97.86,98.38,97.68,98.45,98.18,97.87,97.54,99.46,99.10,98.32,98.70,97.17,97.31,96.00,96.73,98.63,96.57,97.27,98.12,97.02,97.36,97.71,97.88",76.71135423142505,0.6027209066677893,14.463095463688148,0
"1,2,3,1,1,0,3,3,0,1,1,1,1,1,2,0,2,2,2,1,1,1,1,2,1,1,3,1,2,2","86.24,92.42,96.07,92.50,93.03,92.61,96.92,96.42,89.36,98.53,88.59,93.90,93.95,92.81,93.81,97.46,90.97,90.75,91.94,94.39,91.96,95.77,98.11,95.04,90.74,97.34,93.25,93.68,93.08,89.39",47.33570225332417,0.9871459134531632,15.346079234549103,1
"2,2,3,2,2,2,2,3,2,3,2,2,2,3,3,2,2,2,2,2,3,1,2,2,2,1,2,2,2,3","98.22,97.88,98.66,96.30,99.38,97.96,97.33,99.78,97.98,98.36,98.41,98.04,99.60,98.49,98.32,97.84,99.38,98.39,98.75,96.78,97.30,98.09,99.76,99.21,98.90,99.15,97.13,97.97,97.67,97.16",55.5566417668653,0.8788199859580865,14.82055076927025,0
"2,0,2,1,1,2,2,1,3,0,2,2,2,3,2,1,3,1,0,1,3,1,2,2,1,2,1,3,3,3","95.16,96.14,93.98,98.90,98.48,96.30,97.20,95.43,99.91,94.84,97.45,94.87,96.39,96.59,97.17,98.68,94.26,98.68,96.17,90.52,93.20,95.46,91.92,95.65,97.63,97.70,97.81,96.47,95.15,95.70",69.79601193463898,0.8712479126790514,14.905477017531272,4
"0,3,2,3,2,3,0,0,3,2,1,2,0,1,1,2,1,3,2,3,1,1,3,1,1,2,3,1,1,2","89.22,96.43,90.36,93.39,92.40,95.20,93.94,93.61,90.82,86.13,87.94,94.43,89.70,93.01,88.07,96.48,93.75,95.81,88.53,95.29,88.18,95.42,89.24,94.87,90.26,88.32,90.44,95.52,91.75,90.24",10.0,0.5704142029755394,14.903584847288506,1
"2,1,2,1,1,1,1,2,2,2,1,2,1,1,2,2,2,3,1,3,1,2,1,1,2,2,2,3,2,2","85.38,85.72,88.90,78.26,83.94,89.64,90.32,91.42,85.24,90.15,86.89,82.22,86.07,87.42,86.12,84.12,89.19,90.31,91.42,91.64,90.51,82.29,87.07,93.23,85.33,86.73,93.22,89.61,88.18,88.65",37.36784068832081,0.6026887140606043,16.003438837297324,6
"1,0,0,2,2,3,2,2,2,3,2,0,2,3,2,0,1,1,0,3,1,3,0,1,2,2,0,1,2,2","97.61,97.54,95.56,95.95,94.91,95.45,93.19,94.99,93.12,94.97,95.21,93.66,96.11,93.65,93.45,89.90,93.06,97.01,94.11,97.85,95.20,95.90,94.67,95.59,98.06,95.20,95.85,95.32,96.02,95.25",80.96134184621567,0.8146154878528704,15.25389382003441,7
"2,3,2,2,3,3,2,2,3,2,2,3,2,3,1,2,3,1,2,2,3,2,2,3,2,2,2,1,1,2","97.61,98.01,98.23,99.31,98.21,98.48,98.40,97.17,99.70,98.30,98.82,99.51,96.91,98.30,98.33,97.60,97.90,100.00,98.42,97.75,96.77,95.57,97.28,97.15,97.72,97.51,98.18,98.10,98.02,97.35",67.68623586660232,0.6119166426048093,14.607145951115548,0
"0,0,0,0,0,1,1,1,1,0,1,0,0,1,0,0,0,0,0,0,0,0,1,1,0,1,0,1,0,1","96.73,97.85,97.21,97.18,95.21,96.06,96.31,97.67,99.06,96.44,97.41,97.10,96.65,97.65,95.76,97.14,96.39,97.23,96.11,97.80,97.73,95.48,96.91,96.71,96.60,96.54,96.81,96.43,96.22,96.98",46.85139248190977,0.7807362240516739,15.292662772051871,2
"2,2,1,2,2,0,2,1,1,3,3,3,0,1,1,2,1,1,2,1,1,3,2,1,1,3,3,2,3,3","97.85,94.01,93.96,94.11,98.28,94.31,95.49,96.11,94.54,99.23,96.03,92.12,94.81,95.31,94.39,93.36,96.55,97.00,97.65,100.00,93.10,95.55,93.27,94.21,95.70,94.97,93.04,98.12,95.43,95.84",64.01921005518987,0.7833001470219689,14.728256226394395,5
"2,2,1,1,2,1,2,1,1,1,1,2,1,2,1,2,1,2,2,2,2,2,3,2,3,3,2,2,3,2","90.55,89.52,87.70,92.67,78.80,89.02,89.43,90.63,89.03,86.43,80.56,88.56,87.53,88.02,83.02,86.11,89.65,85.42,83.28,87.52,87.51,83.74,82.30,89.52,91.89,92.88,85.89,87.06,89.65,89.65",49.15935726135792,1.078464505349461,15.281551968262585,6
"1,2,1,1,1,2,3,1,2,1,2,3,2,1,2,1,2,2,2,2,1,2,2,2,2,2,2,2,3,1","98.05,98.64,96.97,98.19,98.83,97.88,98.99,97.11,97.79,99.65,97.62,98.08,98.27,97.14,96.66,97.87,97.49,97.96,97.99,98.47,97.84,97.79,99.10,97.83,98.56,98.48,97.95,98.22,98.52,97.61",59.75629097190104,0.821079511977192,14.557522414589508,0
"2,1,1,2,2,1,1,2,1,1,3,3,3,2,1,2,3,2,2,2,2,2,2,2,2,1,3,1,1,3","99.36,95.28,97.52,98.85,96.07,94.09,95.41,96.94,100.00,93.82,96.44,93.40,98.28,95.96,94.34,96.67,96.35,94.72,95.93,94.10,93.71,94.57,96.50,95.31,93.32,96.65,97.62,97.83,92.40,95.71",56.34829952090127,0.5621725380671756,14.7506811004296,3
"2,1,2,2,1,2,2,2,1,2,3,2,2,1,1,1,2,2,2,2,3,2,2,2,3,2,2,2,2,3","97.42,97.86,99.08,97.07,97.95,98.63,97.83,97.06,98.58,96.42,97.63,99.12,97.64,98.50,98.55,98.22,97.35,98.62,98.46,97.45,98.85,97.87,98.15,96.80,96.31,96.93,98.00,96.67,97.82,96.90",64.64769659937929,0.9513744462717807,15.047139023534037,0
"3,2,2,2,2,2,3,3,1,2,3,2,1,1,3,2,1,2,3,3,3,2,1,2,2,1,1,2,2,1","89.16,85.94,90.24,95.88,84.86,86.99,82.20,95.61,87.83,97.11,97.00,89.89,92.84,83.70,89.16,90.85,87.46,83.43,85.45,86.27,86.22,93.77,86.74,83.94,89.40,86.94,82.83,93.33,86.83,88.32",50.262322290624176,1.0595559687989402,15.532193432800856,6
"3,2,2,1,3,2,2,2,2,2,3,3,2,2,3,3,3,3,2,2,2,3,1,2,3,3,2,2,1,1","98.14,96.33,96.70,98.24,99.56,97.76,98.07,98.12,98.29,98.86,98.94,97.53,97.07,97.79,96.33,97.44,98.21,98.05,99.50,98.51,97.36,97.96,98.26,98.90,97.25,97.16,97.66,97.60,96.92,98.03",80.95972636456598,0.6737506434681784,15.811082043290153,0
"1,2,1,0,3,2,3,3,2,1,2,2,1,1,3,0,1,1,2,3,2,2,2,1,2,1,2,2,1,2","99.00,97.33,96.12,96.68,95.03,95.50,94.12,94.95,95.10,93.24,95.86,93.23,98.19,98.96,94.76,97.76,95.19,95.33,95.13,97.18,95.20,96.77,97.42,94.09,92.67,94.18,94.25,97.60,93.77,98.61",48.486933910687384,0.8583016884407091,14.617521493056026,4
"0,1,3,1,2,1,2,3,1,0,2,1,3,2,2,1,2,2,2,3,1,2,1,1,0,0,3,2,1,1","94.40,98.07,94.52,96.79,96.05,95.35,96.17,93.89,97.52,94.98,97.50,95.60,94.38,97.50,97.14,96.20,99.56,93.10,94.31,97.29,99.55,98.56,96.81,96.08,93.45,96.30,97.09,96.39,94.16,94.28",63.89912353159798,0.8899720783505886,15.365886110340886,7
"0,1,0,0,0,0,1,0,1,1,0,0,0,0,0,0,0,1,0,1,0,0,1,0,0,1,1,1,0,0","98.54,95.34,95.45,96.57,96.34,95.47,96.64,96.19,97.20,96.91,96.45,98.16,94.93,96.78,96.79,96.28,97.60,99.57,97.20,96.79,97.27,95.82,98.30,97.17,96.22,97.28,98.98,97.18,96.80,96.74",52.61797998695046,0.7225941779359932,14.667215188226523,2
"2,2,2,2,2,3,2,2,2,2,1,2,2,2,1,2,2,3,2,3,3,2,1,2,2,2,3,3,2,1","97.44,98.18,99.72,98.23,99.21,97.74,98.21,96.65,99.81,97.68,98.06,98.59,96.66,97.98,98.10,98.68,97.46,98.77,97.55,98.25,98.44,97.86,97.86,98.52,98.83,97.48,97.82,97.73,97.86,97.31",75.17042151684441,0.8801055495500197,15.369461862189448,0
"0,0,1,1,0,1,0,0,0,1,0,0,0,1,1,0,0,1,1,1,0,1,0,0,1,1,1,0,0,0","97.55,97.29,97.09,96.52,96.68,97.83,97.14,95.63,98.51,97.78,99.48,98.72,97.24,97.44,97.52,96.13,95.61,95.78,97.57,96.09,97.67,97.82,95.80,96.49,97.21,97.55,96.85,97.94,96.99,96.78",56.73480210201285,0.7955783592252348,14.792716285072487,2
"1,1,0,1,1,0,0,1,1,0,1,0,0,0,1,0,0,1,0,0,0,1,0,0,1,0,1,0,1,0","97.90,98.87,95.34,97.01,96.54,96.31,97.38,95.26,96.78,96.57,96.07,98.11,98.08,96.36,95.96,96.56,96.91,96.74,97.84,97.35,97.55,97.61,95.23,95.87,95.27,97.41,96.21,99.04,97.13,98.19",58.13432254347346,0.8242920429086797,14.884937435480833,2
"1,1,1,0,3,0,2,2,2,1,1,1,2,3,1,2,2,1,1,2,0,1,3,2,2,1,1,1,1,1","99.88,97.58,95.85,96.56,98.34,93.64,92.87,97.02,94.25,89.79,96.51,95.81,96.12,96.71,97.76,90.50,95.50,97.79,88.14,97.37,96.24,94.32,97.32,95.89,92.23,92.68,90.97,95.88,97.58,97.11",59.25573351194475,0.8917585908728678,15.650645058232534,3
"1,2,2,2,2,2,2,2,2,2,3,1,1,3,2,3,3,2,1,2,2,2,2,2,2,2,3,1,1,2","97.44,96.90,98.43,98.38,99.36,97.26,97.96,96.53,97.51,97.89,97.62,97.49,99.97,97.93,98.79,98.27,98.43,98.01,95.97,98.20,99.46,98.63,97.44,98.31,97.96,98.58,97.30,97.68,98.91,98.17",76.78259098199695,0.7461049620824799,15.613052339577871,0
"2,1,1,2,2,1,2,1,3,1,2,2,2,1,2,2,2,1,1,2,2,3,2,2,2,1,3,1,2,2","88.98,91.63,90.08,83.51,98.97,83.39,90.53,88.60,90.26,81.38,92.45,91.74,92.76,87.85,83.06,95.50,84.38,88.37,89.53,89.35,88.11,87.77,86.62,81.65,84.81,89.55,94.68,88.51,91.90,90.52",26.40432483127833,1.0169217120302863,15.284281522490383,6
"0,1,0,1,0,1,1,0,1,0,1,0,1,0,1,1,0,0,0,0,1,0,0,0,0,1,0,0,0,0","98.56,96.69,98.64,96.66,95.28,96.28,97.75,97.07,97.29,94.58,97.59,99.02,97.71,98.00,98.77,96.72,96.27,98.12,96.07,97.24,97.23,95.75,98.39,97.24,97.75,97.51,98.81,96.59,100.00,99.12",56.021020581728884,0.6429981484744581,15.193450520798793,2
"2,3,3,3,2,1,3,1,3,2,2,1,1,2,2,2,2,3,3,2,2,2,2,2,2,2,2,2,3,3","97.54,96.70,99.34,96.80,98.29,97.56,98.41,98.11,97.65,97.01,96.91,97.51,97.19,99.03,97.55,97.19,98.11,97.20,96.41,97.98,98.60,96.92,96.44,98.14,97.81,98.82,97.81,97.21,98.63,97.85",66.98283003552869,0.6750896118653561,15.137522403693378,0
"2,2,1,3,0,2,1,2,1,1,2,2,0,1,1,3,0,2,3,1,3,2,0,1,1,1,1,2,1,0","97.01,98.20,94.44,94.13,94.46,95.39,100.00,96.57,97.75,95.96,90.19,93.74,97.83,95.84,96.20,96.13,99.77,91.07,96.74,98.72,91.78,96.26,98.19,95.20,93.59,95.37,97.48,95.21,96.00,96.96",57.84654542677281,0.5104627577607732,15.51110600063054,3
"1,1,2,3,1,2,2,2,2,2,2,2,2,1,3,2,3,2,2,3,3,2,3,2,2,2,3,2,2,2","97.78,98.93,98.84,98.72,97.96,97.25,96.53,97.97,97.82,97.16,97.16,97.22,97.55,96.67,99.03,97.91,97.13,98.56,97.61,97.54,99.40,98.86,98.12,98.44,98.94,98.41,96.86,96.73,98.13,97.53",70.36989284239478,0.8061234052101579,14.917351611577205,0
"2,2,2,2,2,1,2,3,2,2,1,2,3,2,2,2,2,2,2,2,2,1,2,1,1,2,2,2,1,1","97.94,98.01,98.93,96.38,98.39,100.00,97.41,98.80,98.51,98.66,98.22,97.99,98.57,97.75,97.32,97.68,97.49,97.74,99.37,98.64,96.96,96.58,97.84,98.58,96.21,97.26,98.93,97.70,97.76,97.75",65.63878431571962,0.9164626873126592,14.643588873012884,0
"1,0,1,0,0,1,1,0,1,0,1,0,0,0,1,0,1,1,0,1,1,0,0,1,0,1,0,0,0,0","97.30,97.02,98.00,97.32,98.03,97.96,98.68,98.17,98.86,96.73,96.17,97.02,96.48,97.61,97.52,96.68,96.92,96.63,96.93,96.58,96.75,97.94,96.92,98.05,95.99,97.19,95.70,95.52,95.92,95.45",51.56413601377871,0.8180083293510018,15.254050037029254,2
"2,3,0,1,0,1,1,3,2,3,0,2,1,3,2,1,2,1,2,2,2,1,1,3,2,1,1,3,0,3","98.55,93.93,95.27,98.05,97.22,97.21,96.00,96.02,94.59,96.67,96.99,98.72,95.67,100.00,93.20,97.64,95.64,95.02,98.75,96.31,95.87,98.81,95.79,95.50,93.13,95.76,96.97,97.96,98.59,95.18",66.1649736036716,0.906036267438225,15.468686300081897,5
"1,2,3,0,1,0,3,2,1,2,3,3,2,1,1,2,0,1,2,1,2,2,1,1,2,2,2,2,1,0","98.69,95.41,93.07,99.41,93.98,92.06,98.39,96.17,92.63,95.04,94.29,93.90,95.13,98.62,91.67,97.20,95.52,95.79,94.21,92.46,97.03,96.16,97.10,97.48,100.00,94.54,93.13,96.40,94.09,94.47",73.46571729241546,0.7067117839541609,15.18313255008605,5
"1,2,2,1,2,2,2,2,3,3,3,2,1,1,3,2,3,2,1,1,3,1,1,2,1,2,2,3,1,2","97.34,96.15,98.33,97.71,98.16,98.82,98.49,98.56,98.19,98.38,97.63,97.79,98.56,97.95,98.24,97.89,97.58,97.36,96.98,99.19,98.82,97.73,97.42,96.79,98.28,97.75,97.14,99.34,99.17,96.87",74.71662601417033,0.8376021571867296,14.872791226920231,0
"2,1,2,1,1,3,1,2,3,1,1,2,2,2,0,1,2,2,2,3,2,3,2,2,2,1,1,2,2,2","95.48,95.61,92.35,95.80,98.07,96.59,95.01,96.68,99.67,95.62,94.27,95.74,97.05,95.82,97.05,100.00,95.33,96.39,93.92,95.20,97.64,98.48,96.63,97.22,98.27,96.01,93.76,95.00,99.31,95.59",61.33781447408223,0.6743195560637602,15.220110332987238,3
"1,2,3,3,3,1,0,1,1,1,1,1,3,2,1,1,2,1,2,1,3,3,0,1,1,0,0,1,2,1","93.81,95.48,96.43,92.34,94.59,99.44,98.58,97.51,95.38,94.42,97.43,97.47,95.30,98.04,96.23,95.55,99.93,90.64,96.52,94.49,95.00,98.12,96.01,95.23,96.91,95.27,96.04,97.86,97.55,94.25",58.074695013054814,0.7976373113113451,14.848768007004171,3
"2,2,2,3,1,2,2,2,2,2,2,2,2,2,2,2,3,2,2,1,1,1,2,3,2,2,2,2,2,2","98.47,98.20,99.45,97.85,98.29,98.17,97.78,97.70,98.29,98.97,98.45,98.67,97.94,98.97,97.86,99.13,98.10,97.34,98.84,97.58,98.01,98.22,96.29,97.94,99.47,98.44,98.06,97.53,95.84,97.66",65.77762020451749,0.7429148437724975,14.855323230379444,0
"2,0,2,2,1,2,0,2,2,3,2,0,0,1,0,2,2,3,1,0,1,2,2,1,1,1,2,2,0,1","98.62,96.85,96.04,98.06,94.05,98.94,95.49,98.61,92.35,97.41,97.07,94.79,96.32,96.79,96.42,92.38,93.14,97.38,97.79,98.41,92.60,97.17,94.90,95.14,93.13,96.37,93.45,95.71,95.06,96.83",39.493493340801415,0.9295076158332108,15.093332204422659,7
"3,2,3,1,3,3,2,3,2,3,3,2,2,2,2,2,3,2,2,2,1,2,3,1,2,3,2,2,3,2","97.73,98.49,96.94,97.24,97.67,97.19,98.23,97.46,98.58,99.07,98.83,97.98,98.35,98.03,97.93,98.78,98.85,98.41,98.79,97.54,97.52,97.97,97.18,98.35,99.09,99.40,97.57,97.76,97.50,97.16",76.53746286417059,0.7200186068104538,15.431103420656802,0
"2,2,3,2,3,2,2,2,2,2,2,3,2,3,1,2,2,2,2,1,2,1,2,2,2,1,2,2,1,1","97.39,98.78,97.80,97.99,97.44,98.91,98.38,97.73,97.21,97.25,97.79,98.61,96.92,98.48,98.46,98.95,98.53,98.42,100.00,98.16,97.39,97.19,99.23,97.38,98.01,97.33,98.75,98.97,97.02,96.76",62.95975852692103,0.7429427880135865,15.26340469817733,0
"0,0,0,0,1,1,1,0,0,0,0,0,0,1,1,0,1,1,0,0,1,1,1,1,0,1,0,1,1,1","96.83,96.81,96.30,96.37,96.53,94.97,96.96,96.41,98.24,95.50,99.26,97.19,96.20,97.13,98.25,97.62,97.63,98.00,96.25,98.59,97.06,99.56,96.39,95.12,96.26,98.09,95.38,97.67,97.00,96.55",60.81198605335941,0.5928135869877215,14.442650742406029,2
"2,0,1,0,2,0,0,1,1,0,2,1,1,2,1,0,2,3,1,0,0,2,2,2,1,2,2,3,1,1","99.15,98.49,98.22,98.45,95.99,96.39,96.81,97.49,92.95,95.84,95.88,96.66,97.86,100.00,96.85,95.15,98.00,95.79,94.25,95.15,93.12,95.85,95.48,97.90,93.44,96.83,94.94,98.93,94.90,99.45",62.24609991162936,0.9097082102532819,15.142033627689175,3
"3,1,1,3,2,2,1,2,3,2,2,2,2,2,2,2,1,3,3,2,2,3,1,1,3,3,2,1,3,2","99.82,97.32,96.58,97.15,99.07,98.73,98.84,98.36,97.84,97.51,96.15,97.71,97.21,98.85,99.91,97.85,98.80,98.77,98.25,96.94,98.21,97.26,96.78,98.74,97.43,98.35,97.97,97.77,97.76,98.05",68.11243449697297,0.5452147032959795,15.251796082584413,0
"2,2,1,2,3,2,1,3,2,2,1,2,3,2,2,1,3,2,1,3,2,1,2,2,2,1,3,2,2,2","98.74,99.40,97.98,98.74,98.52,98.65,97.28,98.08,97.73,99.00,97.47,97.42,98.26,97.73,98.13,99.35,98.06,98.33,99.45,97.46,97.74,98.04,97.73,96.02,99.38,98.23,98.24,98.51,98.87,96.91",66.07440662738242,0.8683341072737748,14.851252035997613,0
"0,0,1,0,1,0,0,0,0,0,1,1,0,0,0,0,1,1,0,0,1,1,1,1,1,1,1,1,0,0","96.85,95.20,97.77,97.03,96.93,95.60,97.91,96.26,97.02,96.83,96.61,96.65,97.81,95.68,97.55,97.52,94.77,95.29,97.00,96.19,94.17,96.04,98.65,95.94,97.30,97.57,97.10,95.35,96.39,96.27",59.937929402928866,0.9837211475322091,15.577367389079424,2
"3,2,1,2,2,2,2,1,3,2,2,2,3,1,2,3,1,1,3,1,2,2,2,3,2,1,2,2,2,1","89.23,85.94,90.63,93.47,85.67,83.67,90.90,86.22,87.59,90.96,91.91,79.86,80.97,82.79,89.82,88.24,83.92,93.23,83.55,87.19,88.96,86.78,89.39,91.48,94.79,82.70,88.74,89.73,89.10,88.15",35.92426658552484,0.9516653514457987,14.728295484057186,6
"1,2,0,3,1,3,2,3,1,1,1,0,1,2,2,2,0,2,0,2,3,1,1,1,1,3,1,1,2,1","100.00,95.73,94.57,94.49,96.34,99.49,94.96,100.00,91.47,99.16,95.91,97.38,91.85,94.80,94.89,92.33,100.00,96.74,95.34,96.95,96.72,96.94,96.49,96.29,98.09,96.72,98.94,99.29,97.50,96.76",84.09413119530129,0.942416192884901,14.871289286912896,4
"3,2,2,2,2,3,2,2,2,2,2,2,2,2,1,2,1,3,2,2,3,1,2,2,3,3,2,2,2,2","98.05,98.46,99.12,98.71,98.85,98.03,98.53,99.98,98.00,96.97,98.31,97.47,97.83,97.32,97.49,97.71,97.83,96.78,98.55,98.00,98.00,97.89,98.22,98.51,99.24,97.94,97.90,97.54,96.68,98.37",61.62495913260837,0.7614527090690849,14.441856011213929,0
"1,2,3,2,1,1,2,2,1,2,2,2,3,1,3,3,3,2,3,3,2,2,2,2,3,2,2,1,3,2","97.83,100.00,97.47,97.69,97.93,97.67,98.85,98.59,97.61,98.56,99.08,98.91,98.10,97.46,98.03,98.21,97.24,97.11,98.17,97.75,97.82,97.07,96.08,99.04,98.68,97.95,97.74,99.35,97.53,96.35",59.416368206634246,0.8946216748044044,14.40705324604886,0
"1,0,0,1,0,0,0,1,0,1,1,0,1,0,1,0,0,1,1,0,0,0,0,0,0,0,0,0,1,1","98.37,97.27,97.40,98.07,96.01,96.81,95.62,97.68,97.59,97.68,98.20,96.35,97.10,97.27,97.85,97.48,99.06,97.38,97.50,98.80,96.34,97.03,98.55,98.12,98.54,95.71,99.01,96.23,98.58,96.42",67.21267474910891,0.7250956895618543,15.150144777899747,2
"3,3,1,2,2,2,1,1,0,2,3,2,1,3,2,2,1,0,0,1,2,3,1,1,0,1,0,3,1,2","97.11,94.69,95.83,98.25,99.15,93.31,95.86,93.02,98.19,96.73,95.17,100.00,93.31,95.98,94.19,97.82,98.19,95.48,95.69,91.37,96.68,95.69,96.95,94.95,99.57,98.84,98.46,96.68,95.89,97.47",56.996295367069536,0.7703549613067442,14.965630565673724,4
"0,0,1,0,0,0,0,0,0,0,0,0,1,1,0,1,1,1,1,1,1,1,1,0,0,0,1,0,0,0","97.67,98.40,96.40,95.29,95.24,96.67,97.58,95.90,96.20,96.95,97.99,98.11,96.55,96.90,95.81,98.54,99.31,96.59,95.55,96.00,97.76,97.56,98.54,96.90,98.27,97.42,97.98,95.77,98.23,97.32",43.14800119354071,0.6793681732092394,14.853166347025438,2
"0,0,0,1,0,0,1,1,1,1,0,0,0,0,1,0,0,0,0,0,0,1,1,0,0,0,1,0,0,1","97.48,98.35,96.70,96.04,95.78,96.29,95.80,96.77,97.47,95.50,97.07,96.07,95.89,96.11,97.31,96.53,97.45,96.80,94.94,96.30,95.91,96.70,98.23,97.34,98.40,97.05,95.71,95.94,95.98,97.36",38.45559643505271,0.6316216831243816,14.853450374575335,2
"1,1,0,1,1,1,0,0,0,1,1,1,0,0,0,1,0,0,1,1,1,0,0,0,1,1,0,0,0,0","96.84,96.61,97.30,96.51,96.07,97.82,96.53,95.97,95.10,94.27,95.49,97.37,96.72,98.73,96.86,95.67,95.54,96.13,95.84,97.50,97.13,97.73,96.76,95.31,98.26,97.59,95.52,98.42,97.45,96.22",71.8947734850765,0.7460603338282991,14.235006670383678,2
"3,1,3,1,2,1,1,1,2,1,2,2,1,1,3,2,2,1,3,0,1,2,2,1,2,2,3,3,3,1","92.64,95.88,97.14,97.73,94.42,97.50,97.95,94.65,97.04,98.91,93.66,91.76,95.63,98.00,96.47,95.23,93.18,93.43,96.09,91.59,95.58,94.91,95.58,98.50,93.92,96.01,95.06,94.56,98.24,93.35",54.76434665219738,0.8915098763478526,14.386598663560948,4
"0,0,0,0,0,1,1,0,0,0,0,0,0,1,1,1,0,1,1,0,0,1,0,0,0,0,0,1,1,1","96.11,98.26,97.64,97.81,96.08,96.87,96.96,97.73,98.38,97.37,97.16,95.14,97.31,95.10,96.49,98.09,96.42,96.51,96.86,96.91,98.48,95.55,98.31,95.43,98.02,97.26,95.91,97.23,97.08,97.54",57.55548358124474,0.6518595368748314,15.310796937290654,2
"2,2,2,2,2,2,1,2,2,2,2,2,2,3,2,3,2,2,2,3,1,1,2,2,2,2,2,2,2,3","88.90,98.65,85.07,85.51,87.01,93.67,86.96,86.46,86.70,83.53,91.67,85.54,89.27,86.16,91.02,92.97,90.23,85.69,87.66,85.47,87.41,89.80,83.07,88.21,92.00,87.10,84.97,80.66,92.62,89.69",50.4645905650514,0.9758281217137184,14.792537251845822,6
"2,2,2,2,2,1,1,1,2,1,3,1,1,2,2,2,1,3,2,1,2,3,3,2,1,1,2,2,3,3","89.07,85.19,83.33,95.32,93.58,99.26,84.25,81.98,86.72,79.96,86.13,94.03,85.03,90.72,86.79,88.42,82.17,95.01,84.02,86.68,93.80,84.92,89.43,88.06,80.20,92.72,88.07,80.59,91.93,86.20",68.18761901404082,0.6607714650499069,15.305348225468382,6
"1,2,2,3,2,3,1,1,3,1,1,2,2,2,3,2,3,2,2,3,1,3,3,2,2,2,1,2,3,1","86.54,88.43,94.67,97.14,85.32,90.35,95.78,89.34,84.76,87.56,91.67,88.53,81.69,79.15,85.68,77.71,86.41,90.14,87.26,82.94,83.18,84.70,86.82,88.21,88.20,84.42,88.77,86.53,92.25,89.49",17.115460164842304,0.7207887553773319,15.474788588000337,6
"2,2,3,3,2,1,1,2,1,2,2,2,2,0,0,1,2,1,1,2,1,2,0,0,3,1,2,1,2,1","96.00,96.05,96.16,97.71,94.42,96.50,93.26,98.99,98.16,96.88,94.34,93.94,92.43,95.90,96.69,95.58,95.74,95.19,95.22,97.10,97.98,99.06,97.46,96.49,95.32,91.19,100.00,95.74,93.08,93.30",62.61586901310637,0.6664369272082858,15.05907212681975,4
"1,2,2,3,3,2,2,2,2,2,2,2,2,1,2,2,2,3,2,2,2,2,3,2,1,3,2,2,2,2","98.38,97.77,97.98,97.90,96.84,97.14,98.27,97.58,97.76,98.29,97.90,97.85,98.23,97.80,98.35,99.65,98.51,98.60,97.17,98.55,97.10,97.43,97.46,98.44,97.07,98.18,98.53,98.06,98.06,98.76",79.79988307202898,0.854037724013878,15.06120475412053,0
"3,2,3,2,2,0,2,3,1,1,1,1,0,1,0,1,3,3,2,3,2,1,3,3,0,3,2,2,2,2","98.34,91.92,89.11,93.33,91.74,99.29,94.87,91.92,91.03,93.05,85.69,97.41,93.99,94.34,90.53,96.81,92.41,88.66,87.63,89.50,87.09,98.62,91.97,89.82,91.78,91.57,88.19,92.31,91.28,90.41",48.07344563566149,0.7715927373737748,15.390484689450874,1
"2,2,2,1,1,2,1,2,3,2,1,2,2,2,2,3,2,2,2,3,2,3,2,3,3,1,2,2,2,2","98.04,97.84,97.70,98.75,98.13,96.46,96.78,99.31,98.01,98.12,98.26,98.94,97.78,97.21,98.27,98.63,98.03,99.80,98.55,98.31,97.48,98.67,97.49,97.06,97.62,98.49,97.76,97.30,98.87,95.49",72.2236297385974,0.952594251380079,15.280909631294962,0
"1,1,2,2,1,2,1,1,1,0,1,3,1,1,1,2,1,0,1,2,1,1,2,1,1,0,2,2,1,2","92.64,90.89,96.69,98.71,93.65,98.52,94.55,98.27,96.41,95.36,95.32,95.21,95.28,99.05,93.08,93.61,94.07,92.27,91.84,95.63,95.59,96.95,98.04,94.31,93.64,97.35,95.72,98.27,97.43,94.61",62.42818914217166,1.0939061217866148,14.27263600941681,3
"2,2,2,2,3,2,3,2,3,3,1,3,3,2,1,2,2,1,3,2,3,2,1,2,2,2,2,3,2,2","98.96,97.55,98.33,99.37,98.10,97.96,97.30,97.49,96.73,96.72,97.78,97.76,96.91,99.66,98.74,98.40,97.81,97.63,98.62,97.61,99.19,98.22,96.45,97.64,99.55,97.41,97.13,97.81,97.47,97.92",78.83616821211993,0.7644809928625829,15.182181558298339,0
"2,2,1,2,3,1,1,2,1,2,2,2,3,1,3,2,2,1,3,1,1,2,2,1,1,1,2,1,2,1","95.87,96.30,97.63,92.13,94.11,93.76,93.47,93.62,97.75,94.81,97.68,94.20,94.40,100.00,98.26,95.23,97.71,96.42,93.75,96.15,97.14,99.59,94.35,93.81,93.65,97.84,93.64,97.73,97.62,95.98",75.83911677029099,0.6981256192507177,14.60910763961382,4
"2,2,1,1,2,2,1,2,2,2,2,3,3,3,1,2,1,2,2,1,2,2,3,3,3,3,3,1,2,2","98.21,98.76,99.56,96.61,97.36,99.39,97.31,97.69,98.08,96.90,97.24,97.68,98.01,97.64,98.71,98.38,99.01,97.78,98.48,98.58,99.38,96.86,98.04,97.27,97.84,98.83,97.69,97.88,98.31,98.81",68.74288362360738,0.9309368942322416,15.224782810207536,0
"2,3,1,1,2,3,1,0,3,1,3,0,1,0,3,0,1,3,1,2,0,1,0,2,2,2,1,1,1,0","97.38,100.00,98.31,96.88,96.39,95.86,98.28,95.86,98.89,94.04,96.42,95.41,96.45,94.18,95.44,96.63,95.95,96.20,96.26,97.47,98.03,98.18,95.73,97.55,98.02,96.09,95.81,92.17,93.15,97.23",72.74345284307563,1.0867433807198332,14.405682594920517,4
"0,0,0,0,1,0,0,0,1,0,1,0,0,1,0,1,0,0,1,0,0,0,0,0,0,0,0,0,0,0","97.78,97.56,97.70,95.67,96.83,95.90,96.00,96.59,97.13,98.90,95.10,97.71,97.57,97.19,95.16,96.41,98.76,97.96,96.56,97.33,96.28,95.71,96.13,97.61,98.32,97.65,99.36,96.10,98.57,96.01",61.94403589048737,0.7113988413354179,14.160885589961948,2
"1,1,0,0,1,2,1,2,2,3,3,1,2,2,2,1,0,2,1,2,1,3,2,2,1,1,3,2,0,3","98.14,94.02,97.38,97.67,92.81,93.36,98.33,94.19,97.14,93.80,92.32,95.85,95.85,93.17,96.05,95.90,94.84,97.30,93.26,95.91,95.85,94.25,94.92,93.13,94.58,95.64,94.87,94.89,94.66,96.65",55.439734961766746,1.0113479181622025,14.847911855399776,5
"2,1,2,1,2,2,0,1,1,1,1,3,1,2,2,1,1,2,1,2,1,1,3,3,3,1,2,1,3,2","91.93,90.04,90.94,88.13,89.90,96.85,86.03,92.82,95.48,92.12,96.82,93.95,95.93,88.86,92.97,93.23,93.32,94.18,93.09,92.94,98.35,90.93,91.13,92.99,93.64,88.18,93.44,87.93,90.39,96.95",29.306293104525793,0.7879461174854451,14.950009150737806,1
"0,0,1,1,1,0,1,0,0,1,0,0,0,0,0,0,0,1,0,1,0,0,0,1,0,0,1,1,0,1","98.84,98.16,96.36,97.25,96.04,97.88,93.88,96.83,98.61,95.50,96.49,97.03,95.21,95.92,96.02,98.15,97.52,96.84,96.52,95.95,94.37,95.30,98.31,97.55,96.55,96.72,95.12,96.52,96.62,95.39",51.823217194300256,0.8521243146189886,14.956496004548931,2
"0,1,0,1,1,0,1,1,0,1,0,1,0,1,1,0,1,0,1,0,1,1,0,0,1,0,0,0,1,0","97.56,96.44,97.78,98.45,97.84,98.28,97.62,98.14,97.81,97.23,96.60,96.36,97.11,97.41,98.06,97.49,96.05,97.24,96.73,96.65,96.01,97.45,95.03,94.42,98.94,97.28,97.91,97.45,96.39,96.31",64.28055740859503,0.7181639024273285,15.268194670494749,2
"1,2,1,1,0,2,0,1,0,3,3,0,1,2,2,3,1,1,2,1,2,1,1,0,1,2,2,1,3,2","92.35,92.22,90.99,98.02,98.80,99.69,95.05,94.43,96.30,99.15,96.17,93.53,96.71,94.37,96.65,95.24,95.54,94.58,94.23,98.45,94.61,95.37,98.48,95.34,95.17,93.92,94.55,97.74,97.52,94.43",65.05186620977048,0.7350215013787326,14.523640221068744,7
"2,1,1,0,1,3,1,2,1,1,2,3,2,2,0,3,0,3,1,1,2,0,3,0,1,0,2,2,1,1","98.30,94.59,93.75,95.91,98.01,97.92,95.34,92.16,97.70,94.71,98.94,96.47,93.43,96.36,93.75,95.32,96.20,94.88,94.05,98.23,97.65,96.23,98.64,95.10,98.65,94.98,97.49,96.19,98.28,94.94",45.77768866620963,0.8465691552849333,15.145590150874687,4
"0,1,0,1,1,1,0,0,0,1,1,1,0,0,0,0,0,0,0,1,0,1,1,0,0,0,0,1,0,0","97.63,97.25,95.85,96.04,97.75,97.76,94.44,97.61,95.50,96.81,95.32,97.05,96.75,95.99,97.38,96.35,98.10,96.48,97.66,96.94,96.91,97.31,95.80,97.05,98.52,95.87,95.90,98.37,96.76,97.44",50.91026412564253,0.6273143950423336,15.332315931180448,2
"2,2,3,3,2,2,3,2,1,2,3,2,2,2,1,3,1,2,1,1,2,2,3,1,3,1,2,2,2,2","98.09,98.67,97.24,98.25,99.25,97.58,98.25,97.19,98.75,99.01,98.83,98.90,98.57,97.40,98.24,98.28,99.11,97.93,98.17,97.56,98.41,97.66,99.17,98.51,99.39,97.86,97.87,98.17,96.75,98.81",62.65869908919546,0.798652802022668,14.979301776527977,0
"1,1,2,2,3,1,1,2,2,3,2,2,3,2,2,1,3,1,2,2,2,3,1,2,1,2,2,1,1,3","90.67,84.57,87.63,91.15,79.47,87.09,83.33,88.20,95.32,89.20,90.52,89.60,93.86,77.68,93.46,90.34,78.35,86.63,88.50,94.95,81.97,87.88,93.64,94.84,84.32,92.35,79.19,84.27,88.37,88.39",43.94871001803817,0.7704047390461816,15.138595221356363,6
"2,3,1,3,1,1,2,1,2,1,2,2,2,2,2,1,2,1,2,3,2,3,2,1,1,2,3,2,2,2","98.00,97.28,96.39,99.28,97.23,97.00,96.95,98.14,96.71,98.89,97.93,98.74,97.33,98.02,99.08,96.93,98.98,99.30,97.42,97.91,98.12,97.31,97.97,97.81,98.24,97.98,99.75,96.72,96.86,96.57",70.14989526398645,0.7490257836766515,14.91669041160517,0
"1,1,1,2,1,2,2,0,2,0,0,3,2,3,1,0,3,0,1,2,0,2,2,0,0,3,0,2,1,2","98.28,95.86,98.20,95.31,93.60,96.38,95.48,95.23,97.37,93.71,96.44,96.22,98.82,96.54,93.88,99.00,92.89,97.31,91.42,94.92,98.93,99.88,99.49,92.51,97.14,99.06,96.63,95.69,94.32,95.82",54.15889084168013,0.7267342332319663,14.995125128729528,3
"2,1,2,3,3,2,2,1,3,2,2,2,2,2,3,2,1,1,2,2,2,2,1,2,2,2,2,2,1,2","86.52,94.42,82.25,89.32,87.48,92.67,84.36,88.00,87.09,88.16,89.80,84.65,75.78,90.27,86.93,83.20,91.12,93.75,88.14,89.08,92.51,87.39,83.50,92.42,80.41,82.46,87.48,87.93,86.30,82.43",15.364713332998434,0.5243096278428923,14.743820155830445,6
"1,1,2,2,2,1,2,3,2,2,3,3,2,2,2,2,2,2,3,1,1,1,3,2,1,2,3,2,2,3","98.52,98.21,97.31,97.51,97.53,99.09,99.20,99.38,97.26,98.85,98.56,98.30,98.26,96.99,97.70,99.40,97.70,98.08,97.80,97.75,97.16,97.45,97.89,97.89,99.22,96.84,98.13,97.83,97.46,96.74",65.269809193384,0.5346929890500547,15.037788326038614,0
"3,2,2,2,2,3,1,2,2,2,2,3,3,2,2,1,3,2,2,2,3,2,2,1,1,3,2,2,3,2","98.76,97.58,97.15,98.48,98.01,98.05,98.66,98.11,98.50,97.16,96.93,98.31,98.43,99.55,98.98,98.81,97.46,98.30,98.88,96.44,98.94,97.40,98.99,97.96,98.15,97.55,99.30,98.97,98.56,97.16",79.73749269457278,0.7924966174203403,15.260478559006632,0
"2,2,1,2,2,0,2,1,1,2,2,3,3,3,1,2,2,2,2,3,1,2,3,2,0,2,1,0,1,2","96.00,94.48,99.55,94.28,93.34,95.11,97.85,99.98,91.36,95.06,94.64,96.80,94.80,95.55,98.52,98.37,95.68,100.00,93.19,96.30,94.61,96.03,93.60,92.94,93.10,95.24,93.03,95.43,92.72,95.99",70.11686123071371,0.7973702244698117,14.782764392708716,5
"3,2,1,2,2,1,0,2,1,2,1,1,1,2,1,1,1,2,2,1,0,2,2,1,2,1,1,1,1,0","97.16,97.47,96.20,93.04,93.62,94.45,97.31,98.20,95.73,95.05,94.67,93.66,94.01,97.35,95.45,96.49,91.43,95.90,99.25,94.09,98.43,96.98,95.63,95.65,99.99,96.24,93.78,98.27,98.30,97.17",57.21310453859495,0.701555585598094,14.644089173245819,5
"3,0,3,2,2,1,1,3,2,2,2,1,1,1,2,1,0,1,1,2,3,1,0,3,3,3,2,0,1,2","89.39,94.17,85.64,95.30,91.90,87.07,90.10,84.25,87.68,94.68,93.51,92.82,93.55,93.06,93.37,95.03,89.69,94.93,96.91,92.24,93.31,88.55,89.11,94.40,93.25,95.74,93.84,92.52,94.27,90.52",47.80371120177291,0.815699465217495,14.58103830347264,1
"2,2,3,2,2,1,2,2,1,3,3,2,2,2,1,2,2,1,3,2,2,2,2,1,2,2,1,3,2,1","97.80,98.19,98.12,98.79,98.29,98.13,98.53,97.49,98.33,97.68,98.04,97.75,98.45,98.24,98.16,96.87,99.48,97.26,97.57,98.33,98.36,98.30,97.97,97.00,97.79,99.19,98.30,98.99,98.34,98.38",72.23181795054803,0.6170883876763537,15.09659809171714,0
"1,2,3,3,2,2,2,3,2,2,3,3,2,2,2,3,3,2,3,1,1,2,2,2,2,3,2,2,2,2","99.52,97.37,97.56,98.53,97.07,96.95,99.71,97.44,97.20,97.67,97.53,99.20,98.89,100.00,97.90,97.00,97.27,98.31,99.08,98.14,96.96,97.03,97.04,96.68,97.86,97.83,99.16,96.81,97.92,98.23",85.28658397038018,0.7980996436952845,14.901242656339688,0
"0,2,1,3,2,2,2,2,3,0,3,1,3,3,2,1,1,3,1,3,2,1,3,0,1,2,0,0,1,3","95.86,94.10,100.00,94.58,93.17,93.54,94.99,92.98,97.76,97.59,94.91,95.77,92.98,96.00,94.30,97.41,92.87,93.01,95.99,96.38,96.66,95.08,96.77,97.68,96.77,96.38,92.82,98.81,97.10,93.76",68.74870430001246,0.6128678288240231,15.147596104731269,7
"1,1,2,0,1,3,3,1,0,0,1,1,2,1,1,1,3,0,1,2,1,1,0,3,2,1,0,2,1,2","92.78,96.05,95.53,93.64,96.26,96.81,99.90,95.04,98.01,98.74,96.31,96.40,95.85,94.99,97.22,97.82,92.82,97.16,95.99,96.87,95.57,98.00,95.73,98.36,93.20,96.19,96.05,94.02,97.82,93.41",57.97761176911408,0.6461767908971342,14.790266710751613,5
"3,1,2,3,1,2,2,3,3,2,1,1,2,2,1,1,3,1,3,3,3,2,2,1,2,3,3,1,2,2","94.43,82.46,82.91,90.24,81.25,85.61,94.66,84.47,90.76,80.41,82.78,82.73,83.58,85.85,87.46,97.62,88.40,87.60,93.93,84.57,91.88,91.86,84.62,91.50,91.06,91.86,95.46,95.14,86.18,83.97",57.81334219197941,0.8316069276578882,15.354299471888476,6
"0,1,1,1,0,0,1,0,0,0,0,0,0,0,0,0,1,0,1,0,1,0,0,0,0,0,0,0,1,1","97.22,96.93,95.12,98.28,96.13,97.45,97.76,96.69,95.46,95.95,98.20,97.84,97.25,96.26,97.23,98.72,96.39,96.22,96.36,95.35,97.70,98.62,96.80,97.40,97.52,96.57,97.94,96.39,96.25,97.39",64.58006668342064,0.8795803425428012,14.972418034804475,2
"1,3,2,3,3,2,2,2,3,2,2,2,2,2,2,2,1,2,3,2,3,2,2,2,2,3,2,1,2,2","97.85,97.89,97.50,97.45,98.78,98.60,96.32,98.08,99.05,97.24,98.20,97.58,98.80,96.80,97.28,98.62,96.74,97.06,99.04,96.42,96.95,98.05,98.31,96.98,97.83,98.81,97.98,96.49,97.47,96.07",80.71036782658831,1.0854741064204256,14.911057413781394,0
"3,2,3,3,1,1,1,1,2,2,2,3,2,2,2,1,2,3,3,1,1,2,2,2,2,1,2,2,3,2","98.14,97.65,96.85,97.20,97.31,97.99,99.73,98.30,98.26,96.13,97.35,98.07,98.06,97.31,99.64,98.84,97.88,97.15,98.87,97.84,98.11,98.06,97.67,97.79,97.77,96.50,98.10,99.20,97.70,98.06",59.32248364542644,0.8799875217370323,15.054710873890365,0
"2,3,2,2,2,2,2,3,2,2,2,1,2,2,2,3,2,2,2,2,2,3,2,2,3,1,2,2,2,2","98.99,99.36,98.99,97.02,97.54,97.08,98.56,98.46,98.68,96.93,98.12,98.45,98.02,96.56,98.86,97.62,97.29,97.43,98.21,96.64,97.51,98.12,97.39,98.30,97.73,97.91,99.16,98.26,97.08,96.94",62.53182553371788,0.7456977072245597,15.197351854088256,0
"1,2,1,2,2,2,2,2,2,3,2,3,1,3,2,2,2,1,2,3,1,1,3,2,1,2,2,2,1,1","83.48,85.50,83.42,88.56,84.67,91.94,88.64,78.89,88.99,94.14,90.99,90.40,88.12,89.96,78.71,91.85,86.85,85.40,81.57,89.56,88.28,91.82,82.73,94.07,81.06,93.17,91.11,83.29,92.61,88.54",48.920715427299314,0.5312902100743254,14.784061064152338,6
"3,3,1,1,1,2,1,1,1,3,1,1,2,3,3,2,3,1,3,3,3,1,2,3,1,1,1,2,2,2","90.59,97.79,84.45,86.73,87.18,88.90,87.68,90.36,87.51,92.42,86.82,91.19,90.17,90.60,86.34,91.64,88.91,84.07,90.85,89.28,84.33,90.01,84.45,88.01,89.02,82.67,86.14,84.93,88.31,93.90",38.203685212040625,0.9019690031455364,14.89023374889922,6
"1,1,3,2,3,2,1,2,1,1,2,2,1,2,1,0,1,0,2,1,1,0,2,1,2,2,0,2,1,2","93.80,96.94,92.27,92.66,96.37,100.00,94.95,94.25,92.04,98.91,92.99,93.32,96.22,97.66,94.67,94.05,97.19,98.97,95.99,93.10,93.64,97.94,97.14,95.30,97.32,98.23,93.64,97.29,96.82,96.80",73.77753633916655,0.6865590812462421,14.98539114294318,5
"3,2,3,2,2,3,3,2,2,2,1,2,2,3,2,2,2,3,2,3,2,2,3,2,2,1,1,2,2,2","98.19,98.14,98.47,95.99,98.23,98.16,97.54,97.63,97.60,99.94,97.45,97.42,97.65,98.13,97.68,97.90,98.32,97.79,99.44,98.51,97.90,97.88,96.05,95.67,97.33,97.42,97.56,98.42,96.52,97.97",88.63851429778953,0.536624699729231,14.909741182931823,0
"2,2,2,0,2,1,1,1,2,2,3,1,2,2,1,2,3,0,1,3,1,1,2,3,3,3,3,1,1,3","91.61,94.31,93.42,93.83,95.62,87.45,93.35,90.67,91.76,88.70,90.69,92.17,96.09,95.86,92.90,92.18,92.45,92.71,91.79,93.04,94.14,90.53,90.78,89.75,91.51,92.15,93.60,90.85,89.79,92.93",34.09955036644322,0.9458053263253535,14.967896511551611,1
"2,1,2,1,1,3,2,1,1,3,2,2,3,3,2,2,1,3,3,2,2,2,1,2,3,3,3,1,3,2","99.21,98.66,97.42,98.62,99.37,99.09,98.81,98.45,98.79,97.32,97.76,98.18,98.18,96.88,96.99,98.23,96.72,98.86,99.33,97.44,98.31,98.65,97.87,98.69,98.11,99.20,97.75,97.68,96.22,98.10",65.8742384192775,0.8966432214528444,14.22576429811234,0
"1,2,1,2,3,2,2,1,3,2,2,3,2,1,3,3,2,1,2,2,2,2,2,3,3,2,2,2,3,2","98.52,98.75,97.76,97.97,97.25,98.16,98.97,100.00,99.14,98.27,98.82,98.47,98.50,98.48,96.99,97.76,97.72,99.60,97.90,97.82,98.26,97.80,97.45,98.34,97.82,98.92,98.04,97.64,98.10,100.00",74.77959986530325,0.9328075570564589,14.698737566375078,0
"3,0,0,3,1,1,2,2,2,1,3,2,0,2,0,1,2,1,2,2,3,3,1,3,2,1,2,0,1,2","98.08,94.26,94.12,96.49,97.43,94.02,94.86,94.21,95.25,98.47,99.34,96.34,93.47,93.84,100.00,94.77,98.98,94.04,95.68,97.16,95.01,96.19,95.79,96.83,99.19,95.28,96.02,94.49,96.21,96.75",53.49955528134847,0.8124843645435905,15.059537986142221,3
"1,2,3,1,1,1,1,1,1,2,3,1,3,3,3,1,3,2,2,3,3,2,2,1,2,1,2,1,1,3","94.90,92.88,94.13,93.86,91.87,88.47,96.58,86.16,89.90,90.63,88.18,87.39,90.47,88.64,91.72,90.93,91.23,89.41,92.65,91.47,93.18,94.60,97.14,93.10,88.44,92.05,96.24,92.49,89.30,94.25",46.52884557002233,1.0084684243241602,14.840362161779327,1
"2,3,2,1,3,2,2,2,1,2,2,2,1,2,2,2,1,2,2,2,1,2,2,2,2,2,1,2,2,2","98.14,98.30,97.11,97.85,98.99,99.73,98.55,98.28,97.41,96.80,98.27,100.00,98.34,98.57,97.49,98.47,97.91,97.94,98.47,97.48,99.02,98.92,97.50,97.14,98.19,97.82,97.32,98.24,97.87,98.74",75.82162488950772,0.8588457091299717,15.132467887323322,0
"3,2,2,1,3,2,2,1,2,1,2,2,2,2,2,1,1,2,1,2,3,1,2,2,3,1,3,2,3,2","98.51,98.79,97.25,98.59,99.31,96.25,98.04,98.10,98.52,98.04,97.73,98.79,97.47,98.61,96.66,97.21,96.26,96.57,98.23,98.09,97.53,98.85,97.78,97.83,98.06,98.51,98.48,97.76,97.71,98.23",67.95485884289847,0.5432974899560082,15.361654526181031,0
"0,1,1,1,0,0,1,1,0,0,0,0,0,0,0,1,0,1,0,0,1,0,0,0,1,0,1,0,1,1","97.48,96.15,97.51,95.78,97.41,95.88,97.64,97.09,98.08,96.47,95.75,96.44,98.50,98.25,98.49,97.17,96.80,96.32,96.70,97.72,96.94,96.44,95.50,95.61,97.03,98.16,96.24,98.66,95.00,97.64",67.97106019224636,1.0170726470502134,15.47802653344096,2
"1,3,2,2,2,2,2,2,2,3,2,2,2,2,2,2,2,1,2,2,2,1,2,2,2,2,2,3,2,3","97.83,99.37,97.78,97.49,97.58,98.35,98.73,98.05,100.00,98.67,98.84,96.50,98.20,98.42,99.23,99.11,98.34,97.13,98.77,98.73,99.47,98.07,97.83,98.32,98.72,99.46,97.59,97.54,98.30,98.50",57.02538472353264,0.6377682514114658,14.904715098560633,0
"1,1,2,1,2,2,0,2,1,3,3,1,2,1,2,0,3,3,2,2,1,1,2,1,1,1,2,2,1,2","96.81,95.55,97.09,95.69,87.03,95.34,92.11,93.35,93.23,91.60,92.42,90.65,88.03,93.03,85.98,89.02,88.13,96.26,93.71,91.37,90.47,93.72,90.70,92.14,88.45,89.80,89.41,90.15,87.03,93.90",41.485470772896576,0.8528207935815095,14.459150262985077,1
"2,2,1,1,2,3,2,2,1,2,2,1,2,3,3,2,2,2,3,2,2,2,2,3,1,3,2,2,1,1","98.11,98.29,97.94,98.44,97.79,97.98,97.42,98.02,97.35,98.68,98.08,98.71,97.38,98.10,98.28,96.68,98.46,96.08,98.46,97.52,95.57,98.39,98.24,99.26,97.26,96.21,98.55,100.00,97.88,97.07",75.69680819209742,0.5463017408377052,15.395084123014781,0
"1,2,2,2,3,2,0,2,0,0,1,1,3,1,2,2,1,2,3,1,1,3,2,2,1,3,2,2,2,0","95.03,89.63,90.86,92.42,94.67,91.42,95.68,95.25,91.72,87.52,90.48,88.35,96.29,94.47,95.82,92.41,91.88,87.14,92.69,93.57,90.20,96.85,89.42,91.87,91.83,90.14,84.03,88.35,88.11,96.11",46.91922530988714,1.0475743102670585,15.068659221076278,1
"0,0,0,0,1,1,1,0,1,0,0,1,0,0,1,0,1,0,1,0,1,0,1,0,0,0,1,1,0,0","96.34,98.78,96.24,99.35,97.31,97.70,97.42,95.88,96.53,98.62,96.41,98.17,98.33,95.43,99.16,95.66,97.81,96.33,96.39,97.92,94.74,96.08,96.14,96.47,96.95,97.23,96.29,96.33,97.95,96.76",70.54808805495765,0.7088696064193653,14.43380351265345,2
"2,3,1,2,2,3,3,2,2,2,3,2,2,3,2,1,2,2,2,2,1,1,2,1,3,2,1,2,2,1","97.07,97.07,98.14,98.40,98.17,97.75,97.77,97.74,98.26,98.60,96.79,98.48,96.84,97.94,97.80,98.12,98.52,98.06,99.13,98.09,97.70,98.47,98.02,97.54,98.75,97.95,97.69,97.98,97.81,97.36",64.49403172428603,0.6858168577373421,15.558701766619116,0
"2,2,1,3,1,2,1,3,0,2,3,2,2,2,1,2,2,2,1,1,2,1,3,2,0,3,1,3,1,2","94.10,97.33,97.48,98.21,95.02,95.34,96.34,98.42,94.29,96.12,100.00,94.65,96.29,94.21,96.33,95.56,94.50,99.21,93.25,96.84,94.73,96.19,95.43,93.48,97.28,97.23,97.44,93.75,93.42,93.57",52.34341907662485,0.735748579838669,15.160673886488414,5
"3,1,2,1,2,2,1,2,2,2,2,2,1,2,2,2,3,2,2,2,1,2,2,2,2,2,3,1,2,2","88.07,89.59,80.12,89.84,91.73,87.43,90.58,85.77,88.93,88.34,91.80,83.76,87.60,85.06,83.36,81.28,84.64,86.77,84.74,87.97,90.10,93.09,88.98,86.21,84.48,86.46,88.04,87.64,82.73,85.74",46.718659300743475,0.96048235366695,14.534568231169557,6
"0,1,0,1,1,0,1,1,1,0,0,0,1,1,0,0,0,0,1,0,1,1,0,0,0,1,1,1,0,1","96.80,96.49,97.31,98.58,95.84,95.63,96.46,95.98,96.40,96.39,95.92,96.90,96.64,96.73,97.20,97.84,97.73,98.12,96.51,96.29,98.39,95.73,97.29,97.06,97.39,98.64,96.37,96.38,97.39,97.71",77.3728637990175,0.8954590915983295,14.52914383735241,2
"2,3,3,2,2,2,3,2,3,2,2,2,3,2,2,2,1,2,2,3,3,1,3,3,3,2,2,2,1,3","98.41,98.31,97.73,97.71,96.20,98.29,98.57,97.13,97.68,98.71,96.87,97.01,97.00,99.38,96.65,98.20,96.11,97.77,98.20,98.20,96.31,97.52,98.20,98.41,98.12,98.35,97.53,98.10,98.68,98.13",75.58005770980361,0.6410121464136971,15.231927184751688,0
"2,3,0,0,1,2,2,2,1,0,1,1,1,2,1,0,1,2,2,0,2,2,2,2,2,2,2,1,1,1","97.38,95.91,98.77,93.57,91.92,93.43,97.96,92.54,94.52,95.27,97.70,93.98,93.45,96.46,99.05,92.12,96.62,93.15,99.81,96.27,96.73,91.40,92.65,99.18,94.71,94.32,97.70,93.47,96.98,95.67",60.139448385091505,0.8704516685113348,15.61370504201957,7
"3,1,0,2,1,3,3,0,2,3,1,1,1,0,2,2,3,1,1,3,0,2,1,1,2,3,1,1,1,2","93.87,92.63,90.75,92.25,90.87,89.36,90.80,91.61,92.61,98.26,96.26,96.91,91.28,90.62,92.86,93.12,96.84,92.94,90.83,90.95,93.81,92.45,88.49,94.06,97.96,98.98,92.30,89.77,92.19,92.40",50.17200512645589,0.9655686045792946,15.896700955759403,1
"1,2,3,0,2,2,2,2,1,1,2,1,2,1,1,1,3,1,0,2,2,3,2,2,1,2,0,1,2,0","96.22,95.47,98.41,97.28,95.20,94.98,93.39,95.26,98.58,94.54,95.06,94.85,91.76,96.21,96.33,97.15,96.63,96.80,93.02,95.12,97.15,97.06,95.29,97.57,92.82,92.25,96.85,92.06,91.89,94.91",73.8571349660216,0.715738131435748,14.889521491930868,3
"0,1,1,0,3,2,2,1,1,1,2,1,2,3,1,2,1,1,2,2,1,2,1,1,2,2,0,2,1,1","98.20,98.96,91.49,97.28,97.98,96.69,100.00,96.42,97.38,98.34,93.69,99.88,96.30,92.16,95.17,96.97,95.54,97.47,96.97,95.24,95.88,92.56,94.22,99.35,95.06,99.76,97.37,94.33,95.03,94.89",52.5843582618914,0.5817100730664219,14.710894439852675,3
"1,3,0,2,2,1,1,3,2,3,3,3,2,1,2,1,2,1,3,2,1,1,1,1,0,1,1,2,2,3","90.22,92.61,94.59,95.70,89.46,95.78,90.55,92.32,92.75,86.89,94.41,88.94,92.95,92.02,90.61,92.88,98.10,95.14,92.64,92.82,94.33,93.02,92.77,93.16,86.60,90.69,93.09,100.00,91.48,91.95",38.20026537674569,0.8315422341338571,14.911762533140575,1
"3,2,2,2,1,2,2,1,3,2,1,2,1,3,3,2,2,3,2,2,3,2,2,3,1,2,1,2,2,3","97.23,98.17,97.78,98.00,97.17,98.32,97.00,97.81,98.05,97.54,97.64,97.43,96.83,97.02,96.95,97.35,98.23,97.49,97.77,97.77,98.59,99.04,97.64,96.70,99.71,98.87,97.76,99.06,98.13,98.92",78.34299640004377,0.9099825104673754,15.282236194939545,0
"2,1,3,2,2,1,1,3,1,1,1,2,2,1,1,1,0,1,2,2,1,2,0,2,2,0,3,2,0,2","94.58,93.84,91.53,96.28,94.69,94.37,95.25,97.50,97.19,96.50,98.21,97.19,95.29,96.88,92.05,96.48,98.70,98.80,97.86,94.83,96.96,98.88,91.94,97.46,94.50,97.36,95.72,94.87,95.57,93.57",69.60865298829835,0.661558975855609,15.10177750519918,7
"2,1,2,2,1,3,1,2,2,2,2,2,2,1,2,2,2,3,2,3,1,1,3,3,1,1,1,2,1,2","98.62,98.67,98.45,98.11,97.51,97.19,99.17,99.10,97.82,97.70,98.62,97.24,98.22,98.05,97.13,97.85,99.02,97.37,97.55,97.62,98.40,98.25,97.82,100.00,97.15,97.00,97.85,97.60,97.27,99.13",71.71634663426663,0.8375555844466958,15.106485438539156,0
"1,2,2,3,1,1,2,1,3,0,1,1,1,3,2,2,3,3,3,1,1,1,3,2,0,3,3,1,1,1","92.05,91.05,89.53,93.14,91.98,91.00,93.98,94.68,92.98,92.44,87.97,91.73,94.41,92.07,86.72,89.19,92.19,91.79,93.16,94.09,91.77,87.22,94.07,89.53,92.49,96.42,96.99,93.98,90.03,96.04",36.548147443116314,0.8493414367584289,14.879755025494143,1
"2,2,2,2,1,2,2,2,2,2,2,1,2,2,2,2,2,1,2,2,2,2,2,2,2,2,2,2,3,2","96.67,98.65,98.60,96.67,97.28,97.02,97.89,97.71,96.35,97.42,98.45,96.44,98.36,95.99,97.37,98.02,95.92,96.88,99.06,98.51,98.15,98.30,98.07,97.54,99.14,98.57,98.05,99.72,97.86,96.88",64.6164904374252,0.7153810215962202,14.646340995520202,0
"2,2,1,3,3,2,2,2,2,2,2,2,2,2,1,2,3,2,2,3,2,2,3,2,2,2,1,3,2,2","98.30,97.04,98.50,97.31,98.10,97.03,96.43,97.59,97.51,97.62,99.42,97.93,98.46,96.46,98.94,99.06,98.21,97.10,96.87,97.59,97.37,98.79,98.81,97.21,97.76,96.88,97.85,96.67,99.80,97.59",72.91618248601233,0.6357876480156671,14.535266188340056,0
"2,2,0,2,2,0,2,0,1,2,2,2,2,1,2,1,2,1,2,2,2,3,1,1,2,2,2,1,2,2","98.30,94.51,95.76,94.95,96.81,97.14,98.34,92.07,95.13,97.20,96.21,95.81,96.77,97.30,95.84,99.00,96.46,94.91,99.25,96.12,97.96,98.87,94.88,95.26,92.87,94.07,96.71,95.62,98.91,98.44",64.88895745189093,1.1645030298385266,14.737284536928332,5
"2,3,1,1,3,1,0,1,0,3,2,1,1,1,0,1,0,3,0,0,0,1,2,1,1,3,2,3,1,2","94.63,90.40,93.33,93.35,95.16,92.67,90.31,90.81,94.05,93.42,97.62,95.30,90.00,93.29,89.69,95.24,94.76,96.22,91.71,95.97,89.37,92.48,95.42,91.89,91.54,95.66,87.89,89.59,89.46,90.08",40.59587444805683,0.9441328117641146,15.016129840740899,1
"3,2,2,3,3,1,2,2,1,2,2,2,2,2,1,2,2,2,2,1,2,3,2,2,1,3,2,1,3,3","98.46,98.18,98.86,98.09,96.88,97.94,100.00,98.37,98.66,98.59,97.90,98.70,97.94,97.68,97.82,99.66,99.61,96.39,97.91,98.95,96.35,97.82,97.12,98.91,98.53,97.75,96.99,96.51,96.75,97.21",72.7219023064837,0.8017347198243486,15.185070587239368,0
"1,2,2,3,2,2,2,2,3,3,1,2,2,3,3,2,2,1,3,3,2,3,2,2,1,1,2,1,2,2","98.52,98.55,97.85,97.66,98.19,97.86,98.95,97.13,97.91,98.59,97.20,97.17,98.28,98.25,97.03,97.41,97.52,97.64,98.31,98.78,97.88,99.25,98.83,97.75,99.62,97.97,98.23,97.70,99.38,98.15",75.480124488511,0.8823736628685375,14.836025917598391,0
"2,0,2,1,3,1,0,0,3,3,1,0,0,1,0,2,1,2,2,2,0,2,2,0,0,3,2,1,1,1","97.88,93.07,91.88,97.64,95.47,94.46,95.61,95.65,97.26,94.44,96.21,94.15,96.86,93.34,98.53,95.01,95.64,100.00,96.73,97.68,90.10,90.19,95.09,99.88,95.64,95.16,96.00,97.93,96.88,94.01",66.52735688320077,0.7921589182282675,14.826556169411422,5
"0,2,1,1,1,3,2,2,2,2,1,1,2,2,2,1,3,1,1,1,2,2,2,1,3,1,2,1,2,2","97.32,95.10,94.46,96.23,96.59,99.47,97.76,98.70,94.13,94.85,97.04,94.78,94.48,92.58,96.58,93.73,95.63,94.90,94.85,98.28,90.83,96.83,95.29,95.87,100.00,94.64,95.24,96.14,94.00,96.69",55.44929722944749,0.8280526027424496,15.1164972564189,7
"2,2,2,2,2,3,2,1,3,1,2,3,3,1,2,2,3,2,2,1,2,1,2,2,2,1,3,3,2,2","97.68,97.41,98.48,99.93,97.64,98.92,97.37,97.20,98.19,97.49,97.27,98.23,98.41,98.22,97.37,96.59,98.43,98.61,98.74,99.35,98.22,96.88,98.64,97.35,99.28,98.62,98.73,97.75,97.07,97.71",61.81606486700656,1.0972917738737709,15.345870019622055,0
"2,2,1,3,1,2,3,2,0,2,2,1,1,2,0,1,2,1,1,1,2,1,1,0,2,1,1,1,0,1","95.98,97.24,96.28,100.00,91.59,96.26,96.87,93.89,94.73,95.81,97.80,97.93,100.00,98.81,94.36,96.92,95.73,94.51,95.68,95.07,96.42,97.61,94.45,94.16,98.28,95.28,96.33,94.92,96.88,92.75",61.7709632157678,0.9241574963673354,15.134191030265505,3
"2,3,2,2,3,1,2,2,2,2,2,2,1,3,3,2,1,2,2,2,2,2,3,3,1,2,2,2,2,2","95.65,98.46,98.35,97.72,98.73,98.75,97.37,98.54,98.17,98.07,97.63,98.68,97.98,97.50,98.82,97.66,96.30,98.59,98.49,99.44,97.30,97.78,97.66,98.01,98.19,97.58,96.01,98.00,97.93,97.09",69.781090274299,0.5036925167840626,14.62489004316091,0
"2,1,1,2,2,2,2,1,0,1,3,2,3,2,3,2,2,3,2,1,0,1,1,3,1,2,2,2,3,2","91.79,95.82,95.72,95.59,96.05,94.02,96.92,95.22,93.33,94.97,95.23,93.82,97.57,97.05,94.87,97.55,93.98,96.20,96.37,97.72,95.72,97.88,96.99,95.19,94.88,95.79,95.84,96.92,92.49,97.21",61.60991280621944,0.7222694204475045,14.562323514359543,3
"3,2,2,1,0,3,1,1,1,1,2,3,0,1,2,3,2,2,1,2,1,1,1,1,1,2,1,1,1,0","94.41,93.09,95.21,98.40,96.70,94.63,94.65,87.90,92.55,95.71,92.10,89.48,92.72,92.81,88.83,92.91,90.82,88.57,92.52,92.14,95.34,92.49,90.51,97.80,92.39,90.55,91.26,93.80,95.90,89.40",41.538405257347435,0.6966402218956635,15.16522300968402,1
"1,1,2,2,3,1,1,2,2,1,2,2,1,2,2,2,1,1,2,2,1,2,1,2,2,2,2,1,1,1","89.48,91.72,85.17,87.17,90.81,85.88,91.86,90.16,84.89,89.89,87.84,81.66,81.84,86.34,84.63,90.27,90.28,90.95,93.03,89.46,86.99,88.08,89.22,87.43,93.88,85.13,87.54,85.97,88.61,87.85",24.587635768254845,0.9145291063807627,14.47001374204809,6
"2,2,2,1,2,3,1,2,2,2,1,2,3,2,2,2,2,2,3,3,2,2,1,2,3,2,2,2,1,2","98.08,98.34,97.45,98.93,96.93,98.07,97.99,97.34,98.70,98.20,96.90,97.52,98.88,96.98,99.55,98.47,97.50,97.40,96.87,97.80,98.44,97.88,98.56,97.43,98.61,98.15,99.12,98.84,98.94,98.01",66.75873938629928,0.7380703223442183,14.945021649787481,0
"1,1,2,1,2,1,2,2,2,1,2,2,2,2,1,2,2,2,3,2,3,3,1,1,2,1,2,2,2,2","78.29,93.15,90.27,84.68,87.96,83.54,87.48,79.96,92.94,89.03,86.42,91.32,84.49,88.44,89.54,86.41,94.94,90.01,90.04,92.06,91.41,83.95,87.98,95.11,84.37,85.23,89.91,86.37,79.34,88.38",51.32933680646081,0.7544183394493671,15.272794373414943,6
"0,0,0,0,0,0,1,0,1,0,0,0,0,0,1,0,1,1,1,1,1,0,1,1,1,1,0,1,0,1","97.00,98.47,97.99,95.94,95.71,95.78,96.94,96.04,98.00,98.75,96.07,97.34,96.35,94.58,96.93,97.04,97.09,96.09,94.21,97.62,96.74,96.39,96.60,97.38,97.60,97.60,97.40,97.24,96.17,97.58",62.15069141098318,0.4801071524908468,14.919333042870479,2
"3,3,2,3,2,1,2,2,2,1,2,2,2,2,1,2,2,1,2,2,3,3,2,3,2,1,1,2,2,2","97.59,97.88,98.28,98.54,98.41,98.91,98.12,97.57,98.14,98.75,99.09,98.50,96.86,99.78,97.37,98.59,99.08,99.14,97.31,97.45,99.02,98.38,97.12,98.00,98.21,97.53,96.60,98.27,98.42,98.67",87.85591605647704,0.5351361255012822,14.772105900936369,0
"1,1,0,1,1,0,0,1,0,1,0,0,1,0,0,1,0,0,0,1,1,0,0,0,0,1,0,1,0,1","97.23,97.92,97.92,96.07,97.73,96.70,98.78,97.06,94.61,97.80,95.19,95.92,98.11,97.83,97.89,96.57,99.18,97.32,96.20,95.70,96.28,99.23,97.20,97.13,98.43,98.07,97.79,98.74,97.28,98.14",51.2550590778318,0.6859868212634658,14.438556128718362,2
"3,2,2,1,3,1,2,2,2,3,3,2,3,2,2,1,1,2,3,2,3,2,2,2,2,2,2,2,3,3","96.97,98.22,97.98,99.70,97.71,96.77,99.12,97.62,98.17,97.45,97.81,98.33,98.87,96.57,98.79,98.74,98.08,97.90,97.09,98.70,97.85,98.12,97.21,97.94,96.88,97.10,96.80,98.10,98.12,96.70",70.61474905955411,0.9569600939713054,14.805944890474532,0
"3,2,2,3,3,1,2,2,3,2,2,3,2,2,1,1,3,2,2,1,3,1,3,3,2,3,2,2,2,1","97.37,98.14,97.40,98.52,97.50,96.72,97.71,98.38,98.46,99.93,100.00,99.40,97.52,98.35,97.76,100.00,96.54,98.41,97.80,98.13,99.06,98.08,96.24,96.70,98.25,98.23,97.65,97.86,99.64,98.93",70.7456138315794,0.7087317809730018,15.458444684197811,0
"2,2,2,2,2,3,1,3,2,2,2,2,3,2,2,3,2,3,2,2,2,2,2,3,1,3,2,1,3,2","96.97,96.60,97.61,97.94,96.45,98.32,99.48,98.58,96.61,98.68,96.69,96.46,98.71,99.49,98.25,98.29,97.78,98.15,97.95,98.42,98.44,96.61,98.66,96.69,97.69,97.45,97.80,98.52,98.68,97.65",68.10645609399523,0.7166491858457131,15.071262309710736,0
"2,1,2,0,2,2,2,1,0,0,1,2,0,3,3,3,2,1,2,1,2,1,2,1,1,0,2,1,1,2","97.21,95.16,95.78,95.10,94.30,94.79,98.10,97.38,97.17,96.34,97.07,97.96,97.15,97.41,93.22,95.46,93.56,94.10,95.74,94.73,95.87,97.50,96.54,94.01,94.39,96.02,94.29,96.93,98.05,95.65",61.41935081760298,0.768853758423806,14.928179308973908,7
"1,3,2,3,3,3,3,1,1,1,1,0,1,2,2,1,3,1,1,1,3,1,3,1,2,3,3,3,1,1","93.71,97.60,89.03,92.97,93.06,90.66,96.72,89.15,87.95,89.29,86.58,94.84,93.89,97.18,87.25,90.91,92.73,89.07,89.72,96.33,85.02,93.70,93.24,97.54,89.59,93.11,90.97,88.37,91.08,88.63",56.310974008866175,0.6726706683842179,14.697082575085682,1
"3,3,2,2,2,3,2,2,1,2,0,0,0,0,1,3,0,0,2,2,3,2,1,1,2,3,1,3,3,0","93.78,95.24,95.14,95.43,93.65,95.04,100.00,96.91,96.75,96.32,97.40,91.51,96.67,96.12,96.21,96.34,95.56,94.96,94.92,99.15,96.14,96.50,95.19,95.90,96.03,95.99,91.36,99.97,95.38,96.23",52.01107710395171,0.7396764204059314,14.785017580342783,4
"2,1,0,1,2,3,3,0,0,3,0,2,2,0,1,1,3,2,0,3,0,1,3,2,1,0,1,1,0,0","93.16,91.19,94.98,94.13,86.02,94.96,89.47,91.25,93.37,94.70,88.22,88.52,93.64,93.21,88.86,91.97,92.91,90.26,94.50,94.65,94.90,96.44,92.68,91.75,92.86,93.99,96.10,93.05,92.82,88.53",25.03353477660499,0.9010330503087847,14.497191361180114,1
"1,0,1,1,0,1,0,1,1,1,0,0,0,1,0,1,0,1,0,0,0,0,0,1,1,1,1,0,1,0","96.21,97.11,97.99,95.96,97.80,96.63,96.08,96.48,97.99,97.97,96.67,95.84,97.10,97.08,95.54,98.00,97.48,97.90,95.85,98.32,97.74,95.44,96.92,98.13,96.61,98.18,97.21,97.10,96.99,95.81",45.964272721976734,0.7668277581503685,14.86350865524996,2
"0,0,1,1,1,0,0,1,0,1,0,1,0,1,1,1,0,1,0,1,0,0,0,1,0,0,0,0,1,0","97.12,97.22,96.90,97.94,96.65,97.96,96.66,96.21,96.40,97.24,98.59,97.11,97.37,98.50,96.08,96.04,96.30,97.31,100.00,96.64,99.45,97.07,96.88,97.03,95.54,95.88,98.16,97.09,98.03,98.20",54.441462247257554,0.6607310294110483,15.605705800329781,2
"2,1,3,2,2,2,3,1,0,3,1,1,2,1,0,3,1,2,0,1,1,1,0,2,3,3,3,1,0,2","97.67,97.23,96.50,96.01,96.57,97.03,97.62,96.27,94.68,97.93,93.81,94.35,93.19,98.63,96.02,97.27,96.17,95.92,93.05,95.54,95.83,98.20,95.80,97.82,97.43,93.21,96.34,95.56,97.10,97.21",39.63953926782621,0.5977986903532202,14.669184608106978,7
"1,1,2,2,0,1,3,2,0,3,2,2,3,2,2,2,2,0,1,3,0,1,0,3,2,2,1,0,2,1","96.63,95.91,92.11,97.81,96.20,96.05,96.05,97.98,96.16,95.69,96.20,95.97,100.00,96.84,94.74,96.07,96.64,93.56,96.04,96.26,98.30,98.38,93.08,93.75,95.70,97.53,94.54,98.09,89.84,93.08",58.7717973352368,0.7943083976572971,14.625943255852356,3
"1,3,3,2,2,3,2,2,1,2,1,2,1,1,2,2,2,3,2,2,2,2,2,2,1,2,2,2,2,2","97.21,99.69,99.31,98.17,98.17,98.73,97.89,96.64,97.61,98.17,97.51,97.89,98.91,97.35,97.68,97.92,96.97,98.70,98.94,97.52,97.39,99.87,96.49,98.40,98.53,97.60,98.89,98.39,98.57,97.02",58.37149992180685,0.7033200160240054,14.856777872276878,0
"2,2,2,2,2,2,2,2,1,1,1,3,1,2,1,2,2,2,2,2,2,2,2,2,1,2,2,1,2,2","97.62,96.75,98.18,98.42,98.32,97.29,98.11,98.17,98.47,97.04,98.77,97.76,98.03,97.47,98.51,96.66,98.47,98.91,98.53,97.54,97.65,98.78,97.45,99.29,97.93,97.85,98.43,97.52,98.06,98.36",64.22229566751437,0.8332792661390939,14.828870436950517,0
"2,1,2,2,3,1,2,2,1,2,2,2,1,2,2,3,2,2,3,3,3,2,1,2,2,2,2,2,2,2","98.38,98.13,98.01,98.17,97.48,98.34,97.48,98.21,100.00,97.72,98.09,98.06,96.96,98.43,97.56,97.77,98.60,97.59,98.47,98.57,99.00,97.46,98.39,97.46,98.90,97.59,96.93,96.62,98.67,97.05",74.12555241817086,0.7660769809846653,15.515704682907689,0
"0,2,0,2,1,2,0,3,1,2,2,3,3,2,2,2,3,2,2,1,1,1,3,1,1,1,3,2,1,2","89.59,95.71,92.71,92.44,96.99,92.76,95.37,94.83,96.01,95.71,88.67,92.65,96.90,88.43,88.25,95.19,88.52,90.37,87.50,95.04,87.05,94.78,93.87,93.90,86.94,91.94,95.03,93.24,91.97,89.23",66.32647534197562,0.8004011052821135,14.133309836477281,1
"3,1,0,1,0,3,2,0,2,2,0,2,3,1,1,0,2,1,3,1,2,2,2,3,2,1,2,1,1,0","91.05,86.29,92.80,85.93,93.22,91.24,92.70,90.08,98.42,94.50,92.56,93.44,94.50,91.17,94.45,93.82,97.74,90.91,95.04,87.17,94.27,90.61,91.88,89.57,88.63,89.33,93.94,85.61,87.82,94.74",41.74307803811767,0.825033694171304,14.772307827473673,1
"0,1,2,1,0,0,2,2,1,2,1,3,2,3,3,3,0,2,3,1,3,2,2,2,3,1,1,2,1,2","95.18,98.65,95.96,98.26,95.97,96.48,94.71,97.31,98.51,99.69,95.78,98.65,93.94,91.93,93.82,95.65,96.86,95.51,95.61,93.41,93.35,93.27,95.92,94.98,94.56,95.30,91.89,94.64,96.25,95.70",60.11105451891235,0.8221081647554463,15.389820400400703,5
"1,2,2,3,2,1,2,1,2,2,1,1,2,3,1,2,2,0,3,2,3,0,2,3,3,2,1,1,1,2","94.88,100.00,100.00,96.86,98.15,98.73,94.62,97.82,94.95,98.80,95.19,97.89,99.81,97.52,96.41,93.25,96.76,99.73,96.98,95.34,96.34,94.35,95.42,94.27,93.29,97.27,98.33,95.66,95.01,98.63",63.363039237502655,0.5182131803922988,14.37920930654795,4
"2,2,2,2,1,3,3,3,2,2,2,2,1,1,2,3,2,2,2,2,2,2,2,2,1,2,2,2,1,2","98.59,96.70,97.19,99.53,97.57,98.62,96.69,98.79,98.11,97.40,97.93,96.07,97.72,96.99,97.60,97.94,98.39,99.31,96.90,97.29,97.58,95.43,96.96,98.55,97.57,96.61,97.11,97.64,98.50,97.42",80.17008112759332,0.7276553436131775,14.907283891399914,0
"0,2,2,3,3,2,2,3,2,1,2,3,1,1,1,1,3,2,0,2,1,2,2,0,2,1,1,1,1,1","96.51,93.85,94.96,98.27,97.63,96.38,97.92,97.09,94.42,94.44,97.53,99.30,93.44,95.39,96.33,97.42,95.85,93.88,93.81,96.19,95.00,99.79,91.62,93.20,99.34,95.80,95.86,96.08,94.02,98.15",74.77258818280772,0.8666178171636906,14.970683536853505,7
"0,0,0,0,1,0,0,0,1,0,0,0,0,0,0,0,1,0,0,0,0,0,0,1,1,1,1,0,1,1","99.23,96.86,96.77,96.86,98.28,96.10,97.39,96.52,97.05,98.45,97.14,96.62,97.18,97.28,96.51,95.73,97.32,96.45,98.57,97.86,98.32,97.68,98.44,97.00,98.63,96.99,97.54,96.51,96.65,95.30",66.06179978343582,0.9742346382705844,14.729701909086868,2
"1,0,0,1,0,0,1,0,1,1,0,0,1,0,0,0,0,1,1,0,0,0,0,0,0,0,1,0,1,1","96.66,97.87,97.51,97.38,96.07,97.36,98.52,97.12,98.00,97.03,95.75,96.94,95.95,96.77,98.75,96.61,97.22,96.23,97.47,96.77,96.02,97.30,97.88,97.50,95.46,96.70,95.44,96.12,98.39,97.11",42.12604881200929,0.7008778183534103,15.759248808517079,2
"3,1,2,1,2,2,1,2,3,1,3,1,1,1,2,1,3,3,1,1,2,3,2,3,1,1,1,2,1,1","91.03,93.49,92.08,87.92,87.59,92.04,91.23,87.04,91.93,90.65,92.66,90.47,93.75,90.92,93.59,96.26,96.59,90.54,92.10,94.62,93.91,93.26,92.31,97.78,84.62,95.57,95.70,85.90,96.56,93.04",35.74260257011678,0.8017203734035397,14.939251490647402,1
"0,0,1,1,0,0,1,0,1,0,0,0,1,1,0,0,1,1,0,1,1,1,0,1,0,1,0,1,0,1","96.74,96.46,96.37,98.79,97.11,96.21,97.13,95.78,97.39,97.43,95.70,97.70,95.37,98.90,95.49,96.44,96.26,97.57,96.79,98.54,97.55,96.15,98.20,97.43,95.90,97.00,96.04,95.76,94.64,95.24",60.00121657884969,0.800984216600757,14.419148539078531,2
"2,1,2,3,1,3,2,2,2,1,1,3,2,1,1,2,2,1,2,2,1,3,2,2,2,3,3,2,1,2","83.73,84.63,89.88,88.58,90.22,87.61,92.31,85.13,88.26,91.38,92.47,89.66,86.61,86.17,94.82,85.71,86.11,82.33,90.50,82.14,95.54,92.45,88.50,84.99,90.95,90.10,95.98,90.77,86.74,81.40",39.675154142246065,0.616718904772579,14.327415711316409,6
"1,3,0,3,1,1,1,1,2,1,3,0,2,0,1,1,1,0,2,0,0,1,3,2,3,1,0,2,2,3","95.70,97.32,93.44,97.11,93.77,94.58,96.87,97.05,95.19,96.33,95.33,98.43,92.40,95.61,97.22,94.47,93.45,97.02,96.77,96.76,96.01,98.37,94.02,96.11,95.20,98.03,93.87,95.95,94.24,97.55",51.35654801041121,0.7311278904625367,15.003461465225913,3
"1,3,2,3,2,0,0,3,2,1,2,2,1,2,2,3,2,3,1,0,2,1,1,2,2,3,1,3,1,0","97.62,98.01,98.47,95.34,96.71,96.64,98.41,94.58,97.60,98.81,94.51,97.79,99.11,96.91,97.37,93.71,96.67,96.21,94.19,99.48,95.09,95.80,96.12,97.64,99.16,95.60,95.37,94.60,95.90,96.54",57.486059647948345,0.7704183458884175,14.861637061074992,7
"2,1,1,1,2,2,3,2,3,1,3,2,3,2,1,3,3,2,2,1,0,1,0,2,1,1,2,0,1,1","98.49,93.53,97.45,94.87,93.44,96.10,96.82,97.96,99.36,93.98,97.24,95.16,97.63,94.82,95.56,92.33,96.86,94.69,99.38,94.56,97.70,96.66,92.66,91.48,97.62,90.87,93.29,95.06,95.31,93.72",64.4240423483725,0.8773344391275081,14.818426329211714,3
"1,1,1,0,0,2,2,1,2,2,1,3,3,3,2,1,3,0,2,3,3,1,2,3,3,2,1,2,3,2","99.61,94.45,94.09,96.08,93.39,98.31,94.57,97.54,95.03,95.24,96.81,96.81,96.71,96.80,96.40,98.22,97.09,92.06,94.12,97.66,95.14,93.66,96.55,95.32,96.92,97.23,97.39,96.59,93.39,96.36",72.83604934313414,0.9055265813661212,14.856262480279604,5
"2,2,1,3,3,2,3,2,3,1,2,2,2,1,3,1,2,2,2,2,2,2,2,2,1,2,1,2,2,3","98.96,96.43,98.99,96.99,96.89,97.82,98.65,97.89,97.80,99.06,99.86,97.63,97.94,97.66,98.26,99.04,98.81,97.19,97.39,98.02,97.34,98.42,96.88,95.91,97.17,97.69,97.48,98.43,96.84,98.70",74.04104786146308,0.7399012969942993,15.207341368761016,0
"3,1,0,2,2,2,1,1,0,1,1,1,1,2,3,1,1,0,0,3,2,2,2,2,3,0,0,3,2,2","97.18,92.09,92.41,97.26,96.62,93.84,95.01,100.00,96.33,96.45,97.62,94.86,98.00,94.97,95.87,97.13,95.40,97.57,95.87,96.73,97.20,96.31,95.12,95.25,96.06,94.35,93.94,95.57,95.24,96.99",63.24796460540195,0.5058254588678235,14.824231314499025,3
"2,2,2,0,2,2,2,1,2,1,1,1,2,1,1,3,2,1,0,3,2,1,1,1,3,1,1,2,0,2","97.69,97.07,97.86,97.59,96.91,93.13,98.35,94.39,95.09,98.02,98.15,92.73,97.26,92.28,94.87,99.92,98.77,94.29,94.53,96.32,96.09,97.45,96.40,96.47,95.88,94.83,96.98,96.83,96.17,94.92",41.00748536962017,0.8432886944980528,14.911546633346742,3
"2,2,2,2,3,2,1,2,3,2,2,2,3,1,2,2,3,1,2,1,3,2,2,1,3,2,2,1,3,1","96.78,97.80,98.45,96.23,97.48,97.60,97.39,98.18,97.77,98.89,98.10,98.47,98.54,98.18,97.87,98.05,99.67,97.36,97.62,97.91,99.13,97.38,98.04,97.90,98.67,97.99,99.76,98.20,96.68,97.03",72.76185125801666,0.6367795805951315,14.493992226207668,0
"2,1,1,0,1,1,3,3,1,1,1,1,1,0,2,1,3,1,2,3,1,2,1,2,0,2,1,0,2,0","94.73,96.13,98.40,95.16,90.44,97.63,93.68,91.76,98.49,95.83,96.89,97.52,92.55,89.14,92.60,95.04,97.12,96.29,96.24,93.14,95.71,94.78,96.79,95.83,94.83,97.57,94.56,97.99,96.04,95.95",69.53589959748939,0.702735714206397,15.817878610656656,5
"1,1,1,1,1,1,0,0,0,0,0,0,0,1,1,1,1,0,0,0,1,1,0,0,1,0,0,0,0,1","96.52,96.89,97.00,98.71,97.02,97.29,96.75,96.25,96.39,96.95,97.55,96.31,95.09,96.28,97.92,96.17,96.73,96.39,95.84,98.46,96.53,97.07,99.07,97.21,98.05,97.98,96.45,99.19,96.06,95.13",44.62594881074179,0.7175960441095277,15.030955509921816,2
"2,2,2,2,2,2,2,3,2,2,1,2,2,2,3,3,2,3,1,1,2,3,2,3,1,2,1,2,2,3","97.21,97.46,98.27,97.32,97.57,97.47,98.14,98.47,96.74,98.39,97.37,98.48,98.70,98.95,98.74,98.50,99.11,98.12,97.58,98.58,98.05,98.24,98.69,97.83,97.50,97.11,98.28,97.45,98.70,99.24",84.46221228357274,0.8928561238009466,14.75204275511332,0
"1,1,0,0,0,0,0,1,0,1,0,0,1,0,1,0,0,0,1,0,0,0,0,0,0,0,1,1,1,0","96.90,96.30,97.87,96.64,96.40,94.34,94.04,98.40,96.94,97.46,95.90,97.20,96.92,97.90,98.70,97.22,97.00,95.87,98.52,98.08,97.77,98.29,96.30,96.83,96.44,98.16,97.63,96.59,95.83,96.54",46.95180528258234,1.0115568914403785,15.287922533116289,2
"3,2,1,1,1,3,1,1,3,0,2,0,3,2,0,2,2,1,1,3,3,3,3,3,1,2,1,0,2,1","90.09,89.95,87.64,84.99,89.81,89.99,88.66,93.94,93.93,95.52,96.59,86.51,92.39,88.28,91.58,92.45,92.14,95.45,94.27,92.72,90.00,90.42,93.65,89.55,91.18,93.71,90.79,90.28,93.77,92.95",43.604457811777166,0.6167418457354846,14.92613773999207,1
"2,2,2,3,2,1,2,1,1,3,3,3,2,2,2,2,3,2,1,2,3,2,2,2,2,2,2,1,1,1","98.10,98.06,97.76,98.82,97.97,97.75,97.85,96.97,96.90,98.45,98.58,98.56,97.73,97.33,96.79,98.05,99.49,97.76,97.51,97.98,99.58,97.15,97.66,99.03,97.90,99.11,98.50,98.69,97.76,98.88",75.1696992111504,1.0407851023724215,14.49319411178846,0
"2,1,2,1,2,2,3,3,1,3,3,2,2,2,1,2,3,2,3,2,3,1,2,3,2,1,2,3,2,2","99.32,98.01,99.39,97.92,98.58,98.98,99.44,97.37,98.69,97.74,97.88,97.89,96.92,98.56,96.83,98.55,99.26,97.58,98.79,99.19,97.80,98.45,97.98,99.87,98.10,98.32,96.85,97.62,97.84,97.12",72.54921098670994,0.9014290217960298,15.618238292648876,0
"3,1,2,0,2,3,3,2,1,2,1,1,1,1,1,3,1,2,1,0,1,2,1,1,1,0,3,3,0,2","92.80,97.65,99.09,89.44,93.54,89.88,89.93,92.16,93.03,89.90,89.77,92.42,96.87,86.08,91.02,92.98,94.76,88.85,94.08,90.87,90.79,89.60,92.82,92.97,88.37,93.98,90.59,91.05,94.79,90.11",26.174234008653567,0.909704660741305,14.634839891983074,1
"0,0,1,1,0,1,1,1,1,1,1,0,0,1,1,1,1,0,0,0,0,1,0,0,0,0,0,0,0,0","97.92,96.13,95.88,97.57,96.15,98.14,97.27,97.94,96.87,95.35,96.21,95.47,98.40,96.93,97.24,96.63,98.34,97.08,97.90,98.33,96.40,98.48,97.53,98.34,96.74,97.11,98.62,96.84,96.62,96.51",53.2074874477695,0.6714169632239536,14.710659370145285,2
"2,2,3,1,1,2,2,1,3,3,2,2,1,1,2,3,2,3,3,1,1,1,3,1,3,1,3,2,2,2","98.71,99.01,98.19,99.55,99.14,98.75,97.36,98.01,97.40,98.33,97.60,98.83,97.60,98.28,96.50,97.88,98.69,98.56,97.19,97.76,98.37,98.02,98.89,97.59,97.80,98.20,97.92,97.62,97.62,98.97",89.01903092313816,1.2916149022634906,14.966588393801288,0
"2,3,2,3,1,2,2,1,3,2,2,3,2,1,2,2,2,2,2,2,2,2,2,2,2,2,2,2,2,3","97.10,100.00,99.17,97.63,96.71,99.69,98.47,98.12,95.77,97.38,96.98,97.11,98.47,97.27,97.93,97.25,99.42,97.83,97.86,97.92,97.87,99.17,98.43,96.69,98.29,97.19,96.87,98.26,97.28,98.06",74.70999194571542,0.8542009480901315,14.120824163438913,0
"1,1,0,2,0,3,1,0,1,0,1,3,0,1,1,1,2,3,1,0,2,1,1,3,2,1,1,1,1,1","93.66,94.98,96.75,94.51,95.35,96.31,97.51,95.19,98.60,97.95,95.85,94.66,96.06,96.12,96.54,95.32,98.58,97.66,99.52,98.90,94.88,99.97,98.04,95.79,97.46,95.91,92.93,98.63,96.88,99.08",44.790315352112984,0.7178206400686924,14.363250518815978,4
"0,1,1,2,1,0,2,2,2,2,1,3,2,2,1,2,3,2,1,2,0,1,1,1,3,2,2,2,1,1","96.02,95.46,95.35,97.10,94.96,96.76,93.23,98.47,94.44,97.35,95.81,94.17,97.41,97.63,95.67,94.48,96.11,97.10,95.54,96.54,93.89,98.61,97.20,95.34,98.57,96.13,96.72,95.98,97.07,93.44",71.85984674781524,0.8761878085392055,15.113178226874274,4
"0,1,3,2,2,1,2,2,2,2,1,0,2,1,2,1,3,1,1,2,2,1,1,3,0,3,1,2,2,2","96.89,94.97,97.98,96.92,94.38,93.01,93.83,97.85,94.95,93.07,96.37,94.84,96.20,95.04,94.68,94.27,94.37,97.12,93.09,96.36,95.69,96.83,98.10,95.26,97.77,96.02,94.82,96.28,96.63,92.36",66.5418224792045,0.7133711108123344,13.912468972928364,3
"2,1,2,3,2,3,3,1,2,2,1,2,2,3,2,2,1,3,2,2,2,2,2,2,2,2,2,2,3,1","97.07,98.38,95.11,98.84,98.64,98.20,98.33,98.38,96.38,97.69,97.13,98.66,98.33,98.98,97.18,97.96,97.61,97.14,98.29,97.00,98.43,97.70,98.54,96.69,96.63,98.60,97.78,98.88,98.40,99.31",77.5243463137432,0.5519021843302317,15.112639473997408,0
"0,0,1,1,0,0,0,0,0,0,0,1,1,1,1,1,1,1,0,0,1,1,0,1,1,0,1,0,0,1","97.41,96.56,95.76,95.30,96.66,94.49,96.36,97.08,97.25,97.24,97.28,96.80,97.22,97.45,98.52,99.24,99.26,96.18,96.12,95.46,96.56,96.61,95.32,97.51,95.98,97.03,96.36,97.42,97.27,97.02",48.935857499149925,0.9544570640113185,14.51205763248654,2
"0,1,0,1,1,0,0,0,0,0,1,0,0,1,0,0,1,0,1,0,0,1,0,1,1,0,1,1,1,0","96.78,97.37,97.17,97.33,96.98,97.74,96.59,96.90,96.80,94.26,96.35,97.51,97.53,96.88,98.58,95.31,96.89,97.11,97.61,97.23,98.48,96.86,97.18,98.25,96.51,97.92,96.62,96.83,97.26,95.05",51.49218507270325,0.6639293595741363,15.121625662601438,2
"3,2,0,2,2,1,3,2,2,0,1,1,2,3,2,1,1,3,2,1,1,2,2,2,3,1,1,2,2,3","95.69,97.88,96.80,94.78,95.55,100.00,96.06,95.28,94.84,96.18,95.89,96.77,95.73,94.66,96.22,96.65,93.99,95.80,94.98,97.97,95.00,91.57,98.65,96.36,94.29,95.79,96.02,92.45,97.15,98.22",61.727674604151034,1.2411067881969913,15.339846110873868,4
"3,3,2,2,2,1,2,2,2,1,3,1,2,2,1,2,1,2,1,2,2,2,2,2,3,2,1,2,1,2","80.03,91.66,80.99,91.71,84.35,91.04,84.77,89.73,93.05,87.75,82.24,89.03,92.82,86.20,84.79,87.12,85.67,86.65,92.30,86.97,84.37,89.59,88.43,87.55,90.10,80.66,89.70,87.86,91.64,93.79",44.91717091507805,0.866856461175318,14.908046120857342,6
"3,1,1,3,1,2,1,2,1,0,2,1,2,0,2,1,1,2,1,3,1,1,2,1,1,2,2,1,0,1","93.17,90.12,95.19,91.56,94.04,89.45,84.22,97.61,94.10,93.77,84.14,88.55,94.11,91.45,92.60,87.74,88.73,94.23,87.49,90.49,88.74,86.51,96.32,88.19,91.56,92.03,89.40,95.01,89.27,98.25",28.536492158485714,0.8557280739692806,14.412149764385964,1
"1,2,0,3,1,1,2,2,2,0,3,2,2,1,1,2,2,2,2,2,1,1,1,2,2,2,0,0,2,0","87.06,94.13,91.24,92.49,89.59,90.51,98.03,95.98,85.27,92.40,93.04,91.31,85.11,88.00,89.35,96.39,92.84,92.80,91.94,93.83,89.01,88.51,87.45,95.18,90.42,95.56,96.03,88.38,90.95,99.55",56.630538497048136,0.7759682092457432,15.010033136831662,1
"2,0,0,1,1,0,3,2,3,2,0,2,2,1,2,3,1,1,2,3,2,0,2,3,1,3,2,2,2,0","92.31,96.57,97.00,94.70,95.18,94.72,94.83,94.49,97.03,97.45,94.20,98.04,95.20,97.67,91.94,94.43,93.80,95.64,98.29,93.56,99.06,97.50,96.69,95.92,92.85,98.94,92.54,96.77,96.61,93.51",48.50581422999367,0.993623929013707,14.987388143446992,4
"3,0,1,1,1,3,2,3,3,0,3,2,3,2,2,2,2,2,2,0,2,1,1,1,0,3,1,1,2,1","96.73,93.25,94.92,95.90,96.73,92.03,96.37,98.52,95.70,96.65,93.99,95.13,97.52,93.54,97.18,96.25,95.45,93.82,95.55,95.97,98.55,96.50,97.76,93.94,96.40,96.29,97.56,97.12,96.26,92.65",56.30400331277811,0.4616188636759141,15.147869611360123,3
"0,1,1,1,1,1,1,0,0,1,1,1,0,0,1,1,0,0,1,1,1,0,0,1,0,0,1,1,0,1","99.00,98.00,95.81,94.73,98.58,98.21,97.51,97.37,96.60,96.75,96.10,96.27,96.42,97.47,98.03,97.90,96.39,96.69,96.85,96.81,97.14,96.59,96.50,97.63,95.78,95.70,98.02,98.66,97.77,97.76",49.30195796420881,0.8406777763290719,14.367978214711147,2
"3,1,1,1,1,2,0,2,2,1,3,3,1,2,2,1,2,1,1,1,2,3,2,0,1,1,1,2,2,2","88.13,96.55,94.26,92.01,93.63,89.58,96.63,93.23,92.63,92.53,96.15,92.14,91.20,90.41,89.76,90.43,86.59,92.62,93.04,89.34,95.03,89.46,91.85,90.83,94.56,94.08,88.76,89.24,95.61,91.80",33.49352668398677,0.852573673086496,14.914414836903939,1
"2,2,2,3,1,1,2,3,2,2,3,2,2,2,2,2,3,2,3,2,2,2,1,1,3,1,2,2,2,1","98.31,97.40,99.65,98.57,98.09,98.36,97.49,98.49,97.14,97.66,98.81,99.73,97.97,97.51,97.66,96.84,96.14,97.70,97.64,98.40,98.54,98.90,98.03,98.56,97.24,97.38,98.30,96.46,98.40,98.21",72.30118750025326,0.743945207570344,14.636883066844941,0
"2,2,2,2,2,2,2,2,3,2,1,2,2,1,2,2,2,2,2,1,2,3,3,2,1,1,2,3,1,2","99.69,98.95,99.16,97.11,97.20,98.54,99.26,97.59,98.51,97.92,98.68,98.20,98.67,98.16,97.20,96.80,98.11,97.55,96.74,98.47,98.28,98.00,96.73,97.52,97.29,96.98,99.40,97.08,97.59,96.87",73.07578124883251,0.8266178392968674,14.430636503211849,0
"2,2,1,2,2,3,2,2,1,3,2,3,2,1,2,1,2,2,2,2,2,3,2,2,2,2,2,1,3,2","97.67,97.79,97.91,98.65,97.99,96.88,98.65,97.29,98.88,97.81,97.89,98.24,98.24,98.04,96.58,96.52,98.26,96.28,97.87,97.68,97.96,98.56,96.33,98.00,98.72,98.91,98.50,96.48,98.21,98.83",67.65725288908071,0.8063341432938601,14.712205441127699,0
"3,1,3,2,1,2,3,2,1,3,2,1,1,2,2,3,1,1,1,2,2,2,3,3,2,1,2,2,2,2","98.70,97.32,98.20,98.64,97.93,97.83,98.10,98.52,98.03,98.04,99.43,98.60,99.00,96.95,98.37,96.92,96.08,96.50,99.11,97.96,97.39,96.15,96.85,97.95,97.61,98.00,98.55,97.59,99.33,99.17",71.96955004265259,0.6596456132857739,15.031347381954967,0
"0,1,2,1,2,1,3,1,2,1,2,2,1,3,2,0,3,2,1,1,2,0,1,1,3,2,0,2,0,1","93.70,95.73,96.65,97.51,96.40,95.88,96.88,93.91,99.39,96.03,96.51,94.90,99.33,95.41,95.77,97.25,93.57,100.00,96.17,99.76,96.25,100.00,97.12,95.53,97.57,96.61,98.86,94.76,97.02,94.18",50.965958131574766,1.032531669279894,14.772188611830819,5
"2,1,1,3,3,1,3,2,3,3,1,2,1,2,2,3,1,2,1,1,1,2,1,2,1,1,1,2,1,3","92.00,95.67,89.55,93.21,93.61,88.44,93.75,91.16,92.37,91.90,88.89,92.54,86.03,91.56,90.76,92.19,94.03,92.52,97.37,97.35,90.32,95.96,93.61,92.83,94.25,95.69,100.00,94.81,100.00,96.55",27.0410948510334,1.0371895845578774,14.755926032661344,1
"2,2,2,2,2,2,1,2,1,2,3,2,2,3,2,3,2,2,1,3,2,2,2,2,2,3,3,3,2,3","97.27,97.34,100.00,99.29,97.71,98.16,97.92,97.52,97.16,98.81,97.59,99.28,97.67,95.33,98.69,98.42,98.18,96.73,98.89,97.50,98.68,97.71,98.09,97.85,97.45,98.68,97.29,98.67,98.40,97.41",84.11777977457858,0.6428502722225868,15.160381456818318,0
"2,1,3,3,1,1,2,1,1,2,1,2,2,3,2,1,1,3,2,3,2,3,2,3,2,1,3,3,3,2","83.81,86.09,84.44,84.36,91.10,79.91,89.27,89.74,86.45,88.23,80.58,85.19,88.11,91.63,88.68,79.87,92.55,89.52,81.18,83.76,91.48,93.87,91.30,92.76,90.78,90.46,85.64,82.59,86.41,90.24",42.126316001616146,0.7072019578256108,15.685741155019539,6
"1,2,1,1,2,1,3,1,2,1,2,1,3,3,2,1,2,3,2,2,1,2,1,2,3,2,2,2,2,2","99.02,98.61,97.09,98.12,99.79,97.96,99.36,97.25,97.72,96.86,97.10,97.82,97.57,97.77,97.09,98.14,97.64,98.37,97.71,98.04,97.18,97.26,97.38,97.10,96.91,97.60,98.40,97.36,99.00,98.21",71.96474942650404,0.9744719495648425,15.18008286076944,0
"1,2,3,1,2,1,2,2,1,3,1,1,2,1,1,3,1,2,2,2,2,3,1,2,2,2,3,2,1,3","97.23,97.22,97.77,97.35,96.57,98.71,97.47,97.55,99.05,97.60,96.60,98.14,97.96,97.30,98.10,97.57,98.40,98.34,96.66,97.81,97.42,98.68,96.78,97.65,98.83,97.81,98.20,98.42,97.52,96.95",69.78509229199933,1.0184535097726257,14.998557026585747,0
"2,1,3,1,2,2,2,2,1,2,2,3,2,1,2,2,2,1,2,2,2,2,2,3,3,1,2,1,2,1","98.65,98.58,97.91,97.10,98.84,98.43,97.49,98.53,97.82,97.65,99.44,96.88,96.70,97.34,97.53,98.68,97.16,98.15,97.06,98.30,97.98,98.15,97.77,98.85,100.00,98.39,97.63,96.70,98.65,97.85",75.13694513548339,0.6142942525174555,15.005947543677442,0
"1,1,2,2,2,2,0,1,1,0,0,0,2,2,3,1,2,0,2,0,1,2,0,0,1,0,3,1,2,3","97.16,98.25,92.47,96.03,97.74,95.21,97.03,98.18,96.01,96.68,96.50,98.71,94.71,96.18,97.08,94.39,95.37,98.02,98.68,95.84,98.03,96.81,94.96,96.89,95.64,91.85,98.20,95.71,93.13,95.10",61.510450964000825,0.6000277532758849,14.931349977416664,7
"2,3,1,2,2,1,2,2,2,2,2,3,3,2,3,1,2,3,1,2,2,2,2,2,1,2,2,2,2,2","98.44,98.05,98.43,96.78,98.71,98.82,97.68,98.24,97.10,96.98,98.46,98.49,97.74,98.62,98.75,99.29,96.49,99.02,96.87,97.49,97.07,95.41,98.97,97.81,98.62,98.69,97.27,97.28,97.75,99.96",73.62647324506968,0.7937715767159362,14.757298732851465,0
"1,1,1,1,0,2,2,0,1,0,2,1,2,2,2,1,1,3,1,0,2,0,1,1,3,2,1,1,1,0","95.39,94.93,95.28,94.70,96.56,95.95,95.79,96.36,96.53,97.47,96.08,98.03,94.47,94.28,93.83,96.08,97.45,98.64,96.39,96.14,94.62,95.06,98.10,95.10,95.57,96.28,98.13,90.63,94.94,97.23",57.74648254210216,0.5834201597765964,15.32691916825224,3
"2,1,2,3,2,3,2,2,3,2,1,1,1,2,2,2,2,1,1,1,2,3,1,2,2,3,2,3,1,2","85.66,86.86,89.63,83.25,87.51,85.66,86.56,81.94,88.43,84.86,84.88,87.07,89.99,84.06,85.97,81.15,86.37,85.41,82.77,90.83,87.85,88.12,85.23,90.47,87.79,91.88,90.45,84.82,96.52,90.95",44.445424234817004,0.7727631255005368,15.449063525507178,6
"3,2,2,2,2,2,3,0,2,0,0,2,1,3,1,2,1,2,2,1,0,2,0,1,1,2,1,1,1,1","96.60,97.61,95.00,97.18,95.70,97.83,94.18,98.27,97.33,96.93,99.00,90.77,95.66,97.63,98.39,95.10,98.03,95.97,98.36,99.15,100.00,97.70,95.61,96.94,94.78,95.40,96.10,93.17,95.93,97.51",57.29022880782077,0.619208311976985,14.752436167812034,3
"1,1,1,2,0,0,3,1,2,1,2,1,1,1,2,2,0,3,1,2,2,0,2,1,2,0,1,0,2,2","97.06,95.78,97.42,94.45,93.76,95.89,98.09,97.35,96.92,96.77,94.92,94.91,96.32,98.66,95.36,94.27,96.03,97.14,95.56,96.87,97.25,94.33,96.22,99.39,92.24,95.77,97.83,97.81,100.00,93.13",55.09465403623854,0.7225561722065196,15.070227482300863,5
"3,2,3,2,2,1,3,2,3,2,2,2,1,2,2,2,2,3,2,1,2,2,1,2,2,3,2,2,3,3","97.30,97.89,98.72,96.79,98.40,98.48,98.39,98.26,98.25,98.50,97.70,97.60,97.32,97.13,97.90,97.42,97.36,99.45,97.06,96.99,98.06,98.42,99.23,97.72,97.44,97.16,97.93,98.02,99.31,99.46",71.39554823740423,0.9568980863971247,14.705884359352217,0
"0,2,3,0,1,1,0,0,2,1,2,1,1,2,1,0,1,2,1,1,1,1,2,2,1,1,2,1,2,3","95.81,95.25,97.96,94.54,94.44,94.36,96.27,96.20,91.43,95.03,98.32,96.59,97.28,91.41,96.85,94.49,94.44,94.48,94.12,94.81,94.62,93.65,91.70,95.84,93.29,99.94,96.53,100.00,94.10,95.23",77.55836143318146,1.0251653846971298,15.503428442632936,3
"1,1,1,0,1,2,1,1,3,1,3,2,1,2,1,0,3,2,0,3,2,2,0,2,0,2,3,1,3,3","94.74,95.46,93.87,94.03,95.08,94.29,96.09,95.74,100.00,95.04,97.61,97.47,98.35,94.92,93.90,97.79,96.42,96.17,94.92,96.95,96.79,94.39,94.95,94.62,93.94,96.99,95.45,95.40,93.43,92.23",50.409114613236156,0.854142465835183,15.373924764939288,3
"1,3,1,1,1,2,1,0,0,0,2,1,1,1,0,1,1,1,1,0,2,3,1,0,1,1,3,2,0,1","91.28,95.95,95.60,96.42,91.22,95.25,88.87,95.74,93.79,95.71,85.51,94.25,92.65,96.32,95.70,98.45,88.82,94.12,90.68,87.72,94.43,91.29,94.05,93.85,90.64,90.38,91.39,94.07,90.57,88.84",54.71483908013189,0.9597022248499238,14.827762915957864,1
"2,1,2,2,3,2,1,2,3,2,1,2,2,3,2,2,2,1,3,3,3,2,2,3,1,3,1,2,1,2","87.32,94.82,90.55,86.86,90.78,76.99,92.77,92.20,88.80,82.79,82.80,92.28,84.85,88.22,85.86,93.10,92.53,92.15,94.20,90.88,87.80,76.71,88.34,89.80,95.02,79.97,91.42,83.82,88.40,93.09",42.812118230464854,0.7031432235070709,15.156005224270228,6
"3,1,2,2,1,0,1,2,2,0,2,1,1,2,0,1,1,3,2,1,2,0,2,3,0,3,3,0,2,0","95.37,99.10,95.82,95.05,94.70,93.62,98.02,95.46,94.41,94.61,93.48,95.74,94.65,96.14,92.22,96.37,94.28,97.08,94.57,95.35,94.70,96.77,100.00,95.85,96.21,94.10,94.90,98.55,98.67,97.82",55.57838063023649,0.8406374165545699,15.16254035289918,3
"2,2,1,1,1,2,2,2,3,3,3,2,3,2,3,3,2,3,3,2,1,1,3,2,2,2,1,1,2,1","87.07,87.21,87.04,88.54,87.67,85.65,93.39,91.14,87.86,88.53,87.47,89.91,89.45,91.25,87.99,90.64,93.50,92.50,90.77,85.25,92.62,82.63,87.99,89.17,84.88,87.06,91.41,85.22,89.62,90.06",48.311975908059104,0.686219916008879,15.24071739648047,6
"3,1,1,3,1,2,2,1,1,1,1,3,3,2,3,3,1,3,1,2,1,2,2,1,1,1,0,0,1,1","96.10,93.16,95.70,98.91,95.74,96.61,100.00,97.38,95.87,94.19,93.52,97.94,94.19,96.37,97.33,93.65,96.20,95.15,97.89,96.05,97.95,98.75,97.09,98.03,94.05,96.09,95.63,95.64,95.89,96.15",62.86339254003663,0.8316444262855901,15.04741012202352,4
"1,0,1,0,1,0,0,0,0,1,0,0,0,1,0,0,0,0,1,0,0,1,0,0,0,1,0,0,0,1","97.64,96.61,98.52,96.95,98.46,96.20,99.08,96.14,97.80,95.63,94.95,97.46,95.56,96.13,96.06,96.81,96.39,97.63,98.11,96.95,98.38,96.29,96.20,97.54,96.68,98.49,96.06,96.61,98.43,97.91",56.354228454668416,0.7570246469513721,15.005797726262703,2
"2,2,3,2,0,3,1,1,1,2,1,1,0,1,2,2,1,0,1,3,2,3,3,1,1,3,1,0,1,3","94.61,93.29,85.45,89.08,98.23,87.93,93.48,93.09,88.91,92.23,92.86,86.41,97.78,95.11,94.38,88.63,95.78,92.40,88.98,95.57,94.30,91.54,92.79,91.20,90.79,87.68,90.20,92.22,92.20,90.92",49.18690403302734,0.6156754312780689,15.123362319286914,1
"1,1,3,1,2,3,1,0,0,1,0,2,1,3,2,3,1,1,2,1,2,1,2,1,2,1,0,2,2,1","96.85,92.97,95.61,96.21,88.04,93.06,90.08,91.68,92.27,96.07,92.74,87.31,91.29,88.83,91.12,95.95,92.56,92.18,93.62,89.69,97.14,97.36,92.15,90.26,89.99,91.30,91.16,86.92,86.55,93.63",48.69350848096936,0.8854145707001612,15.041719165770038,1
"2,3,1,1,2,2,2,2,2,1,3,1,3,2,2,2,2,2,1,3,2,2,2,2,1,2,1,3,3,3","99.01,97.79,98.55,99.00,97.87,98.03,97.69,97.52,98.07,97.48,97.97,98.41,98.72,100.00,98.49,97.42,98.28,97.58,97.61,98.03,97.70,98.34,98.57,97.99,98.83,97.21,97.03,97.10,98.24,97.69",60.311927684714234,0.6362774767397457,15.20015782209941,0
"0,1,0,1,0,0,1,0,0,0,0,1,1,0,0,0,1,1,1,0,0,1,0,1,0,0,1,0,1,0","98.29,98.44,98.04,98.02,97.71,96.65,97.96,95.72,96.46,96.91,96.15,97.26,97.77,96.38,95.65,97.63,98.02,98.37,95.65,96.46,97.33,95.62,95.99,97.12,97.75,95.54,95.13,97.84,98.84,96.56",54.525755099950715,0.7087738149921227,14.328144135032147,2
"1,2,1,1,3,1,2,1,1,1,3,0,1,2,1,3,1,2,2,3,1,1,0,3,1,3,0,1,2,1","91.98,92.98,89.87,97.00,89.04,92.96,91.32,91.88,94.99,96.66,90.04,93.28,91.36,88.24,90.93,90.80,85.55,87.49,94.53,96.02,87.66,95.30,90.20,92.46,88.77,93.95,92.04,91.94,87.46,93.87",70.7107168301325,0.6093632497287002,14.664663973405501,1
"1,2,2,3,3,2,2,2,1,3,2,2,2,2,2,2,2,2,1,3,2,2,2,2,2,2,2,3,1,1","97.88,97.01,98.22,97.51,97.11,98.04,97.43,98.07,97.54,97.93,98.22,96.90,99.44,96.51,99.01,97.77,98.17,97.36,97.23,96.89,97.74,96.23,97.56,97.17,97.39,98.22,98.86,97.53,97.85,98.52",80.85550507233957,0.6592820964640378,15.015987080275798,0
"2,1,2,2,2,1,2,2,2,2,3,1,3,2,2,2,3,2,1,3,2,3,3,2,3,2,2,2,2,2","97.47,97.85,97.63,99.36,97.81,97.34,96.93,98.95,97.42,96.87,97.68,97.91,97.94,98.49,98.01,98.36,99.18,97.64,97.02,98.03,98.18,96.92,96.58,99.37,96.58,98.90,97.05,98.20,99.62,97.56",60.02334787157539,0.8078267157506611,15.72832196943954,0
"1,3,1,3,1,2,2,0,3,1,1,0,2,1,0,2,1,1,1,2,3,2,2,3,2,2,2,2,3,3","88.24,95.61,92.46,93.59,89.67,91.40,97.20,99.51,92.03,90.02,96.69,93.81,94.20,96.41,93.41,91.08,88.02,94.55,94.47,95.71,88.58,97.09,93.72,91.88,93.94,85.21,90.35,90.35,93.23,91.78",35.204560137443735,0.6160171386755007,14.271977733416822,1
"2,2,1,2,2,2,2,2,3,1,3,2,3,2,1,2,1,3,2,2,2,2,2,2,2,2,2,2,3,2","100.00,97.23,97.02,98.53,97.47,98.96,99.85,98.21,98.77,97.09,99.17,97.65,97.94,96.56,98.08,98.51,98.42,97.35,98.66,98.16,98.48,97.53,97.88,97.50,99.01,97.95,96.69,97.58,98.24,98.36",63.9310767684769,0.553370515036774,14.582101498697604,0
"2,3,2,2,2,1,1,1,2,1,1,1,0,0,2,2,2,3,1,3,3,2,2,2,0,1,2,1,2,1","93.76,96.67,96.64,94.47,93.29,97.64,96.51,97.41,98.89,99.08,95.86,93.66,97.30,91.09,95.78,99.75,94.16,93.37,94.23,98.36,97.02,98.23,94.85,96.87,97.39,92.80,93.83,96.78,93.82,94.73",60.61731789920112,0.5734086660290545,14.740109888250986,7
"2,1,1,2,3,2,1,2,1,2,2,0,2,1,1,3,1,3,1,1,3,0,2,1,3,2,0,1,2,0","94.24,91.45,89.87,89.78,94.22,91.03,92.68,86.81,97.18,89.70,88.60,93.66,91.35,87.15,89.97,90.03,94.36,93.83,92.95,88.55,91.08,88.81,89.46,87.03,89.60,91.50,91.48,87.80,93.59,92.78",49.62840228433175,0.9014789944616625,14.523100564584224,1
"2,2,3,2,1,0,0,1,0,1,1,1,1,1,1,1,1,1,1,1,1,3,3,1,2,3,2,1,0,2","94.61,99.07,93.05,88.81,94.62,90.32,88.94,92.97,95.36,93.45,89.64,91.13,88.43,98.51,89.70,91.32,88.64,90.69,90.93,91.61,90.26,91.62,92.07,93.16,90.36,88.74,95.50,93.42,89.39,93.22",69.02637106024883,1.0355446711040248,14.79934971814196,1
"3,2,1,2,1,2,2,2,1,3,1,2,2,1,2,3,1,3,2,2,3,1,3,2,2,2,3,1,3,1","97.15,98.01,97.67,97.67,97.94,96.35,98.00,98.97,98.05,98.78,97.59,98.42,98.75,98.81,97.63,97.60,97.26,97.60,99.22,97.02,96.52,98.20,99.08,97.95,98.34,97.06,98.12,96.71,97.76,95.96",69.38688236345648,0.69501353739906,15.514485906451531,0
"1,1,2,3,3,2,2,2,3,1,1,2,2,1,2,1,2,1,1,1,1,2,2,1,1,2,2,3,3,3","91.49,91.90,88.71,96.94,98.58,90.73,93.16,88.83,91.62,88.53,93.76,96.82,87.37,93.20,88.65,91.19,94.02,93.74,93.22,93.09,89.78,91.34,87.01,92.58,95.87,100.00,93.16,94.43,95.90,88.89",42.06395690496202,0.6908239383796266,14.791761692410658,1
"3,2,3,1,2,1,2,2,1,2,2,2,3,2,2,2,2,2,2,2,1,3,1,2,2,1,3,3,1,2","98.25,98.41,98.40,98.02,98.62,98.05,98.52,96.69,97.37,98.21,96.72,97.40,97.51,98.70,99.62,98.29,97.00,98.03,99.09,97.13,97.97,98.15,97.07,97.09,98.20,99.00,98.10,98.03,98.40,98.32",70.10136070293314,0.6229159060341515,14.21964163802252,0
"2,2,3,3,3,1,2,1,2,1,3,1,2,1,2,1,2,2,2,2,2,3,2,2,2,2,2,1,2,2","97.32,98.42,98.63,97.31,99.50,99.24,98.30,97.03,96.86,98.19,98.16,98.54,97.98,97.58,98.38,96.80,97.54,97.10,99.07,100.00,99.27,97.52,98.39,97.38,96.89,98.27,98.48,98.26,98.28,99.35",85.7789312767302,0.8648837732491251,14.808166450601085,0
"2,2,3,2,2,2,2,2,2,2,2,1,2,3,1,2,2,2,2,1,1,2,2,2,2,2,3,2,3,2","98.67,96.57,97.93,97.44,97.45,98.47,98.89,99.89,97.64,97.30,96.30,98.93,96.89,97.23,97.97,98.47,96.73,98.39,97.69,96.77,99.12,96.82,97.44,98.92,97.28,96.48,98.01,97.11,96.79,98.00",63.98377024831386,1.1107558567219795,15.004207473437965,0
"1,1,2,2,2,1,2,1,0,1,3,0,0,3,1,1,0,1,2,2,0,3,1,1,2,3,1,1,2,2","92.33,94.13,96.25,96.82,93.47,93.30,92.55,95.53,93.60,95.42,97.00,96.42,99.95,97.14,96.39,95.28,93.83,95.49,92.66,97.06,95.81,96.79,99.01,100.00,97.03,98.58,94.85,96.99,94.83,95.68",62.71849150571972,0.9590213000968794,14.865387028891206,5
"2,2,1,3,3,1,1,2,1,1,2,1,0,1,3,2,2,2,2,2,1,2,2,2,2,3,3,1,2,3","90.82,93.27,91.74,93.64,92.61,90.45,93.47,93.91,92.12,94.07,89.39,93.59,94.33,90.45,87.91,92.45,96.90,92.26,88.57,88.53,95.28,87.93,90.54,87.70,92.68,95.73,95.18,94.67,93.59,94.21",56.238078960470226,0.8166904777368178,14.469052001035093,1
"3,2,2,2,2,2,1,2,2,2,3,2,3,2,2,2,2,3,3,3,1,2,2,2,2,2,2,2,3,2","99.63,96.96,97.56,98.67,98.54,97.45,98.70,97.11,97.84,97.19,96.96,98.60,97.72,97.05,98.52,98.13,97.57,97.31,97.91,97.87,97.49,98.04,96.88,97.56,97.55,97.23,98.66,97.35,98.48,98.56",50.5184182655767,1.0127914963538776,15.357217918366185,0
"2,2,1,2,1,1,1,1,1,2,2,2,1,1,2,1,2,3,2,1,3,2,2,1,2,2,1,3,2,2","99.54,98.68,97.07,98.02,97.61,98.07,97.50,99.48,98.01,98.89,96.64,98.36,98.67,98.37,96.90,98.03,98.87,97.13,96.55,98.08,97.66,98.32,98.82,97.82,98.80,99.22,97.55,99.01,98.50,97.50",67.2779898183296,0.599509810433015,14.746206969534828,0
"3,1,2,1,3,1,3,2,2,1,1,1,2,1,3,1,2,2,0,1,2,1,1,2,2,1,2,3,1,3","96.92,93.25,95.70,98.81,93.75,94.38,97.14,97.56,94.66,93.41,93.46,97.38,97.01,94.51,96.18,96.45,95.44,96.18,95.94,90.90,96.03,98.15,97.16,94.90,94.91,93.87,97.56,97.48,97.10,96.38",70.99256214237222,1.3154013943584133,15.01316743780489,4
"0,1,2,1,2,3,0,2,2,2,3,0,2,2,1,1,2,1,2,2,0,0,0,1,0,2,3,0,3,1","94.84,96.28,94.07,97.88,94.45,93.38,97.26,96.76,95.13,98.86,97.23,93.20,92.56,94.39,96.08,98.00,92.06,94.68,93.69,92.22,97.30,94.99,95.24,96.40,92.71,94.50,96.89,95.48,96.16,95.71",74.71130980831173,0.8316556500947367,15.006002170316297,4
"0,2,1,2,1,2,2,1,1,2,2,1,3,0,2,1,2,2,3,1,0,3,3,1,2,2,3,1,2,3","93.83,100.00,95.47,92.76,95.16,94.86,93.07,98.74,94.87,95.46,98.34,95.50,97.02,97.38,94.34,95.61,99.25,94.83,91.60,92.87,99.11,94.34,100.00,98.42,93.95,94.87,99.80,96.96,95.95,93.53",61.77549712418797,0.8493695865089623,15.42581603959721,4
"3,2,2,2,3,1,0,1,2,2,1,0,3,3,1,1,3,3,0,1,3,0,0,3,2,1,3,0,1,2","92.59,89.90,95.33,91.40,89.88,83.38,98.31,92.38,90.96,89.86,91.42,90.54,87.73,91.81,85.64,93.94,92.92,94.19,95.46,87.89,91.49,94.38,94.31,90.17,87.41,91.61,87.10,86.48,92.93,91.86",54.06248436609404,1.3985014384045833,14.432461902267104,1
"2,1,2,2,3,2,2,1,3,2,3,2,0,1,3,0,0,2,1,0,1,3,1,2,2,1,1,1,2,1","95.82,93.67,94.94,96.42,92.48,91.12,90.17,88.86,95.29,89.02,88.56,95.65,93.28,94.13,92.98,92.44,94.46,92.22,90.49,92.56,93.91,91.91,91.91,92.37,92.64,96.13,95.30,93.22,93.95,90.43",52.36883022968544,0.8095173865635709,15.248066886696147,1
"1,2,2,2,3,1,1,2,1,2,2,1,1,1,2,1,2,0,2,1,0,1,1,1,2,1,2,1,2,2","94.18,96.04,93.28,92.82,94.43,95.02,96.58,97.50,97.25,95.31,100.00,98.16,94.27,94.45,96.51,96.40,95.74,94.69,98.48,94.20,100.00,94.85,97.60,96.75,95.18,94.94,95.02,96.31,97.58,94.68",51.656261229140675,0.598558163172072,15.176675360015224,5
"0,2,2,1,2,1,2,2,1,1,3,1,3,1,2,1,2,3,3,1,3,2,1,1,3,2,1,2,2,1","89.55,90.97,91.43,89.58,88.42,94.45,89.07,92.79,91.73,92.18,87.36,100.00,91.54,93.69,92.69,89.98,95.56,89.36,95.67,96.66,90.42,95.24,91.34,91.56,90.87,92.46,93.86,93.44,89.31,95.69",58.77726026249545,0.7587994642436728,14.782055522831968,1
"1,1,1,2,1,3,0,3,1,1,2,1,2,2,2,2,3,1,2,0,3,1,1,3,0,2,2,2,1,2","97.04,97.48,94.80,97.16,93.71,95.75,96.95,99.42,92.82,96.06,93.36,94.36,96.85,94.94,95.50,98.08,94.98,96.62,97.79,92.76,96.68,97.41,97.77,98.32,96.15,94.63,96.48,95.17,97.28,92.81",55.12067495241272,0.5193540947929282,14.602292879739128,3
"0,1,0,0,0,0,0,0,0,0,0,0,0,0,1,0,0,1,1,0,1,1,0,1,0,1,0,0,0,0","96.81,98.73,98.07,97.82,98.25,98.29,96.90,98.47,98.55,95.17,97.29,98.78,96.54,95.58,95.98,95.21,95.31,97.31,96.45,97.16,97.65,97.79,96.91,95.59,96.79,96.56,97.38,97.21,97.95,96.76",55.948533349824174,0.9100112379305867,15.008124667025422,2
"1,0,2,3,1,1,2,2,1,2,0,3,1,2,1,3,1,1,1,2,1,1,2,1,1,2,1,1,2,1","95.00,96.77,90.57,89.06,94.91,90.18,93.82,84.66,90.38,91.37,90.70,95.30,93.06,89.00,91.98,89.14,94.39,88.68,92.14,96.86,88.17,85.84,92.24,96.76,90.76,91.43,93.58,93.76,93.57,92.70",39.184631912849696,0.6878679047769131,14.767302074265535,1
"1,2,2,1,2,2,2,2,2,2,2,2,3,3,1,2,2,3,2,1,3,2,2,2,3,2,1,2,2,2","98.09,96.52,97.77,98.16,98.04,99.82,98.94,97.74,98.22,98.12,97.90,97.78,98.37,98.15,98.54,98.12,97.38,99.51,97.81,98.96,98.07,98.65,97.17,98.50,98.21,96.98,98.61,97.54,96.69,98.37",77.62457988171191,0.6849575970716779,15.016680478256209,0
"3,3,3,2,1,2,1,1,1,2,2,2,1,2,2,2,2,2,2,2,2,2,1,2,3,2,3,1,2,2","97.64,99.33,97.82,98.14,98.53,98.43,96.30,97.77,98.98,99.52,98.35,98.60,97.37,98.66,96.64,98.00,97.50,98.19,98.37,97.73,97.79,97.93,98.42,96.19,98.23,97.66,98.63,97.72,96.95,97.00",66.60307423425114,0.7278634528995253,14.462025706333547,0
"1,2,2,3,1,3,3,2,3,1,2,2,3,1,1,1,1,1,1,2,1,2,2,1,3,3,3,2,3,3","88.34,87.25,86.55,85.99,93.46,83.43,79.72,89.08,91.69,87.58,86.07,91.77,90.39,90.10,82.69,86.74,89.43,86.89,83.75,85.20,84.70,82.36,84.11,92.66,86.94,88.93,85.56,82.00,82.31,90.15",46.31381505201087,0.8578134475391883,14.177375641138216,6
"3,1,1,1,1,1,3,3,3,1,3,1,3,3,3,2,2,1,1,3,0,3,1,2,2,1,2,2,1,1","93.66,95.35,82.98,93.92,92.44,92.69,93.96,93.94,92.89,92.14,94.97,97.79,86.30,91.45,89.44,93.77,87.77,88.46,93.06,94.97,92.07,85.14,87.30,88.44,92.28,91.78,87.12,89.89,91.32,91.21",61.864573025900505,0.8408829436217217,14.559443876995193,1
"2,1,2,1,1,2,2,2,2,1,1,2,2,0,2,2,2,1,0,2,2,3,3,1,1,2,0,1,2,2","92.87,95.75,98.32,94.58,96.70,98.26,98.52,95.53,92.62,94.62,97.75,99.07,94.31,94.26,92.40,98.32,95.21,95.54,95.73,94.59,95.39,97.30,96.21,96.05,96.34,92.31,92.55,98.78,98.37,98.04",55.94645933662676,0.5408873528807944,14.988348574187402,7
"2,3,3,1,3,2,3,3,0,2,3,3,3,1,1,3,3,0,1,0,1,1,3,3,0,1,2,1,1,0","90.10,96.23,92.47,90.61,96.29,90.58,92.32,89.61,89.55,89.55,90.47,92.20,90.70,91.34,89.90,92.15,96.62,87.47,90.19,91.87,89.03,93.03,95.03,90.76,85.91,95.32,92.31,92.63,86.34,90.56",41.92559956771589,0.8770797699777078,14.500635559316057,1
"1,2,2,3,3,1,2,3,2,1,2,2,2,2,3,2,2,1,2,2,1,1,2,2,2,3,1,1,2,2","98.90,97.58,98.22,98.40,98.04,96.71,96.39,97.50,97.71,98.73,96.59,97.71,98.22,96.07,97.75,97.21,97.27,97.57,96.94,97.91,98.27,97.57,97.23,97.22,98.04,98.09,99.24,98.47,96.79,97.25",73.7511177385916,0.7899778406010107,15.438765607857304,0
"1,3,1,3,0,1,2,2,2,2,1,0,2,1,2,2,3,3,1,1,1,1,1,3,3,2,0,2,1,1","90.31,82.78,90.63,91.74,91.55,93.35,92.24,95.00,93.88,94.07,93.35,94.08,88.75,89.42,89.31,88.47,94.34,90.03,90.69,88.85,95.26,98.06,90.93,96.35,92.10,93.27,93.71,93.20,88.11,87.09",57.223638167032895,0.7919264083091977,14.914456022006652,1
"2,2,3,2,2,1,1,2,1,2,2,1,2,3,1,1,2,1,1,3,2,2,2,2,2,2,1,2,2,1","98.59,99.69,98.12,98.02,98.24,97.33,98.38,97.73,98.49,98.25,97.88,98.83,97.95,98.66,99.26,98.08,97.65,99.65,97.36,96.23,98.48,96.36,97.64,98.55,98.55,99.57,98.45,97.55,99.51,98.32",77.71967494726877,0.7265965007380683,14.890246339590409,0
"1,0,0,1,1,0,0,1,0,0,1,0,1,1,0,1,1,0,1,0,0,1,0,0,1,1,1,0,1,1","96.19,96.50,95.88,95.11,97.07,96.43,96.80,97.70,96.48,98.03,96.28,97.63,97.25,97.60,96.13,95.65,96.61,96.84,95.71,96.27,97.46,97.77,96.28,95.36,97.84,97.70,97.21,97.73,97.19,96.52",69.20524397853592,0.6252947024079603,15.358839221775627,2
"2,1,2,2,2,2,3,2,3,3,2,2,2,2,3,2,3,2,2,2,2,2,2,2,1,2,2,2,2,3","98.70,97.95,97.05,98.84,98.18,97.27,98.96,97.91,97.71,98.50,100.00,98.88,97.72,97.95,99.12,97.74,99.15,97.61,97.21,97.62,98.13,99.55,97.56,98.64,97.77,98.92,99.48,96.94,97.86,97.50",61.62079523670894,0.7799447081170287,15.57718023533374,0
"2,2,2,2,1,1,2,3,3,3,1,3,0,2,3,0,1,0,2,1,0,1,2,1,2,2,3,1,1,1","95.80,97.99,96.05,94.93,95.06,95.72,97.70,96.65,94.69,98.64,96.85,92.66,96.97,97.85,91.07,95.63,92.49,97.43,99.72,96.57,96.22,95.51,96.36,93.38,95.13,93.23,97.95,92.93,95.17,95.38",57.237745160366124,0.970244443862873,15.167622090626919,4
"1,1,1,1,1,1,3,0,1,2,3,1,3,1,3,2,2,2,3,3,1,0,1,1,2,3,0,1,2,1","88.28,91.16,94.45,92.10,91.76,93.04,94.28,93.14,92.15,90.79,92.78,90.15,94.80,90.46,92.26,90.13,91.17,92.69,95.76,91.30,95.09,95.34,94.40,97.17,95.89,94.68,90.99,90.13,92.15,88.69",55.955179777568496,0.7085422329902514,14.536634643899713,1
"2,1,3,1,2,3,1,2,1,1,0,1,2,3,2,1,0,1,1,2,0,2,1,2,1,1,2,2,1,1","93.96,96.84,89.37,90.68,88.50,92.39,94.05,90.95,91.78,94.29,89.77,82.78,97.18,94.18,94.92,90.47,90.81,91.10,93.51,93.55,91.66,97.74,96.88,89.21,92.18,90.35,87.49,97.46,95.39,91.27",28.417405353819397,0.7523465230469721,14.586507217627245,1
"1,2,1,2,2,1,2,1,3,1,1,3,3,0,0,2,1,1,3,2,1,1,0,1,1,2,2,3,0,1","97.56,97.51,97.83,88.74,94.58,91.13,94.51,91.49,93.38,91.02,93.32,89.39,93.46,93.55,89.64,95.47,92.28,92.31,92.47,90.73,88.48,90.89,93.38,95.36,94.23,94.64,89.53,94.87,84.95,94.97",48.263351004063416,0.8415121579749189,14.149196106108121,1
"3,3,2,2,0,3,2,0,3,0,1,0,1,1,1,0,2,0,3,1,1,3,2,2,2,3,3,0,1,3","89.99,89.80,90.39,93.97,93.53,94.84,88.31,89.77,91.49,88.40,92.32,87.82,93.39,94.31,91.36,91.69,90.31,86.15,92.64,87.85,89.53,95.71,92.86,91.86,92.49,85.71,88.13,83.98,90.23,90.11",65.61739161457217,0.666848418608756,14.360429462200639,1
"2,0,3,0,3,0,3,0,1,1,2,2,2,3,1,1,2,2,0,1,3,1,0,1,2,0,1,2,1,1","99.40,87.36,96.18,91.88,87.35,93.87,95.17,95.39,90.07,93.91,91.56,91.28,100.00,91.92,95.50,93.67,90.76,92.63,84.32,95.85,88.54,98.32,91.80,97.68,91.28,86.28,90.01,94.60,89.05,93.25",64.19358989072254,0.592790400138955,15.391494506447533,1
"2,2,3,1,1,2,1,3,2,1,1,2,3,2,2,1,3,3,3,3,2,2,3,1,1,3,2,3,3,3","98.12,97.00,97.55,97.81,97.47,97.02,96.92,98.56,97.49,98.03,98.33,99.70,97.08,98.22,97.35,98.34,97.67,97.37,97.77,97.69,97.20,98.41,98.45,98.27,97.81,96.43,98.29,97.34,97.34,96.93",67.11728919838527,0.7035536169009328,14.715864779853693,0
"1,1,2,2,1,1,1,1,1,3,1,1,3,2,3,1,3,1,3,1,2,3,2,1,2,0,1,1,1,3","92.14,91.45,87.76,94.30,93.02,90.04,86.92,96.18,93.10,95.27,94.13,91.94,92.26,88.74,94.26,89.31,90.18,91.97,87.73,85.40,99.55,95.65,94.87,94.78,97.46,90.21,88.20,90.35,87.49,90.32",46.539276007326634,0.6572133111036588,14.663779088017531,1
"3,1,2,2,2,1,3,1,1,1,2,1,2,1,1,2,2,2,0,1,1,2,1,2,1,1,2,3,2,1","91.17,94.91,88.90,92.68,93.48,94.16,95.53,96.78,93.03,88.22,92.79,93.57,92.63,90.14,93.65,90.30,90.32,98.75,91.47,89.43,89.06,92.79,91.61,88.76,91.60,93.80,90.68,90.59,94.03,93.28",23.857765147449907,0.8985827963192982,15.354910310198989,1
"1,0,0,1,0,1,0,1,1,0,0,1,0,0,0,0,0,0,1,1,0,0,1,1,0,1,0,0,1,0","98.21,95.83,97.70,97.89,98.08,97.16,96.74,96.84,96.72,96.72,95.76,95.94,98.20,98.37,96.99,97.64,96.97,97.66,97.62,97.99,96.78,97.10,96.68,96.92,95.71,96.08,97.90,97.13,94.78,96.66",68.62191635859557,0.6239175076916728,15.057867038283765,2
"0,0,0,0,0,0,1,0,0,1,0,0,1,1,1,1,1,1,1,1,0,0,0,0,0,0,0,1,0,0","96.41,97.69,97.24,97.71,97.34,96.54,98.56,97.97,97.82,98.78,96.89,94.23,96.59,96.25,97.22,97.26,97.10,97.80,97.44,95.53,97.11,96.67,97.33,97.02,96.25,97.89,96.91,94.81,96.70,98.07",57.24240543788331,0.6286576318216689,14.98129369553664,2
"2,2,3,2,3,2,3,2,2,2,2,3,1,2,2,1,2,2,1,1,1,1,3,2,2,1,2,2,1,2","98.44,97.04,98.30,98.16,97.86,97.17,97.71,99.53,97.93,97.14,99.53,98.23,96.99,99.02,98.26,99.11,97.16,96.37,97.81,98.11,98.49,98.32,97.91,95.77,98.54,98.18,98.47,98.12,97.60,97.66",66.1261158473913,0.7625382478874934,15.41080479807263,0
"0,1,0,1,0,1,0,0,1,1,0,1,0,0,1,0,0,1,0,0,1,0,1,1,1,1,0,1,0,1","96.45,96.62,97.27,95.08,95.86,96.61,97.91,96.56,96.09,97.68,97.95,96.16,97.40,96.61,96.32,97.26,99.48,97.73,97.55,96.48,95.33,97.73,99.30,96.51,96.36,97.94,97.85,96.95,97.49,94.83",57.849670375716926,0.6862347631423191,14.996576368733733,2
"1,0,0,0,0,0,0,0,0,1,1,0,0,0,0,0,0,0,1,0,1,0,0,1,1,1,0,0,0,0","97.28,95.93,97.27,96.21,96.58,97.30,95.36,98.09,96.70,95.16,96.29,96.72,97.10,96.04,95.61,98.12,96.21,97.41,97.16,97.13,96.79,97.06,97.73,98.01,98.56,97.74,96.81,97.55,96.74,97.28",63.36282425692783,0.7528141516021208,14.359844891029345,2
"2,1,2,2,2,2,1,2,3,2,2,2,2,2,2,3,2,3,3,3,1,1,2,1,2,2,2,1,2,1","98.10,98.09,97.93,97.72,98.84,97.71,98.57,98.68,97.86,98.45,97.62,99.03,97.64,99.64,98.43,97.74,98.69,98.90,98.12,97.44,98.06,97.79,97.67,97.44,97.05,98.38,98.02,97.36,97.64,97.81",70.52101292808534,0.6208002195436717,14.456354322732212,0
"1,0,0,0,0,1,1,1,1,0,0,1,0,1,0,1,0,0,0,1,0,1,0,1,0,0,0,1,0,0","97.56,98.15,96.80,98.20,96.26,96.76,96.46,97.39,98.87,98.58,97.02,97.26,96.34,97.90,96.63,95.55,96.55,96.51,97.06,96.81,97.63,96.98,97.19,95.94,96.64,97.80,97.45,96.24,97.52,95.34",57.644563177661226,0.9447211899323756,15.151517569619106,2
"3,1,1,2,2,2,1,3,3,2,2,2,1,2,2,3,2,3,2,1,3,2,1,2,1,3,2,2,2,2","98.89,97.32,96.79,97.36,97.90,97.83,97.96,97.82,97.65,98.18,98.54,97.84,98.46,98.98,98.36,99.02,96.56,97.65,98.58,98.01,99.10,97.62,98.52,98.39,96.95,97.78,98.04,96.28,98.75,97.24",75.8520369896793,0.6598988261120182,15.113863660229063,0
"1,1,3,2,1,3,2,2,1,2,1,2,2,1,2,3,1,0,2,1,2,0,2,2,1,3,2,0,3,1","91.42,93.53,98.82,94.48,92.37,88.67,86.99,92.56,94.81,94.20,94.98,96.65,97.60,88.61,91.07,94.98,90.54,98.39,98.19,92.25,90.31,97.13,89.70,86.19,88.86,93.48,88.25,93.81,98.27,90.31",45.78078761793783,0.9373487514999479,14.93966297007074,1
"1,0,0,1,2,1,3,1,3,2,1,1,1,2,1,0,2,1,2,2,1,2,2,1,1,2,1,1,0,0","95.15,95.11,96.83,95.89,97.98,98.32,95.28,95.68,96.42,98.54,92.45,94.03,95.89,98.47,95.13,94.03,93.96,100.00,94.10,97.38,96.05,96.53,94.79,96.79,100.00,96.34,98.02,95.26,95.66,95.89",70.88527595128868,0.8281796278156824,14.089316067253675,5
"1,1,3,2,3,3,2,3,2,2,1,1,2,2,2,3,2,2,3,2,2,2,2,3,2,1,2,3,2,3","98.61,97.74,98.10,98.47,99.23,97.79,97.41,97.62,98.05,96.67,99.52,99.67,98.76,97.97,98.06,97.16,98.38,97.58,98.42,98.74,96.57,98.47,97.44,97.27,98.51,98.82,98.11,97.41,98.13,98.19",71.47129357078863,0.794741090687539,15.289649453495754,0
"1,3,0,2,2,1,3,3,2,1,3,1,2,2,3,0,0,1,2,2,2,3,1,1,1,2,1,1,1,3","90.63,93.73,90.74,89.28,90.15,91.23,95.26,94.32,94.57,91.27,93.13,91.15,89.88,91.33,97.78,87.28,93.33,92.46,89.80,87.29,87.58,91.32,96.18,90.23,95.72,93.53,92.69,90.80,89.97,89.00",46.24521193307002,0.6094080300757336,14.95692623689959,1
"2,1,1,3,1,3,2,2,2,2,3,2,2,2,1,2,2,2,3,2,3,2,3,2,1,3,3,2,1,3","98.22,98.54,98.05,98.71,97.11,98.00,97.49,98.61,97.40,97.22,97.74,97.15,97.39,98.62,98.80,96.96,98.69,98.09,98.16,96.60,98.67,98.94,97.59,98.81,99.11,98.68,96.27,99.30,97.28,99.53",59.817804548795024,0.9733852632560784,14.96587421413039,0
"2,2,2,1,2,1,2,2,2,3,1,3,2,2,2,3,1,1,2,2,2,2,1,3,2,2,1,3,2,2","98.26,99.60,98.20,98.74,98.49,97.82,97.07,97.34,98.39,97.89,98.20,97.79,99.02,98.28,98.04,97.89,97.54,98.68,97.69,98.05,98.19,97.69,97.19,97.63,97.65,98.05,98.06,98.58,98.60,96.67",84.68110944309765,0.5894797845637044,14.675158364269748,0
"1,0,0,0,0,1,0,0,0,1,1,1,0,0,0,1,1,0,0,0,0,1,1,1,1,1,0,0,1,0","98.80,98.18,96.93,97.51,96.49,96.52,97.58,95.54,97.56,97.05,97.94,97.55,95.98,96.09,98.24,97.68,96.08,95.74,98.86,96.90,98.47,99.21,97.40,96.40,94.38,94.53,97.88,98.64,96.37,97.97",56.40301697084271,0.7699070884269639,14.738759309730456,2
"2,3,2,3,2,2,2,2,2,1,2,1,2,2,3,2,2,1,1,3,2,2,3,2,2,2,2,2,2,2","99.04,98.55,98.47,97.31,100.00,97.76,98.50,100.00,97.96,98.65,98.46,97.28,97.11,99.59,96.31,97.36,97.81,99.35,97.57,98.16,98.62,97.95,99.56,97.39,97.62,97.73,97.10,96.56,99.12,97.31",62.78907573965089,0.7321487625286086,15.306756906147902,0
"1,2,1,2,1,2,3,3,2,2,1,1,1,2,2,2,1,1,2,2,2,2,3,3,2,1,2,3,2,1","97.50,97.46,97.24,99.18,97.08,97.48,97.85,97.26,95.80,96.84,97.67,98.65,100.00,98.32,97.87,97.58,98.70,97.03,97.57,98.19,97.43,98.06,97.91,99.19,97.29,98.65,97.43,95.97,98.09,99.97",79.67736522301578,0.5622781406573911,15.183820767315206,0
"2,2,2,2,2,2,2,1,2,2,2,2,2,3,2,2,3,2,2,2,3,2,2,2,2,3,3,1,1,2","97.96,96.70,97.98,97.93,98.07,97.24,98.85,98.43,98.58,97.80,98.04,99.17,98.89,98.39,98.49,97.85,97.52,97.77,97.96,98.53,98.20,97.50,98.38,97.82,98.57,98.72,99.06,96.96,97.85,97.07",72.83251502291262,1.1928936628556273,15.117464370915089,0
"0,1,1,2,0,1,1,3,1,1,1,1,3,1,0,3,1,2,1,1,3,1,3,0,3,1,2,1,2,2","95.74,98.17,97.01,95.80,98.40,95.76,98.49,94.63,95.42,96.41,96.53,97.73,97.98,95.61,95.98,98.16,96.68,94.50,100.00,99.84,92.89,98.99,99.14,96.43,99.52,97.36,91.55,97.84,94.59,98.73",56.31779036657442,0.7595343248210826,14.642110895534598,7
"2,3,3,3,2,2,1,2,2,2,2,2,2,2,2,2,2,2,2,2,2,1,2,3,3,2,1,1,3,1","97.84,95.73,98.17,96.05,98.55,98.31,97.04,96.48,97.84,97.79,97.69,98.09,99.43,98.85,97.24,97.95,96.24,97.36,99.54,96.59,96.92,97.44,97.88,98.13,99.25,98.73,97.72,97.26,97.85,98.17",76.22740645094444,0.864486914703192,15.019903059645689,0
"2,1,0,3,3,2,3,1,3,3,1,3,1,0,1,2,2,2,1,1,0,2,2,1,1,1,0,1,2,2","90.55,93.46,92.98,97.26,90.20,89.54,90.21,89.16,89.48,89.30,87.83,94.35,94.65,91.19,90.47,96.02,94.33,95.88,94.21,94.26,91.04,90.56,94.94,92.30,89.49,97.34,88.95,94.25,85.03,96.62",33.327248951213086,0.9585268331624801,14.982148159520209,1
"1,2,2,1,2,2,3,2,2,2,2,1,3,2,1,2,2,3,3,3,2,2,2,2,3,2,2,2,3,2","99.26,98.14,98.71,96.52,96.38,98.11,97.61,98.21,98.49,97.50,97.31,98.29,96.12,97.57,97.85,99.24,97.65,97.43,98.05,97.19,98.68,98.54,98.05,97.90,98.03,98.20,97.14,97.98,98.33,98.55",73.34258966785865,0.763663556468351,14.858437347071062,0
"0,0,1,1,1,0,1,0,0,0,1,0,1,0,1,1,1,1,0,0,1,1,0,0,1,0,1,0,0,0","97.25,98.00,94.93,98.69,96.68,95.34,95.99,96.30,96.83,96.61,96.61,98.16,96.55,99.67,97.59,99.14,96.51,97.11,97.22,97.17,96.99,96.68,97.30,95.91,96.82,97.50,99.34,94.62,98.47,97.33",53.98408262445322,0.9314460866357805,14.603692913703053,2
"2,2,2,1,2,2,1,1,2,1,1,2,3,1,3,2,3,1,3,2,2,2,2,1,1,3,2,3,1,3","97.60,97.68,99.45,98.05,99.77,98.16,97.82,95.79,97.34,97.39,97.52,100.00,97.24,97.10,97.78,98.19,97.12,97.94,98.25,97.67,95.68,96.89,98.18,96.55,98.58,97.21,98.66,98.33,97.04,98.72",80.06100830633082,0.7674770975100372,14.95620495806279,0
"0,1,1,0,0,0,0,1,1,0,1,0,1,1,1,0,1,1,1,1,0,0,0,1,0,0,0,1,0,1","98.51,96.91,96.17,98.97,97.83,95.99,96.71,97.18,95.49,98.07,97.32,96.47,95.50,96.29,94.88,95.41,96.52,96.04,97.95,94.99,96.90,97.18,98.69,95.46,96.86,96.42,95.60,96.84,96.71,96.01",58.90696976243823,1.0694951791589926,15.487566353559478,2
"2,2,1,1,3,2,1,3,2,2,2,3,2,2,1,2,2,3,3,2,2,1,2,1,3,2,2,3,2,2","97.65,99.07,97.99,97.66,97.80,96.60,98.30,98.26,97.50,97.68,97.62,99.15,96.90,98.28,99.22,97.07,96.48,97.96,98.27,97.72,99.02,97.58,98.82,97.06,97.96,96.80,97.63,98.22,97.93,97.01",66.9459059207027,0.5996253421219563,14.77373259420696,0
"2,1,2,0,3,3,0,2,3,3,2,1,1,0,2,3,2,0,2,3,1,1,2,2,0,0,3,1,1,1","96.31,98.21,95.95,95.26,98.55,96.09,95.17,97.57,94.35,95.54,99.85,93.31,97.28,92.18,95.39,95.96,96.29,98.58,94.53,94.97,96.51,96.00,93.30,97.20,94.43,99.02,95.76,96.92,95.75,97.06",74.7442929057542,1.040930984471505,14.690966869598991,3
"1,3,1,1,1,2,2,2,1,1,1,2,2,2,2,2,1,3,2,2,2,2,2,2,3,1,1,2,1,3","97.76,98.39,96.93,97.96,97.19,98.29,96.85,97.93,99.25,97.75,98.14,97.76,97.39,99.39,97.79,98.76,97.40,99.16,97.22,98.48,96.17,97.86,98.39,98.01,97.81,97.75,99.07,97.32,97.48,98.13",76.54245311472881,0.7841773884940529,14.86159919289915,0
"2,2,3,2,2,3,2,2,2,1,2,3,1,3,2,2,2,2,2,3,2,1,3,2,3,1,2,2,3,2","97.84,97.93,99.17,98.48,98.72,97.44,98.70,98.42,98.55,98.71,98.41,98.81,97.55,97.54,99.18,98.46,99.38,97.41,98.48,99.05,97.83,97.78,98.94,96.92,98.41,97.71,96.07,97.66,97.91,96.88",64.85058223727945,0.7723660590120923,14.833171809637209,0
"2,2,2,2,1,1,1,3,2,3,2,2,2,2,1,2,1,3,2,2,2,2,3,2,1,2,2,1,1,2","98.25,96.86,97.47,99.30,96.98,98.68,99.30,98.58,98.79,97.24,98.02,97.41,97.56,98.73,98.35,97.39,98.62,98.87,97.79,98.74,98.64,96.18,97.73,99.07,97.42,98.37,96.29,98.19,99.51,98.78",63.63237365088639,0.9251909214370322,15.126426851269306,0
"2,2,2,2,2,2,1,2,1,2,3,1,3,1,2,3,2,2,2,2,2,2,2,2,2,2,3,3,2,2","98.20,98.11,98.88,97.75,97.53,97.67,98.28,97.71,99.33,97.55,97.11,97.69,98.07,96.81,97.06,99.69,98.22,97.76,98.34,98.38,97.71,96.81,98.03,97.97,98.49,97.98,96.92,98.84,97.35,97.03",54.33944730103695,0.8026942269249999,15.485466006027337,0
"2,1,1,1,3,2,2,1,3,1,1,1,1,2,1,0,1,1,2,1,1,3,1,2,3,1,3,1,1,0","89.40,90.27,92.78,94.42,88.63,94.86,93.91,93.48,88.33,90.61,92.37,87.72,91.80,89.39,90.38,95.85,98.46,93.24,90.58,99.58,85.18,89.61,91.80,93.25,84.77,88.55,93.38,90.31,97.47,91.60",50.439807795962736,0.6420913240419932,14.88680573960313,1
"1,2,3,2,3,2,2,1,2,3,2,2,3,1,2,2,2,2,2,2,1,2,2,3,3,2,2,2,2,1","96.77,97.40,98.07,99.85,98.07,97.52,97.33,98.68,98.17,98.06,97.10,97.87,97.73,98.27,98.73,98.93,98.16,97.58,99.47,98.12,98.36,98.42,97.27,97.49,98.33,98.72,97.77,97.91,98.03,97.91",63.93641541739608,0.8345084508008189,15.098025185077057,0
"0,0,0,0,0,0,0,0,1,0,1,0,0,1,0,0,0,0,0,0,0,1,0,1,1,0,1,1,0,1","97.13,97.20,95.64,95.90,98.42,96.25,98.01,99.50,97.92,96.14,94.93,95.88,96.77,96.61,96.30,95.91,98.31,96.91,97.17,96.48,98.23,96.91,96.64,97.13,96.41,97.23,96.00,96.89,96.63,96.49",54.43905106018911,1.0023502045312673,15.377961983665534,2
"1,3,3,2,0,1,3,3,1,1,2,1,0,1,2,0,2,2,0,3,1,0,2,2,1,1,3,3,0,3","92.20,89.69,89.00,94.49,94.14,90.21,95.02,89.45,90.60,92.48,92.60,95.31,93.71,88.32,90.20,96.51,91.23,88.52,91.12,88.43,92.58,96.76,89.72,88.52,90.57,95.26,90.57,92.55,98.19,85.18",55.159584370935455,0.602938309017791,14.891498474291408,1
"2,2,2,2,2,2,2,2,2,1,2,1,2,2,2,2,1,2,2,2,2,1,2,2,1,1,2,2,2,3","98.43,98.49,97.48,98.76,97.97,98.14,95.78,97.80,97.35,97.95,97.92,96.46,96.61,96.91,97.59,97.90,97.88,97.33,97.77,98.81,98.49,98.58,98.30,98.65,97.66,97.15,98.35,98.95,98.39,98.92",68.38083923570372,0.8656305318919609,15.084727846812065,0
"2,1,3,3,3,1,2,2,2,2,2,2,3,3,1,2,1,1,1,1,2,1,3,2,2,1,3,2,2,3","97.04,97.57,97.52,97.86,97.27,96.49,96.85,98.58,97.58,98.35,98.35,98.63,97.19,97.56,96.74,98.26,97.63,97.92,98.05,97.73,97.99,98.33,97.29,97.33,96.96,97.50,98.71,97.66,98.84,97.64",64.33901485506746,1.0388959899661636,15.391364959878137,0
"1,3,1,1,0,0,0,1,1,2,1,1,2,2,3,3,2,3,3,3,1,0,1,1,1,3,3,1,2,1","100.00,88.83,94.07,92.65,94.99,93.38,91.42,89.95,90.80,88.85,92.44,90.97,97.41,90.19,94.40,87.72,92.29,91.24,89.10,90.75,87.20,86.63,90.85,94.07,93.93,85.50,92.95,93.17,88.93,92.44",62.584956079576685,0.9095868518175031,15.114919196076748,1
"0,1,0,1,0,1,0,0,1,0,0,1,1,0,1,1,1,1,0,1,0,1,0,0,1,1,0,1,1,0","96.79,96.70,97.60,97.39,97.98,96.62,96.57,98.35,97.32,95.98,97.63,96.03,97.60,97.22,97.80,97.74,98.45,97.25,96.14,96.78,96.18,98.60,98.02,97.71,97.05,97.83,98.89,97.69,98.30,95.12",65.06016635568085,0.6327374444781996,15.543730890281843,2
"2,2,1,2,2,2,1,2,2,2,3,1,3,2,1,2,2,3,2,3,3,2,2,1,2,3,2,3,2,2","98.00,98.40,97.01,97.15,98.84,98.89,98.07,98.64,98.72,99.20,97.94,97.36,96.84,98.49,99.15,97.47,97.49,96.84,97.48,97.72,98.15,97.85,97.42,98.72,98.94,96.34,96.86,97.46,99.02,98.42",91.35404517840892,0.9403326966390604,15.404380360627496,0
"1,1,1,0,0,1,1,0,0,0,1,1,1,0,1,0,1,0,1,1,0,0,1,0,0,0,1,0,1,0","97.04,96.91,97.24,97.58,96.80,97.41,97.96,98.49,96.19,98.79,96.81,96.00,95.25,97.12,96.63,98.63,97.50,97.84,98.05,98.62,98.15,98.33,95.32,96.66,98.39,98.43,97.31,96.43,96.39,97.90",54.11473914443908,0.6069815544871708,15.526300738811743,2
"2,3,3,2,2,2,2,2,2,1,2,2,2,2,1,1,2,2,2,3,3,2,2,3,1,2,2,2,3,2","96.61,97.15,97.76,97.41,97.85,98.13,98.63,97.31,97.88,97.76,97.88,97.98,97.74,96.77,97.28,98.07,98.05,97.98,97.70,98.85,97.96,99.25,97.95,98.34,97.50,98.76,98.49,99.24,97.12,99.31",77.66328369440548,0.8674675501003473,15.14567478987016,0
"2,2,1,2,2,2,1,2,2,2,2,3,1,2,1,2,1,2,2,2,3,2,1,2,2,3,2,2,1,2","97.61,98.79,98.37,98.07,97.95,98.52,98.89,97.09,97.81,97.35,97.15,97.08,97.96,97.64,97.85,97.18,98.29,98.15,97.49,98.22,97.78,98.16,98.18,97.23,97.34,97.21,96.83,96.64,96.63,98.22",64.9984445964936,0.7683594881930668,14.979694639775277,0
"1,1,2,1,0,2,1,1,0,2,2,2,0,1,1,0,3,3,1,1,3,2,2,0,2,1,0,0,3,1","95.15,96.20,96.50,94.35,95.58,96.37,93.44,93.41,92.45,97.30,92.71,94.88,95.89,97.80,97.99,97.18,97.22,93.70,97.08,93.84,92.50,95.21,93.00,95.16,97.01,90.74,98.07,97.37,95.69,95.37",67.38367042340997,0.8090466494223417,15.402520251876613,5
"3,1,2,2,2,3,3,3,2,3,2,2,1,2,2,2,1,2,3,2,2,1,1,2,2,3,2,2,2,2","98.38,97.53,97.30,97.45,98.87,99.15,98.04,98.40,97.52,97.44,98.46,98.23,99.51,98.00,98.68,98.06,97.69,97.95,97.90,97.30,98.50,96.68,98.14,98.15,98.47,98.67,98.48,98.04,99.51,99.82",58.230775109212225,0.9334808227732269,14.930576885579972,0
"2,1,2,2,2,2,1,1,2,3,3,1,3,2,2,1,2,1,2,3,1,2,2,3,2,1,3,1,2,3","83.77,91.81,81.64,81.37,86.65,84.77,88.92,91.45,89.58,88.95,82.80,80.16,95.73,89.33,86.68,86.72,91.38,86.29,94.36,93.32,87.86,89.40,86.42,92.26,97.40,88.51,86.70,87.25,86.12,94.08",10.442924747826979,0.7281238417248179,15.31323395870412,6
"0,2,1,0,3,3,1,3,1,3,3,1,2,0,3,3,3,3,1,2,2,3,2,1,1,1,1,2,2,0","95.11,99.68,94.83,97.99,95.40,94.32,95.91,90.99,94.13,94.71,94.95,94.20,96.09,95.44,97.21,98.01,95.63,94.30,98.41,92.27,94.40,94.80,97.06,96.12,96.96,91.45,96.79,95.32,97.95,96.75",57.72682693151602,0.7538840464536938,15.180380049996426,3
"1,2,2,1,1,1,0,1,2,3,3,3,1,3,3,2,2,1,1,1,3,2,3,3,0,2,2,1,2,3","90.60,86.73,90.98,89.12,94.38,91.45,89.52,99.48,89.28,84.34,88.99,92.03,93.42,95.68,90.26,90.09,91.67,85.97,93.65,91.74,92.66,88.28,98.34,92.81,93.29,90.36,91.11,92.70,91.54,92.13",24.711103286300933,0.7042964296608295,14.346505182017903,1
"2,1,3,2,2,1,2,3,3,2,2,3,2,1,1,2,3,2,1,2,1,1,2,2,1,2,2,1,2,2","98.07,99.25,98.03,98.70,97.99,97.95,98.82,98.81,96.80,96.37,99.32,96.88,97.99,98.37,97.64,98.41,98.41,97.93,98.63,97.83,97.25,96.19,98.19,98.82,98.95,97.87,97.65,97.18,96.52,98.84",67.4225834533572,1.1948946892291723,14.968383680713547,0
"2,0,1,1,2,2,2,1,1,2,2,2,3,3,3,3,2,1,1,1,1,3,2,2,1,3,3,2,1,0","96.05,88.85,92.50,93.77,94.28,95.00,92.22,93.43,92.82,93.95,95.81,92.89,91.35,95.18,91.97,91.75,88.64,97.51,91.93,91.88,92.26,89.29,92.91,95.79,92.06,88.14,97.94,87.20,88.88,93.25",60.083285876245256,1.0442385786724038,14.698107780932139,1
"0,1,1,0,0,0,0,0,1,0,0,1,0,0,1,1,0,0,0,1,0,1,1,0,0,0,1,0,1,0","96.51,96.51,97.61,98.37,96.75,97.34,96.26,97.79,97.37,97.07,93.35,97.36,97.09,97.28,98.12,97.56,96.84,98.19,95.87,96.29,97.15,97.31,95.14,97.40,97.20,97.69,97.77,98.37,97.59,98.20",37.950145223429956,0.5142894863396384,14.98369269584186,2
"0,2,2,2,2,2,2,2,1,1,1,1,2,3,2,2,2,2,1,1,1,3,1,1,0,0,1,2,1,2","91.53,91.41,98.09,97.04,94.27,96.81,98.09,99.26,94.39,98.53,94.76,96.94,96.89,95.82,97.09,95.92,98.18,97.74,96.48,95.91,97.52,96.03,94.64,95.41,96.59,96.41,93.71,97.70,97.41,98.36",49.49906756131236,1.0318403294299183,15.16400298361236,5
"0,0,0,0,0,1,1,0,0,0,0,1,0,1,0,0,1,1,0,0,0,0,0,0,1,0,0,0,0,0","97.87,96.17,96.42,96.99,96.41,97.78,96.69,96.80,97.91,97.46,97.07,95.75,97.39,96.97,97.14,96.21,97.15,99.68,97.56,97.61,97.43,96.96,98.21,96.73,96.89,94.66,96.73,95.83,97.83,97.03",45.45609382699267,1.0181676727055082,14.09610550845719,2
"1,2,0,3,3,1,0,3,1,1,2,3,1,2,2,2,3,2,1,3,1,1,2,3,2,2,1,3,1,0","96.07,90.18,89.32,91.65,90.01,92.83,94.96,93.31,94.13,93.68,98.73,96.28,93.37,91.88,92.63,97.03,93.14,88.88,88.28,90.58,91.49,88.00,93.02,91.70,91.37,88.90,92.39,94.04,91.65,94.73",24.772265388469997,0.6831778943250852,14.553884926595808,1
"2,2,0,1,3,3,1,2,1,3,3,2,1,2,1,1,0,2,1,1,0,1,1,3,3,0,2,1,1,2","91.29,97.60,94.73,87.95,87.90,90.52,97.20,88.27,90.12,100.00,93.59,90.12,91.18,88.55,89.45,91.76,94.37,88.78,90.52,89.19,89.48,94.86,94.91,95.06,94.75,91.06,95.16,91.62,92.73,94.49",56.56213794132912,0.6131573791215429,14.945073142811339,1
"2,2,1,2,2,2,2,2,2,3,2,2,1,1,2,3,3,1,2,3,1,2,3,1,2,2,1,2,1,1","85.95,82.64,84.54,87.02,87.87,85.73,90.09,100.00,87.02,95.77,86.66,82.97,87.06,94.29,88.13,90.88,92.43,87.55,92.84,89.34,85.76,89.45,83.41,88.25,87.49,84.68,85.99,97.60,93.92,93.01",43.8614837739995,0.6258264158609635,15.323286871149806,6
"2,1,1,1,0,1,3,1,1,2,0,0,2,3,3,2,1,1,1,2,0,3,3,1,2,3,1,1,2,0","89.82,92.47,98.29,88.48,86.46,96.03,92.57,94.33,92.03,96.89,96.51,95.06,90.17,88.01,90.36,94.67,86.32,92.13,91.01,86.57,93.78,92.52,97.26,90.96,95.34,93.38,94.86,92.16,90.48,98.37",37.83496198292745,0.6149444914828182,14.566996478322654,1
"2,2,3,2,3,2,3,2,2,2,3,2,2,2,3,1,2,1,2,1,1,2,3,2,2,3,1,2,2,2","97.06,99.22,98.78,98.92,98.54,98.65,97.95,98.74,98.06,99.16,97.83,96.56,97.42,97.51,98.88,98.73,98.25,98.38,97.85,97.69,98.27,95.25,97.14,98.17,98.58,98.36,97.55,96.69,98.05,97.01",65.41490003775901,0.9257250029830981,15.391888116024445,0
"2,2,1,1,1,1,1,2,1,3,3,2,2,3,2,2,1,1,1,3,3,2,0,2,0,1,3,3,2,1","91.71,86.28,94.58,83.50,98.68,97.75,92.05,89.60,96.58,95.96,92.17,86.19,86.27,94.68,91.09,89.79,90.32,95.47,90.86,94.87,94.22,90.36,91.67,89.91,93.40,93.43,90.37,90.45,89.91,91.66",70.55202085875307,0.7454039003436848,15.217543508804479,1
"0,2,2,3,1,3,2,2,2,0,2,1,3,3,1,1,1,1,2,1,2,2,0,1,2,3,1,1,2,2","97.13,95.22,96.53,94.35,93.02,99.86,93.74,94.99,96.11,92.28,98.18,95.66,96.40,94.77,93.35,98.45,95.87,94.29,95.21,95.58,95.01,94.30,96.19,91.46,97.49,94.23,93.73,95.41,97.67,94.89",75.32230736099406,0.6620461139280335,14.50453803982388,7
"3,2,1,2,1,1,3,3,1,3,1,2,1,1,2,1,3,1,3,1,2,3,3,0,3,1,1,1,2,1","99.52,91.81,93.03,91.23,87.55,94.85,91.42,92.07,93.34,86.35,95.88,89.87,93.08,90.38,90.55,83.96,88.91,90.58,90.49,92.55,93.83,90.51,92.50,90.94,91.97,89.97,95.76,94.23,93.00,91.74",63.21189991917696,0.6999991683133442,15.564542417780352,1
"2,2,3,2,2,3,2,2,1,3,3,2,2,3,1,2,2,3,2,3,2,1,2,3,2,2,2,2,2,3","97.70,98.52,98.89,98.36,96.99,98.32,97.31,98.90,98.40,97.39,99.89,97.20,99.65,97.87,97.96,97.79,97.46,98.80,97.61,98.41,97.51,98.29,100.00,97.24,99.25,97.77,97.73,98.68,97.52,97.25",65.52344554657675,0.7233344224591644,15.7028676560016,0
"2,2,2,2,2,2,2,3,2,3,2,2,2,3,2,2,2,2,2,2,2,2,2,2,2,2,2,2,1,3","98.85,99.10,97.51,98.14,98.36,97.67,98.63,98.21,97.80,97.41,97.29,98.16,99.43,98.45,97.69,98.85,98.14,98.43,97.69,97.48,98.45,98.82,98.73,96.61,98.31,95.83,98.28,98.34,98.14,98.57",74.15518463109643,0.898438125116169,15.010897559056614,0
"2,3,2,3,2,2,2,1,2,2,2,3,3,2,2,2,2,2,2,2,2,2,1,1,3,2,2,2,3,3","97.63,98.25,97.66,97.23,98.44,97.46,98.16,97.68,98.04,97.27,96.51,96.80,98.35,97.69,97.81,97.47,97.33,97.38,98.74,98.46,97.26,97.00,98.55,98.50,99.80,98.29,97.93,97.07,98.49,99.73",70.8620454235565,0.8847331612763605,14.786949837412012,0
"2,2,2,2,2,1,2,1,3,1,2,1,2,2,2,2,1,1,2,2,2,3,2,2,2,2,2,2,1,2","96.87,100.00,97.43,97.52,97.96,97.00,99.11,97.96,97.72,97.83,97.69,96.80,96.80,98.66,97.21,99.81,97.77,96.90,98.63,97.59,97.81,98.34,98.37,97.32,95.94,98.23,98.81,98.18,98.02,97.33",68.52585237975332,0.5325923134338805,14.98312214537253,0
"1,1,1,1,0,1,1,1,1,0,1,1,0,1,0,0,1,1,0,1,0,0,1,0,0,0,0,0,0,0","96.41,97.63,97.58,98.20,97.71,97.21,95.09,97.36,97.26,98.47,96.66,96.88,97.49,95.76,97.46,96.55,96.92,99.18,97.81,94.66,97.13,98.14,95.48,95.24,96.07,96.57,96.55,95.02,93.73,98.77",41.054518776253744,0.990502762980053,14.890545590207244,2
"2,2,1,1,1,0,2,1,0,1,2,2,1,0,2,2,1,0,2,2,2,0,0,1,1,2,1,2,1,1","97.07,92.78,96.57,95.49,93.34,98.24,96.69,97.57,97.83,91.22,96.61,100.00,96.14,98.39,96.89,94.54,95.21,99.14,97.07,97.95,96.60,93.74,95.46,95.81,92.90,95.97,93.55,95.25,97.42,96.61",61.637861429752874,1.062325480352237,14.793184005460974,3
"2,3,2,1,2,2,1,2,2,2,2,2,2,2,2,2,1,2,2,2,2,1,3,2,1,1,2,1,3,1","99.07,98.48,98.11,98.21,98.35,97.89,98.37,97.81,98.01,97.66,97.80,97.53,97.63,99.54,96.72,98.72,97.58,97.37,97.85,98.61,99.18,97.73,97.87,97.57,96.68,99.20,96.80,98.49,98.48,97.92",51.0264906074261,0.7819677228027248,15.278898173032177,0
"2,3,2,2,3,2,2,3,3,2,2,1,2,3,1,1,2,3,1,2,1,2,3,1,2,3,2,2,3,2","84.41,96.16,85.77,87.79,83.46,81.47,92.44,89.88,96.73,86.87,86.12,91.58,90.88,84.06,82.23,89.33,89.23,82.55,82.83,91.17,91.43,89.61,85.06,89.80,97.02,88.62,84.45,83.47,91.69,95.47",49.40539873410067,1.1627853152774452,14.454549503209023,6
"2,2,2,2,2,3,1,2,2,1,1,2,2,2,2,2,2,2,2,2,2,2,3,2,2,1,2,2,2,2","97.52,97.85,97.57,97.88,98.19,100.00,97.92,98.25,98.34,98.20,97.99,96.25,97.71,98.07,96.84,98.52,97.60,97.89,97.59,98.34,97.79,97.68,99.49,97.58,99.25,97.38,97.95,98.20,98.00,97.26",62.848413382692165,0.7617605301177777,14.22798444498729,0
"2,2,2,2,2,2,2,2,2,2,2,2,2,2,3,2,3,2,2,2,2,2,2,2,2,1,2,2,1,2","98.59,98.71,98.17,97.74,99.11,97.61,98.86,97.28,97.70,97.86,97.83,98.89,98.74,98.13,98.59,98.56,99.16,97.50,97.40,97.38,97.35,97.25,97.28,97.03,97.51,97.62,97.78,97.64,97.93,98.48",66.18995012236584,0.6642494788409291,14.635471116686912,0
"0,1,1,1,1,0,0,0,1,0,0,0,1,1,0,1,0,1,0,0,1,1,1,0,1,1,1,0,0,1","97.59,97.30,95.52,99.16,95.60,95.88,95.72,97.99,97.98,95.65,97.37,96.41,97.11,96.00,96.56,96.90,97.13,98.08,95.33,97.25,96.65,97.23,97.99,97.22,96.34,96.57,97.67,96.70,97.63,97.15",48.008382081996295,1.134478840531974,15.188983639009736,2
"2,0,1,1,1,2,1,3,1,1,3,1,3,0,0,2,2,2,1,1,2,2,0,0,2,0,1,1,2,2","95.93,95.51,95.16,94.46,96.13,94.04,94.25,97.74,93.02,94.56,94.40,94.13,98.47,94.99,97.06,92.57,100.00,95.98,94.56,95.89,97.57,94.85,96.48,96.94,96.87,98.19,99.17,95.68,97.38,95.19",59.03890211092321,0.7371118099718201,14.916788494801645,3
"2,1,1,2,2,2,2,3,1,1,3,2,1,3,1,2,2,2,2,3,3,2,2,2,2,2,3,2,2,2","99.04,98.49,97.92,97.50,97.65,97.15,97.98,98.05,99.67,97.38,97.55,97.28,98.48,98.19,98.97,97.99,97.57,99.08,98.90,98.11,99.47,97.53,99.01,96.80,98.39,98.65,97.67,98.64,98.19,97.83",61.31353675827812,0.7050682092747894,14.965669286717032,0
"2,1,3,3,3,1,0,2,1,1,1,1,2,2,0,1,1,3,2,2,1,2,3,2,0,2,3,0,2,0","94.78,94.21,95.27,97.36,97.53,98.01,96.00,94.57,97.88,96.81,93.56,96.67,96.61,96.78,97.72,97.65,97.34,96.59,96.91,97.96,98.42,98.66,94.63,97.28,98.88,96.77,96.40,96.02,100.00,95.09",46.3234089948254,0.6902914943166188,15.2322068957246,3
"3,2,3,2,3,3,2,1,2,1,2,3,2,1,3,2,3,1,2,2,2,2,2,2,1,3,2,2,1,1","97.16,99.41,98.99,96.73,98.69,99.35,98.77,98.89,97.42,98.33,98.32,98.07,97.54,97.31,98.23,98.85,98.38,96.59,98.33,97.84,98.32,97.90,98.74,98.42,98.26,97.76,98.05,96.88,98.00,97.67",65.15739512835451,0.5692326938990487,14.949047763804804,0
"1,1,2,2,2,3,3,3,2,2,3,3,1,1,2,3,1,3,1,2,3,2,1,1,1,2,2,3,3,2","85.63,85.87,86.46,87.78,93.67,82.21,88.47,89.10,89.57,87.23,94.59,87.41,87.34,89.20,95.45,92.76,86.99,92.58,90.46,92.28,91.58,87.20,89.43,90.44,89.99,76.91,95.39,87.59,93.47,93.54",29.743744606057824,0.7849391883564275,14.630002456904787,6
"3,1,1,2,3,1,2,1,1,3,1,2,2,2,2,2,2,1,2,3,2,3,1,1,3,2,1,3,2,2","95.31,89.08,86.98,83.02,88.98,94.78,87.14,90.33,90.96,87.97,94.39,84.89,79.59,89.18,78.13,81.32,93.79,88.54,91.70,83.96,87.70,90.77,86.56,97.09,93.86,93.08,92.65,85.24,89.03,85.57",36.04361426295794,0.6743028672761635,15.178349128406644,6
"2,2,2,2,1,2,3,2,3,1,2,2,2,2,3,2,2,2,3,2,3,1,1,2,3,2,1,2,2,2","97.78,98.07,98.42,97.12,98.76,99.86,97.42,99.93,97.95,96.72,96.92,97.97,97.47,97.62,96.90,97.56,97.34,97.91,99.16,97.85,97.96,97.92,97.60,98.54,98.85,97.99,97.83,96.91,98.00,97.92",84.09843076665469,0.8342911236543148,14.303431701970432,0
"2,1,3,2,2,1,3,3,2,2,1,2,2,1,3,1,2,1,2,3,2,2,3,3,2,2,2,3,2,2","99.09,97.08,97.87,99.10,96.96,97.82,99.21,98.70,98.65,97.49,97.97,98.07,97.83,98.08,98.93,99.00,97.84,97.15,97.62,96.96,97.97,98.40,99.48,98.31,98.46,99.01,98.07,96.70,98.54,98.12",64.20596959696013,0.7320136922246354,15.125539486303884,0
"2,2,2,2,1,1,1,2,1,3,2,2,3,1,2,1,2,3,2,2,1,0,1,2,0,2,1,1,1,2","97.87,92.78,95.73,94.56,93.94,99.08,95.95,94.80,95.22,90.74,100.00,93.44,93.48,96.81,96.56,95.56,93.56,92.22,93.97,96.94,96.18,94.55,93.83,98.94,93.55,95.85,95.80,95.46,95.66,96.13",75.08684657961308,0.6733093787333516,14.905972727647248,3
"3,2,3,3,3,2,3,2,2,2,1,2,2,1,2,2,3,2,2,3,2,1,3,2,2,1,2,2,2,2","98.00,97.17,99.01,98.43,96.93,98.77,97.60,98.49,97.90,98.69,99.20,98.61,97.04,98.01,97.63,97.73,97.34,97.51,97.36,97.99,98.15,97.50,98.07,97.45,97.11,99.42,98.51,99.66,97.81,98.59",71.85986232108358,0.7016105113079529,15.252776403382784,0
"2,1,2,3,1,2,1,3,1,2,2,2,1,1,2,1,1,1,0,1,3,2,2,2,1,2,3,3,2,2","96.35,98.12,96.28,96.31,91.83,97.96,97.06,95.68,94.10,94.84,95.52,95.96,95.57,94.33,94.78,95.54,96.01,94.63,97.30,96.29,93.22,97.46,96.55,98.37,93.16,94.07,96.76,94.98,92.41,99.22",73.1325569269652,0.5124945062860758,14.645195293889799,5
"0,1,2,3,3,3,1,1,0,1,1,2,1,1,1,2,1,1,1,3,0,1,2,1,3,1,3,0,1,1","95.26,94.15,88.63,93.11,87.25,88.39,94.98,94.30,90.10,89.99,98.75,96.62,89.27,89.18,96.63,95.58,88.78,88.92,85.92,96.85,93.35,97.49,92.03,95.83,88.20,92.64,91.84,92.48,93.30,92.09",51.38150785745946,0.6974945622704385,15.068329089476133,1
"3,1,1,2,1,1,3,2,1,0,0,1,1,1,2,2,3,2,1,2,0,0,3,1,1,2,2,1,0,2","95.82,96.08,95.56,97.16,95.54,99.95,96.66,96.12,97.09,94.08,96.03,98.25,100.00,93.17,96.39,96.34,95.37,98.58,94.84,94.27,90.69,95.78,95.69,96.56,98.23,100.00,95.08,96.78,94.91,95.08",60.81756796741085,0.9569481931802993,15.160178380178532,4
"2,2,2,2,3,1,2,2,3,2,2,2,2,2,1,2,1,2,2,2,2,3,2,3,2,2,3,3,2,2","98.41,97.79,99.18,98.78,98.36,98.71,98.95,97.66,97.28,97.18,98.53,97.25,98.47,96.65,97.14,98.54,98.82,97.82,98.91,98.73,96.15,97.46,98.34,96.41,97.67,97.28,97.31,99.02,97.66,97.63",65.10533958355735,0.7976041483391835,14.648918221038286,0
"3,1,3,1,2,3,3,1,2,2,2,3,2,3,2,3,3,2,3,2,2,1,1,2,2,3,3,2,2,2","98.58,98.95,97.88,99.85,97.26,98.91,99.63,97.83,98.38,97.80,96.54,97.52,99.40,97.75,97.08,98.06,98.20,99.05,98.26,98.19,99.18,98.58,98.73,98.50,97.80,98.67,98.10,96.31,99.99,98.93",63.35902833713068,0.7806315210733806,15.285437622222608,0
"2,3,3,2,2,2,2,2,3,2,1,2,2,2,1,2,1,1,2,3,2,2,2,2,1,3,3,3,2,3","97.14,96.69,97.95,97.85,96.49,99.25,99.61,98.74,98.16,96.80,98.25,98.88,97.80,97.33,98.54,97.74,97.29,99.33,97.65,98.15,98.23,97.23,97.65,98.01,97.86,98.39,98.79,97.47,97.31,97.91",71.1640819851707,0.6046479145930921,14.832313715199193,0
"2,1,2,2,2,3,2,3,2,2,1,2,2,3,2,3,3,3,3,2,2,1,3,2,3,2,2,2,1,2","98.86,96.87,99.83,97.22,98.27,98.10,97.70,98.07,98.87,98.96,96.84,98.85,97.95,98.45,99.27,98.56,98.41,99.01,95.71,98.76,98.92,98.17,99.05,98.24,98.79,97.94,98.07,98.79,99.68,97.95",61.47411967985079,0.7526976061508301,15.43981450971671,0
"2,1,3,2,2,2,2,2,1,2,1,1,1,0,1,2,3,2,1,2,2,1,2,1,2,2,2,2,1,1","90.81,92.23,95.62,88.97,88.27,94.45,92.33,96.38,92.30,91.17,94.18,88.43,90.69,87.41,94.06,93.28,91.37,90.91,94.80,91.65,92.93,87.43,91.76,95.22,96.21,90.61,92.07,93.82,88.90,92.20",35.020573833569614,0.7666025813912373,14.961762574527288,1
"1,2,1,2,1,2,1,0,1,2,2,1,1,2,1,1,3,2,1,1,2,1,1,3,3,1,3,2,2,3","94.72,89.41,92.85,91.34,87.76,90.96,91.91,92.51,89.92,91.34,90.51,91.97,93.70,93.91,91.90,88.61,97.85,86.07,91.40,89.73,91.62,91.37,90.22,96.93,91.29,94.84,93.22,91.06,95.21,92.36",52.242868796030386,0.7585809919356256,15.293077703523712,1
"2,1,3,1,2,2,2,2,2,2,1,3,2,1,3,1,3,2,1,1,2,2,2,2,1,1,1,1,2,2","85.23,83.15,79.27,87.54,91.90,87.72,88.38,87.58,92.44,82.75,85.52,86.06,94.48,92.45,93.12,90.82,81.26,81.49,82.74,79.41,87.59,87.77,86.35,86.48,92.03,92.41,93.52,92.58,85.40,88.52",47.39455618582035,0.8062793858734012,15.22817824695012,6
"0,1,1,0,1,0,1,1,1,0,0,0,1,1,0,1,1,0,1,0,1,0,1,0,0,0,0,0,1,0","95.83,96.51,98.82,97.84,96.66,97.81,96.63,97.42,95.83,98.06,97.71,96.55,96.52,96.93,97.93,97.23,97.76,96.80,95.98,97.02,97.86,97.88,98.81,95.38,95.42,96.09,96.96,97.56,97.73,97.63",60.893796435597736,0.6707550161705258,15.765992356196355,2
"1,2,2,0,1,1,2,1,3,1,2,1,1,0,2,2,1,0,1,1,2,3,1,2,2,2,0,2,3,3","96.35,97.38,94.95,97.02,98.62,92.48,96.97,95.15,94.19,96.55,96.59,93.98,95.14,97.77,95.77,94.79,95.02,95.20,97.32,94.68,94.96,95.80,94.12,96.45,93.94,98.06,98.74,97.15,93.16,98.58",75.38545159778216,0.8369326574385233,15.307238423249414,3
"2,2,2,2,3,1,3,3,2,1,2,2,3,2,3,2,2,2,2,3,2,2,2,1,2,2,2,1,2,3","98.39,98.54,98.40,99.71,98.12,96.72,98.12,97.85,97.05,97.78,96.70,97.12,97.90,98.32,98.69,96.17,96.79,98.28,98.32,96.74,97.80,98.24,99.07,97.02,99.35,98.75,97.69,97.85,97.96,97.90",65.82478228416278,0.9921966613322439,14.608154432133972,0
"1,3,2,2,2,2,2,2,2,2,2,2,1,2,2,2,1,2,3,2,3,2,3,2,2,2,2,2,3,2","97.77,97.23,96.83,97.99,97.84,98.87,98.39,96.59,98.39,97.19,97.55,97.49,98.86,97.32,97.14,98.18,98.33,98.38,98.42,97.50,98.55,97.41,97.72,98.18,98.98,97.80,98.24,96.32,98.84,97.73",63.046992745607156,0.9135043268381692,15.04553701675584,0
"2,1,1,3,2,1,1,3,2,1,2,2,2,3,0,0,1,3,0,0,2,1,2,1,0,1,2,2,2,2","93.83,96.80,94.22,98.27,95.58,96.62,95.89,95.69,94.36,97.58,94.61,94.61,98.14,100.00,94.57,94.07,97.07,97.43,96.78,93.63,94.54,96.60,96.13,97.20,94.46,95.16,95.15,91.80,96.04,97.67",66.16570754151418,0.8007968314185872,14.676777574000637,7
"0,1,0,1,0,0,0,0,1,0,0,1,1,1,0,1,0,0,0,1,0,0,0,0,1,1,0,1,1,1","98.54,97.52,97.14,97.18,98.02,95.72,97.96,97.85,95.98,98.19,96.23,96.98,94.79,97.70,97.17,97.40,97.20,96.69,97.67,96.85,97.27,98.23,96.22,95.48,97.01,97.94,98.07,95.79,95.76,93.92",57.185700738214464,0.6349500740979448,14.573824245114505,2
"1,2,2,1,2,1,0,3,0,2,0,1,2,1,1,2,1,1,1,1,0,1,2,1,1,2,2,2,1,1","100.00,98.53,97.34,95.66,92.49,96.75,97.27,97.22,92.76,98.94,96.10,96.06,96.02,94.11,93.60,98.88,99.80,97.15,96.58,94.87,95.52,97.09,98.00,98.63,95.19,96.38,92.26,95.56,92.32,96.34",50.559763563266046,0.7427078530778904,15.353487750755887,4
"2,2,2,2,2,2,2,2,3,2,1,1,2,1,2,2,2,1,2,3,3,2,2,3,2,1,1,3,2,2","98.71,96.86,98.85,98.50,97.39,97.95,98.40,99.63,98.35,97.76,97.20,96.03,97.65,97.69,98.12,97.26,98.09,97.55,99.03,96.85,98.88,97.49,97.99,97.82,97.67,98.57,97.30,97.85,96.47,97.20",77.23126799446386,0.8157877270586659,14.63049420820488,0
"1,2,2,2,2,3,2,2,3,2,3,3,2,3,1,2,2,2,2,1,2,1,1,1,3,3,1,1,2,2","97.23,97.01,97.08,98.27,97.26,98.11,97.67,97.09,97.60,98.40,96.78,97.79,97.95,97.87,98.45,98.23,98.54,98.52,97.30,96.81,98.96,96.79,96.72,98.92,97.77,96.67,97.96,99.44,96.74,98.16",70.72269770019383,0.8994779599263768,14.86011030416363,0
"3,2,1,2,1,2,2,2,2,2,2,2,1,1,1,1,1,3,2,2,1,1,1,2,1,2,2,1,3,2","98.79,98.52,97.90,97.68,97.65,97.67,98.57,97.52,98.63,98.20,97.04,97.80,97.62,98.96,97.10,97.12,99.18,97.37,97.87,96.59,96.38,98.50,97.20,99.00,97.69,97.23,98.46,96.34,98.21,97.58",76.58972709760134,0.6843402080721417,15.751729904340921,0
"1,3,3,3,2,2,2,3,2,2,3,2,2,3,2,3,3,2,1,2,1,2,1,1,2,2,2,1,2,1","99.48,97.11,99.19,99.44,97.36,97.97,98.93,98.85,98.29,97.84,98.44,97.75,97.99,98.77,98.61,97.67,98.69,97.82,98.90,97.95,97.76,96.91,98.84,98.78,97.47,97.47,100.00,98.33,97.98,97.32",68.66066046317782,0.6708758821474136,15.64600941446493,0
"3,2,3,1,1,1,2,2,2,1,2,1,3,3,2,2,2,2,2,2,2,2,1,2,3,2,3,2,1,2","83.77,89.24,87.12,89.16,86.46,84.60,89.70,82.90,88.84,89.41,93.98,87.77,87.98,86.47,93.68,88.75,89.97,90.24,88.97,88.44,90.73,88.30,85.64,79.55,89.31,80.56,87.79,84.43,84.57,93.16",53.850722055401654,0.41713873115384437,15.342241340653121,6
"3,1,3,3,3,1,3,2,1,2,2,2,2,2,2,3,2,1,1,2,2,1,3,2,1,1,1,3,2,1","97.69,97.67,97.27,97.56,97.12,98.02,98.08,98.15,97.57,97.63,96.72,98.19,97.65,98.48,96.23,98.57,98.03,97.30,97.46,97.59,95.98,98.96,99.21,96.22,98.34,96.95,98.96,98.63,97.60,98.25",95.6897483677658,0.5455260976416941,15.015449005071,0
"2,1,1,2,2,2,2,1,1,1,2,2,1,2,2,0,3,2,1,2,2,2,1,2,0,1,2,3,3,2","95.51,97.31,93.24,95.98,95.19,97.43,96.29,97.75,96.42,99.25,95.72,94.38,98.98,96.82,95.89,98.64,95.51,98.67,94.83,95.61,94.58,96.45,96.09,94.14,97.63,96.47,98.00,97.69,96.71,96.96",72.45772309165002,0.8120363973861363,14.851649064620865,7
"1,1,0,0,1,1,1,3,2,0,2,0,1,3,3,2,2,1,3,0,2,2,1,2,1,1,1,2,3,1","94.65,95.84,94.73,93.15,96.75,92.81,97.03,95.09,94.03,98.25,97.28,96.64,97.55,91.80,95.60,94.81,90.13,95.55,98.17,93.83,96.47,93.32,98.93,97.73,93.65,97.89,94.47,93.88,98.82,96.33",70.72818964850015,0.8583867180965552,14.584579774803617,4
"2,3,1,2,3,2,1,2,2,2,3,3,3,2,2,2,2,3,2,1,3,1,2,2,2,2,1,2,2,2","97.68,98.52,98.72,97.72,97.04,97.52,98.55,99.89,99.45,97.08,97.60,97.38,97.72,97.19,97.78,97.69,96.91,98.53,98.63,100.00,98.56,97.88,97.36,98.31,96.13,98.39,98.01,98.56,98.28,97.41",73.61639732125107,0.8436256429959083,15.17405002086087,0
"1,1,2,1,1,1,0,3,2,2,2,1,1,2,3,2,0,2,2,1,0,0,1,3,1,2,1,1,2,2","94.52,96.90,94.20,94.17,94.63,90.75,99.45,96.01,95.89,92.60,97.97,95.76,94.78,97.06,95.97,94.40,96.80,96.01,95.41,95.75,98.03,95.98,94.73,96.40,97.12,94.42,94.93,95.36,94.49,96.99",62.05243580943246,0.5666382800367205,14.866675507463665,7
"2,2,1,2,0,1,2,0,2,2,0,1,2,0,1,1,1,2,3,0,0,0,1,2,1,2,1,2,1,2","95.97,97.68,96.51,93.90,99.06,93.16,93.78,94.64,96.54,94.64,95.27,95.87,95.19,95.44,94.80,96.13,95.13,96.64,95.93,95.45,97.05,93.33,97.12,96.34,98.67,96.04,96.39,94.43,93.27,97.65",53.94385840824968,0.7827303283072644,15.422267761519814,5
"2,1,3,3,1,2,1,2,2,2,3,2,2,2,1,1,2,2,2,3,2,2,2,2,3,1,2,2,3,2","98.79,98.18,99.10,96.21,96.59,97.72,98.34,99.03,99.15,97.38,97.56,99.45,98.02,98.19,98.24,96.93,98.22,98.14,97.97,97.71,98.17,96.80,98.08,98.00,98.40,99.24,98.44,98.54,97.05,98.13",63.43320976046241,0.718721995765746,15.463206354241915,0
"2,2,2,3,2,2,1,2,3,2,1,2,2,3,3,2,2,2,2,2,1,1,2,3,2,3,1,3,2,1","97.88,98.91,98.52,98.15,98.96,95.49,98.12,97.31,97.90,97.22,97.75,97.87,98.53,98.08,98.11,97.60,98.32,96.74,97.64,99.74,96.60,98.14,96.58,97.96,98.45,98.45,97.67,97.88,98.00,98.34",80.6677097775516,0.9175803279955139,14.149216752120035,0
"1,1,1,2,2,1,2,1,1,1,2,0,0,1,1,1,1,2,2,2,1,0,1,1,1,1,1,1,1,1","92.55,93.65,94.84,97.05,92.67,95.55,95.52,97.35,94.59,96.37,94.47,93.49,93.90,91.15,99.35,97.01,95.61,95.64,98.66,95.22,100.00,96.55,96.55,99.33,96.63,95.52,97.72,97.53,97.87,95.63",66.61725109270031,0.7876310035355719,14.969455031481468,3
"1,2,1,2,1,1,2,3,2,2,2,2,2,2,2,2,3,2,2,3,2,2,1,2,2,2,3,3,2,2","97.85,96.89,99.07,98.78,96.57,98.95,97.08,96.79,98.52,97.67,97.09,97.69,99.02,98.27,98.65,97.28,97.35,97.53,97.03,98.90,98.03,96.43,98.52,98.12,98.83,98.82,97.80,98.69,98.96,97.43",67.21665011564443,0.9033858474646393,14.815786827388678,0
"0,0,0,1,0,0,1,1,1,1,0,1,0,0,0,0,1,1,0,1,1,1,1,1,0,0,1,1,1,1","96.98,96.59,97.38,97.08,96.97,97.90,96.79,96.59,96.14,96.92,96.09,97.27,95.82,97.79,97.91,97.54,93.44,94.97,97.02,98.52,98.46,97.58,99.32,96.32,96.24,96.80,96.95,97.87,96.81,96.03",62.628853115332234,0.6478694099558454,14.762717245037242,2
"2,1,2,2,2,1,2,2,2,1,2,2,2,1,3,2,1,3,2,2,2,2,2,2,3,2,2,2,3,2","98.70,97.41,98.50,98.72,98.31,98.00,97.10,98.39,99.15,98.61,97.20,98.36,98.37,98.97,98.06,97.66,98.06,98.99,98.23,99.30,97.66,97.45,98.10,98.05,99.10,98.89,98.79,97.87,98.76,96.04",74.43227117780133,0.5534080200666277,15.534855521341289,0
"2,1,2,2,3,2,2,2,3,2,2,2,2,1,3,2,2,2,2,1,2,2,1,2,2,2,2,3,3,2","96.77,96.98,97.28,98.34,97.85,97.10,98.48,98.11,97.94,97.89,99.14,97.96,99.66,99.70,98.23,97.75,97.62,97.41,98.99,97.94,97.55,98.36,97.79,98.24,97.47,97.94,97.66,99.55,98.41,97.62",66.71189621238916,0.9334482236533268,15.156059255907824,0
"1,1,2,3,1,1,2,2,3,2,1,1,1,1,2,1,3,2,2,2,1,2,2,3,1,2,2,2,2,1","88.84,92.03,87.76,84.21,82.31,88.99,87.06,86.98,89.42,88.51,86.77,89.25,92.35,86.67,89.05,75.61,93.90,95.53,93.52,86.98,91.68,91.75,94.22,93.92,85.61,83.91,83.70,91.16,82.54,87.94",37.278675630372284,0.8585434885471704,14.22993424486563,6
"1,1,1,2,2,1,1,1,3,2,3,2,2,2,0,1,2,2,0,2,1,1,2,1,2,1,1,1,1,1","96.49,90.28,92.28,93.60,94.73,91.55,93.97,90.65,95.83,98.63,95.77,91.56,93.32,88.86,88.64,91.05,86.65,93.19,93.89,91.91,92.78,90.44,85.33,91.16,95.64,90.12,91.38,89.67,87.52,89.87",54.18200016645834,0.864775590353559,15.217994200080625,1
"1,1,0,0,0,1,0,0,0,0,1,0,1,0,1,0,0,1,0,0,0,1,0,0,0,0,0,0,0,1","98.31,96.38,99.41,96.56,96.11,97.76,96.83,98.19,98.51,98.30,98.30,97.59,97.09,96.97,96.38,97.78,95.61,97.02,97.14,96.65,98.54,95.09,97.05,97.18,96.47,95.50,96.22,97.58,97.09,96.81",63.14000537526529,0.6999032449170752,15.22516335296006,2
"2,2,1,1,1,1,2,2,2,2,2,2,3,2,2,1,3,3,3,2,2,1,2,2,2,3,2,2,2,2","98.73,97.43,97.10,98.48,97.88,95.24,97.95,99.96,97.55,98.16,98.02,98.09,97.79,98.98,98.99,97.70,97.82,97.46,99.64,98.43,98.55,98.39,96.43,98.34,97.71,97.06,97.71,98.35,99.11,97.72",74.97244858323472,0.833346376668502,14.849586033406913,0
"2,1,0,1,1,1,0,2,1,3,1,1,1,1,0,1,2,2,2,0,2,0,1,0,2,0,3,2,1,1","88.70,91.02,89.73,95.10,89.23,89.71,91.60,93.13,92.56,96.60,93.74,91.46,97.57,98.07,90.06,91.55,90.58,96.67,86.68,96.86,94.01,90.85,91.15,91.61,92.48,97.49,87.42,93.93,94.89,92.19",61.13971993908457,0.9026590609135171,14.609403501743762,1
"3,2,2,2,3,2,2,1,1,2,3,2,2,3,2,2,1,2,2,2,2,2,1,2,1,2,3,2,2,2","99.14,98.32,96.74,98.86,98.59,98.37,98.99,98.22,98.37,98.99,98.80,97.66,98.24,96.54,97.21,97.01,97.84,96.64,97.61,97.77,97.51,99.29,98.83,98.42,99.49,97.52,98.87,98.75,96.61,97.47",69.82438592091005,0.5762612009121723,15.279871555582252,0
"1,0,1,0,0,0,0,0,0,0,0,0,0,0,0,0,0,0,1,1,1,0,0,0,0,0,0,1,0,0","97.60,96.69,96.84,97.49,96.31,97.26,97.70,97.47,97.79,97.85,98.46,94.44,97.17,96.25,97.65,96.59,97.14,95.41,97.53,97.43,96.42,98.17,96.84,97.66,97.41,96.46,96.04,96.56,97.61,96.88",62.01063181014102,1.0952552729615133,14.83082498108274,2
"1,2,2,3,1,3,2,3,2,1,1,2,2,3,3,2,2,1,3,3,2,2,2,2,2,2,2,2,1,3","98.38,98.09,98.42,98.25,98.42,97.19,98.38,96.88,97.67,98.55,98.88,98.19,99.02,99.22,97.76,98.31,97.75,98.29,98.67,99.59,99.05,97.68,98.62,96.70,98.66,97.55,98.15,96.83,97.83,96.86",58.477457823748686,0.6578511588199274,15.377835713839943,0
"3,3,2,1,3,3,2,2,2,2,3,1,2,2,2,2,3,1,2,2,2,2,3,2,2,2,2,2,2,3","97.45,98.37,96.76,96.59,98.51,98.74,98.17,97.93,97.01,96.84,97.40,98.78,98.44,96.68,98.46,98.61,97.26,96.59,97.18,97.93,97.87,97.70,95.06,99.21,97.45,97.51,98.55,99.19,97.96,98.25",85.18072875899416,0.8095499227514434,15.11300406770868,0
"0,3,0,2,1,1,3,3,1,1,2,3,1,1,0,2,1,2,0,1,3,1,2,2,2,3,1,1,3,1","95.49,90.65,95.20,95.41,95.90,94.97,96.14,95.84,96.98,97.37,89.10,96.72,99.01,94.80,94.22,99.78,93.25,95.45,98.42,97.52,96.95,95.94,95.81,93.05,95.31,94.41,91.51,93.44,93.01,93.22",58.54074115202068,0.7832800596776119,15.107334549792231,3
"2,2,2,3,2,1,2,2,2,2,3,2,2,2,3,2,2,2,2,3,2,2,3,2,3,2,2,3,3,2","98.61,97.01,97.86,97.79,98.15,98.78,98.15,97.41,96.92,98.08,98.09,98.20,98.15,97.46,96.80,97.60,97.76,96.15,98.99,97.36,98.99,97.90,97.79,96.90,98.18,97.99,98.09,98.11,98.44,98.51",71.4658826362064,0.6838435073414594,15.37832794865003,0
"0,0,0,0,0,0,1,1,0,0,0,0,1,0,1,1,1,1,1,0,0,1,0,1,0,1,1,0,0,0","97.92,97.17,96.62,98.25,97.20,95.04,98.57,98.45,96.87,96.63,96.58,95.38,96.22,98.12,96.38,96.23,97.30,96.23,96.77,98.13,96.61,97.59,97.29,97.79,98.64,95.84,97.93,96.29,98.08,96.52",58.87502400767311,0.8084599549120269,15.46900350775022,2
"2,3,2,3,2,2,2,3,3,1,2,2,2,1,2,2,2,3,1,2,1,2,2,2,3,3,1,2,2,3","97.32,98.97,97.30,99.66,97.03,98.01,97.60,97.87,97.27,98.40,98.02,97.74,98.06,98.05,99.27,98.51,96.83,98.94,97.66,98.79,99.04,97.07,97.09,97.03,97.41,98.78,99.32,97.01,98.21,98.52",63.25200099765973,0.9063723799767037,14.994040299949411,0
"2,1,2,1,1,1,2,2,2,3,2,1,2,2,2,3,2,1,2,2,2,2,2,2,2,3,2,1,1,2","97.00,98.09,97.78,100.00,99.38,99.66,98.15,98.82,98.33,98.87,97.61,97.24,97.91,99.83,99.15,97.55,98.63,98.71,96.81,98.88,99.20,98.03,97.37,98.20,97.42,97.87,99.03,98.24,98.21,97.46",61.52898140952035,0.7397287649211629,14.85305816306837,0
"0,1,0,1,0,1,0,1,0,1,1,1,0,0,1,0,0,0,0,0,1,0,0,0,0,0,1,1,1,0","97.41,97.13,96.51,96.05,97.00,95.99,96.98,97.39,97.93,98.22,96.83,97.93,95.35,97.70,98.03,96.53,97.31,97.50,96.96,97.57,96.93,98.20,96.54,95.65,96.53,97.35,97.61,95.98,96.40,96.50",68.91945139161574,1.1676462841899686,14.246436477134202,2
"2,2,1,2,1,2,1,2,1,1,2,3,2,3,1,3,2,2,1,2,2,1,2,3,2,1,1,2,2,2","98.46,98.58,99.04,98.43,98.13,97.06,98.10,96.74,98.52,97.87,97.39,97.80,98.14,97.72,96.58,99.05,97.34,98.14,98.61,97.00,98.43,97.65,97.68,97.17,98.40,98.06,99.06,98.09,99.16,98.61",75.0576243849782,0.9164380972722262,15.705985930721551,0
"1,1,2,0,2,2,3,3,1,2,2,1,1,0,1,1,2,1,1,1,1,3,2,0,1,1,2,1,3,3","91.76,94.18,86.20,90.64,94.57,96.85,87.30,88.98,89.07,93.53,91.73,95.16,89.64,93.61,88.83,94.80,89.71,90.14,93.39,90.49,91.83,87.94,87.36,98.31,94.16,92.41,90.86,90.98,91.99,94.63",43.3800704245015,0.7067094466955248,15.676083007324909,1
"2,2,1,2,2,2,2,1,3,2,2,1,2,1,2,3,2,3,1,3,2,2,3,2,3,1,1,1,1,2","97.51,98.57,98.26,98.43,97.40,97.94,97.40,97.79,96.79,97.49,97.27,98.07,96.94,100.00,97.10,97.51,98.11,99.40,97.97,97.71,97.57,98.39,97.20,96.32,98.01,98.84,97.73,97.72,97.74,97.73",61.7767386242915,0.5807729952160811,15.360218814053347,0
"1,1,2,1,2,1,2,2,2,1,2,1,1,1,3,2,2,1,2,2,2,2,2,2,3,2,2,2,3,3","97.77,98.95,98.41,98.48,99.07,97.99,97.99,98.20,97.33,98.51,97.70,98.07,97.33,98.11,97.91,98.60,98.52,98.38,97.94,97.67,98.60,97.67,97.62,97.40,99.04,97.63,98.71,97.79,97.81,97.70",63.54880597065504,0.903702837668932,15.068173763517429,0
"2,2,2,1,2,2,2,1,2,3,1,3,1,1,1,2,1,2,3,3,2,2,2,2,2,2,3,2,2,2","97.10,98.29,96.87,97.92,97.19,99.75,98.04,98.53,97.42,98.13,98.28,98.23,97.85,97.40,99.47,98.40,97.67,99.28,96.56,97.41,98.51,98.81,98.46,96.89,97.00,98.37,98.98,97.81,96.28,98.25",77.96027309757156,0.7557112877741053,15.149650613195835,0
"3,3,2,2,2,2,2,1,1,2,2,1,1,2,1,1,1,3,2,2,2,3,3,1,1,2,2,2,2,1","95.84,98.19,98.26,99.20,97.32,97.99,98.25,97.95,98.92,96.80,96.72,96.76,98.18,98.91,99.50,98.08,97.92,97.82,98.54,97.38,98.76,99.31,96.57,98.49,98.24,98.77,98.04,95.52,98.06,97.47",71.97592043092546,1.1008879963950802,15.482250593094182,0
"0,0,0,0,0,1,1,0,0,0,0,0,0,1,0,0,0,1,1,1,0,0,0,0,0,0,0,1,1,0","98.07,96.91,96.34,97.39,96.27,97.83,95.66,97.22,98.01,97.97,97.59,97.90,95.88,97.03,97.43,97.99,98.03,95.74,96.94,97.02,98.20,96.26,97.63,95.08,96.37,96.57,96.86,96.23,96.54,95.38",62.31236340916241,0.6925419881620881,14.78123827726302,2
"3,2,1,1,2,0,1,3,0,1,1,3,0,3,3,0,2,1,0,2,0,3,3,3,1,0,2,1,0,1","95.01,97.15,95.60,92.22,96.02,96.00,94.36,98.05,95.60,97.38,97.76,95.67,94.26,97.18,97.52,95.64,100.00,95.83,93.94,95.44,95.61,99.42,94.94,93.65,98.43,95.33,94.24,95.62,96.37,95.37",40.23571717010978,0.8651477557715256,14.966374275735424,4
"2,2,1,1,1,3,2,3,1,0,3,2,2,2,1,3,2,0,2,0,3,2,1,2,2,0,2,1,1,3","97.49,93.65,97.67,95.52,96.16,96.23,97.11,95.35,95.04,94.55,93.79,98.00,98.64,97.92,98.56,95.41,95.40,97.22,98.50,99.57,94.03,95.51,94.89,96.52,97.04,93.11,96.95,97.93,92.17,93.63",59.37673599497087,0.698859919709361,15.216455669417362,4
"1,3,2,1,2,0,1,2,1,2,2,2,1,3,1,1,2,1,3,1,0,1,1,2,3,2,2,1,1,3","97.38,95.13,96.78,95.56,93.06,96.69,94.33,97.88,95.22,97.33,95.36,95.54,94.90,98.46,93.22,93.56,100.00,97.36,93.58,98.27,96.47,97.03,96.32,95.44,96.14,98.84,95.16,95.98,97.67,94.83",70.29347690289362,0.8259607250315805,15.757276738603755,7
"2,2,1,2,3,3,1,3,2,2,2,2,2,2,1,2,2,2,3,1,2,2,2,2,2,2,1,1,1,2","98.42,98.96,98.55,97.74,98.12,97.12,98.38,97.49,97.91,98.62,97.43,97.96,98.16,97.79,99.09,99.46,97.42,96.70,99.15,97.23,97.96,97.49,98.72,98.03,99.04,97.66,98.89,96.95,97.99,97.90",67.6125226530952,0.9073894591684843,15.195826697991443,0
"2,1,1,1,1,1,2,3,2,2,1,2,3,2,3,2,2,2,2,1,2,1,3,2,2,2,2,2,2,1","97.87,97.95,97.32,97.70,98.24,97.12,98.03,99.03,98.80,97.58,97.74,97.95,98.47,99.24,98.41,97.07,98.60,96.76,98.18,99.48,96.96,99.04,97.84,97.84,97.00,97.61,99.08,96.31,96.82,98.43",73.04202863867016,0.8145772698704449,15.314962171950308,0
"1,2,3,1,1,3,1,1,0,3,1,2,2,3,1,3,0,3,3,1,3,1,1,3,0,2,1,1,2,0","93.20,90.20,88.99,92.33,85.81,95.16,91.16,94.86,93.84,93.55,97.16,90.75,87.69,88.23,92.94,90.98,93.80,90.26,95.68,92.22,97.46,91.41,94.84,96.72,86.20,90.43,93.47,93.91,89.69,91.13",36.28602619303208,0.5472997487569501,14.320802196832082,1
"2,2,1,0,0,3,2,0,2,1,3,2,2,1,2,1,2,2,2,1,1,0,1,1,1,1,2,0,3,1","92.07,95.14,97.54,93.53,93.28,96.51,99.48,96.77,97.51,96.55,97.35,95.90,91.97,91.87,90.55,96.72,98.40,94.88,94.47,92.16,97.49,96.59,92.62,96.79,96.55,92.37,99.35,95.76,97.41,97.13",68.82995082193857,0.6450492470726953,15.247215957879604,5
"2,1,0,0,1,0,2,1,1,2,1,1,0,1,1,1,2,2,2,1,2,1,1,3,1,3,0,2,2,1","96.26,95.27,95.76,94.05,98.72,97.14,94.77,95.69,92.45,96.19,94.41,98.99,96.99,95.04,92.86,90.56,92.05,100.00,100.00,99.32,91.31,96.81,96.42,96.78,96.89,95.91,96.81,96.34,99.62,96.13",83.73688085363395,0.7509385113641565,14.781824708194533,4
"1,1,0,1,0,0,0,1,1,0,0,1,0,1,1,0,0,0,0,1,0,1,1,0,0,1,0,1,0,0","96.90,97.24,98.07,95.05,97.39,98.79,96.73,97.00,97.58,96.75,96.91,96.14,94.96,96.24,98.10,95.86,95.56,97.49,96.07,96.25,97.58,96.61,97.69,94.49,96.42,97.71,97.00,95.29,95.43,97.14",61.48994182775767,1.0254320375338104,15.35280610396097,2
"3,1,1,2,2,1,2,2,2,2,2,1,3,2,2,1,2,2,3,1,2,2,2,2,2,2,2,2,2,2","97.32,98.61,97.72,97.12,96.84,97.57,98.81,97.47,97.79,98.14,98.87,99.34,96.58,97.20,97.49,97.39,98.86,97.51,99.07,99.07,97.45,98.11,98.40,97.67,97.25,98.15,97.66,96.89,97.45,98.25",54.63887855526441,0.8284892887054839,15.126620799586666,0
"1,1,1,3,0,1,1,1,3,2,2,2,1,3,3,1,3,2,2,2,2,2,2,2,3,1,3,2,0,2","89.34,93.83,95.62,94.94,89.20,92.57,86.63,92.67,89.84,90.97,93.60,87.98,92.48,93.68,91.51,88.81,88.88,97.23,87.06,88.67,99.30,92.59,91.35,91.70,92.44,94.86,92.92,96.83,87.25,92.88",57.45856654517944,0.7608815732854148,14.954923048527755,1
"1,2,1,2,2,2,0,2,2,2,1,2,3,2,3,1,2,1,1,3,1,1,2,1,1,2,2,1,1,0","96.23,94.57,94.44,94.46,98.69,96.42,94.64,95.00,97.78,100.00,92.29,96.45,98.24,97.65,94.30,95.75,95.99,94.43,95.20,97.42,94.41,99.75,95.41,95.75,95.08,96.05,97.49,95.03,97.84,92.71",50.92702794583123,0.7418846893591183,15.19032617205213,3
"3,1,2,2,2,2,2,3,0,1,2,1,3,2,1,0,1,0,3,3,0,1,1,2,3,1,3,1,0,2","90.11,96.41,90.20,89.56,91.87,90.31,87.85,84.80,93.02,96.46,99.55,96.20,96.78,85.75,96.41,89.46,92.50,96.72,93.15,91.10,87.86,88.86,88.93,93.55,93.65,92.25,95.63,90.75,87.98,89.23",69.09161472589876,1.1648268446618195,15.602541961932703,1
"2,2,2,2,2,1,2,2,1,3,1,2,1,3,1,2,2,2,2,2,3,2,3,3,1,2,2,3,2,2","96.89,97.10,97.75,97.07,97.43,97.83,99.09,97.94,97.58,95.09,97.33,96.88,97.43,98.77,96.99,98.81,99.20,96.87,97.44,97.87,97.60,96.93,97.68,98.10,98.11,98.49,99.03,99.00,99.22,96.58",73.19663106197643,0.7006840875165106,14.684626946728896,0
"0,1,1,0,0,0,0,0,0,0,0,1,1,0,1,0,0,0,0,1,0,0,0,0,1,1,0,1,0,0","97.42,95.54,97.77,96.62,98.41,96.32,98.25,97.53,97.53,96.80,95.13,97.70,96.94,98.86,97.91,95.68,97.38,97.37,97.46,96.03,96.59,96.95,95.08,97.39,96.91,96.03,97.72,96.23,95.30,97.88",55.45285112944606,0.7039915261652827,14.799183143348868,2
"1,1,1,1,2,1,0,0,1,1,2,0,2,1,2,2,3,3,1,0,3,2,3,1,1,0,3,2,0,3","96.04,95.22,95.74,96.14,97.29,95.98,96.71,93.88,96.26,94.55,97.45,94.47,94.91,97.18,94.46,96.91,97.95,94.55,98.06,97.02,96.33,99.27,100.00,95.79,94.98,96.43,97.10,94.80,94.90,96.27",68.21415187943306,1.1738598254700288,14.681972939196497,3
"2,1,1,3,2,2,3,0,1,1,2,3,1,2,3,0,2,3,1,2,3,3,3,3,2,3,0,2,0,2","96.31,97.02,96.24,97.23,97.08,97.23,95.86,95.96,98.69,91.18,100.00,92.98,97.27,95.67,100.00,98.12,95.67,97.68,97.77,97.79,97.74,91.62,97.40,91.71,92.73,99.56,95.79,97.06,93.29,92.74",64.4405382224222,0.6408318797987075,15.015476704783955,3
"3,1,3,1,3,2,1,1,1,2,1,2,2,2,1,3,2,2,3,2,2,1,2,2,2,3,1,2,2,2","97.74,98.52,99.10,97.96,97.77,96.78,98.64,99.52,99.18,97.72,97.44,98.18,97.89,99.01,99.18,98.28,98.80,98.05,98.82,97.60,98.15,97.41,98.12,98.37,98.88,97.90,98.56,97.53,97.88,98.43",68.6724024157845,0.9325109270504112,15.431340814419505,0
"3,2,2,2,2,2,2,3,2,3,2,2,2,2,1,1,2,2,2,2,3,2,3,2,3,3,2,2,1,3","97.56,97.80,98.40,99.02,97.33,97.76,98.57,98.82,98.01,98.24,97.88,97.46,97.15,97.84,98.15,100.00,97.72,96.75,98.07,97.18,98.43,97.93,97.36,95.03,96.27,97.50,97.02,98.01,97.84,97.07",76.81197786294713,0.8152107065640615,15.261802415878243,0
"1,2,3,0,3,1,1,3,2,0,3,2,1,3,2,2,2,3,1,2,2,2,2,3,2,0,2,1,1,3","94.48,91.30,90.06,91.95,87.45,92.55,88.73,90.04,91.02,92.24,94.95,89.28,92.59,92.53,97.63,89.45,90.11,96.47,92.80,93.08,88.88,93.12,89.69,90.95,90.27,90.55,90.06,92.50,93.81,94.13",49.10642192854324,0.8131333270096417,14.77084386170844,1
"2,2,2,2,1,3,1,1,1,3,1,1,3,2,1,2,3,2,1,1,2,1,0,3,2,3,2,1,2,1","92.26,94.50,94.30,89.46,90.28,85.65,96.63,90.90,96.58,96.52,92.58,94.02,96.18,95.14,93.26,89.31,89.88,92.62,96.47,89.81,85.68,90.28,91.00,93.55,92.93,100.00,92.98,94.02,92.92,92.81",45.77818970213154,0.8083092474976089,15.164426841087742,1
"1,2,2,1,2,3,2,2,2,3,2,2,2,1,2,1,2,1,3,3,2,2,3,3,3,2,1,3,2,2","97.35,99.44,97.12,97.30,99.34,98.14,98.39,98.56,96.97,98.21,97.39,98.09,97.84,99.09,96.87,98.46,97.97,97.28,96.68,98.25,97.34,98.54,98.27,98.41,97.54,98.70,98.31,97.67,98.60,98.27",59.222220883838276,0.48118671079500913,15.551248923835798,0
"3,3,1,1,3,2,1,2,1,1,1,2,3,0,3,2,2,2,2,1,1,3,1,2,1,3,3,0,3,1","95.00,88.96,93.71,90.18,91.76,91.35,91.29,94.06,88.44,93.81,97.67,96.43,92.73,89.64,97.00,94.73,96.18,92.83,92.33,87.63,89.07,86.28,91.99,88.55,89.22,82.59,93.95,94.63,92.26,91.11",51.70568584018914,0.6682877034073651,14.944012550168596,1
"1,1,1,1,0,0,1,1,0,1,0,0,1,0,1,0,1,0,0,0,1,1,0,0,0,0,1,1,0,0","97.45,98.08,97.91,96.06,100.00,97.00,96.89,97.54,97.95,98.06,96.12,96.84,96.04,95.93,97.17,95.00,97.35,95.80,96.64,97.62,96.90,96.52,96.30,97.42,97.38,98.05,97.62,97.85,99.06,96.22",58.395333354392406,0.749709298482336,14.608660653811345,2
"2,2,0,2,3,1,2,2,3,0,0,0,2,1,2,1,0,1,0,2,2,2,1,0,3,1,2,2,1,0","92.22,96.67,96.19,96.65,96.95,100.00,96.15,95.12,96.53,94.94,94.71,96.18,98.18,95.51,92.74,94.07,94.71,96.52,96.74,98.95,100.00,96.59,94.23,95.23,94.54,93.87,98.06,94.96,96.79,95.57",61.68840876455231,0.7959534313872711,14.911607169943661,3
"1,0,0,1,0,0,1,0,0,0,0,0,0,0,1,0,0,1,0,0,0,0,0,1,1,1,1,0,1,0","98.04,96.48,98.89,95.86,95.11,96.69,99.19,96.63,95.15,97.83,96.71,97.54,97.12,96.13,97.07,96.70,97.19,98.80,97.09,98.42,96.87,96.60,95.87,96.53,97.26,98.10,96.45,95.63,94.99,97.42",64.8155310061803,0.5958414893984654,15.193780594759435,2
"3,3,2,1,0,2,1,1,2,0,2,1,3,2,0,1,2,1,1,1,3,3,2,1,3,2,2,1,2,3","92.23,94.92,95.02,89.39,91.05,94.17,91.64,90.22,89.66,88.81,89.77,86.36,92.41,88.98,92.55,91.15,89.47,86.85,98.08,95.92,93.34,91.40,88.25,94.60,93.29,97.83,89.15,87.62,91.35,90.20",54.882388391935855,0.9307403252046847,14.343225099947201,1
"2,1,2,1,3,2,2,1,1,2,2,2,1,2,2,2,3,1,2,1,1,2,2,2,1,1,1,2,1,2","89.89,90.03,85.99,91.50,84.74,83.65,83.27,91.14,87.77,81.40,86.52,93.60,87.15,81.61,92.51,87.15,87.13,93.56,79.84,88.23,89.81,83.00,95.38,88.26,89.58,88.56,93.49,88.83,90.15,86.33",42.29095012581284,1.2513475105744876,15.29093523205848,6
"1,1,0,1,0,0,1,0,1,1,1,0,1,0,1,0,1,0,0,1,0,1,0,0,0,0,0,1,1,1","95.03,95.82,97.95,98.54,96.22,98.80,97.59,97.55,96.69,97.80,99.02,96.04,98.80,97.69,97.04,96.29,96.60,95.97,95.72,97.19,96.92,97.82,95.54,97.16,96.00,95.81,97.63,96.31,97.63,95.92",42.33884487671267,0.8665060623782282,15.159970100603216,2
"1,2,3,2,1,1,2,0,2,1,3,1,1,1,1,1,2,3,2,1,2,1,0,3,1,1,1,3,2,2","95.62,95.12,94.68,95.46,96.65,94.62,93.74,93.36,95.58,94.64,96.32,98.88,99.48,92.04,93.63,99.38,94.93,97.53,95.76,100.00,94.96,94.17,97.86,98.89,95.92,96.39,96.63,93.60,96.52,95.81",59.80923624554732,0.7107539467183195,14.45282087336404,7
"2,2,2,1,3,3,2,1,3,1,1,1,0,2,1,1,1,1,1,2,1,3,2,3,2,2,1,3,1,3","95.07,97.79,96.89,94.42,96.92,95.24,94.85,93.90,95.67,100.00,97.65,95.38,98.43,92.88,97.45,95.36,93.46,94.76,95.38,94.97,95.47,95.06,93.90,96.17,93.34,94.73,95.81,94.81,97.46,96.13",59.12997747179836,0.46145304639500095,15.136170851153215,5
"1,2,0,3,3,0,2,1,1,3,1,0,1,1,1,0,2,2,1,2,1,0,3,2,2,1,0,1,1,2","94.83,92.61,93.19,99.88,94.85,96.50,95.93,96.93,94.61,100.00,94.63,91.60,97.75,97.28,95.92,94.15,100.00,96.48,98.80,96.52,93.29,97.02,97.14,95.06,93.44,95.12,96.86,95.27,93.87,96.20",54.23700329957542,0.7240466698952435,14.791571802070752,3
"1,2,2,1,1,1,1,2,3,2,2,2,2,3,3,1,2,2,2,1,1,1,1,3,3,1,2,3,3,1","88.97,92.86,82.37,92.39,82.28,84.75,88.72,88.55,89.55,89.69,87.92,84.50,90.61,86.98,88.08,88.89,92.59,82.67,87.45,95.80,95.53,88.28,78.66,84.82,88.40,95.36,88.48,88.65,93.59,93.72",22.296069322560896,1.0506142085887318,14.656865520300938,6
"3,2,3,1,3,0,1,3,0,2,2,3,2,0,0,0,2,2,1,1,3,0,3,2,2,2,2,2,3,1","98.52,98.14,94.59,95.48,98.77,93.42,96.63,91.49,94.13,94.27,97.20,93.31,97.92,95.70,97.64,97.06,95.32,96.57,96.88,93.83,96.05,93.34,94.30,96.05,97.81,97.03,97.47,98.08,95.21,99.24",64.60160145965402,0.9823111738303888,14.718527371381393,7
"2,2,2,2,3,1,2,2,2,1,2,3,2,1,1,1,2,1,2,3,1,3,2,2,3,2,3,2,1,2","99.58,98.42,99.67,97.64,97.92,97.15,98.07,97.80,97.35,97.73,98.01,99.20,97.99,98.03,98.76,98.89,98.70,97.96,96.78,97.63,98.81,97.94,99.89,97.82,97.70,99.22,98.23,98.99,97.49,98.07",63.5664427326573,0.9600550719702249,14.279160713345568,0
"2,1,3,0,1,0,2,1,1,0,3,2,1,2,3,1,1,2,3,2,1,1,1,2,2,2,2,1,1,0","96.01,100.00,98.36,95.77,96.94,99.92,95.78,98.13,97.90,95.50,95.40,96.32,96.27,95.28,95.99,98.53,93.82,97.46,95.80,93.75,96.13,97.27,95.59,97.54,98.41,97.54,96.14,96.03,91.46,99.95",50.73382417025515,0.7875634008596861,15.455057338015397,3
"3,3,2,1,1,2,3,2,2,2,1,2,2,1,3,1,2,2,3,2,2,3,2,2,1,2,2,2,2,3","88.58,90.30,86.59,87.39,86.20,87.73,83.73,91.99,93.72,88.74,91.76,87.78,77.16,87.03,88.04,85.64,83.16,90.12,83.90,87.96,91.38,90.08,93.04,85.82,87.49,91.02,95.60,93.78,93.07,95.60",28.11066307220093,0.7090119640567235,14.899657370540304,6
"1,2,1,2,3,2,2,2,1,2,2,1,2,2,1,2,2,1,2,2,1,2,3,2,2,1,2,1,2,2","97.51,97.19,97.86,97.00,98.43,98.32,98.07,98.89,99.46,97.10,98.26,97.58,98.56,98.58,96.67,97.89,97.45,99.12,98.53,98.37,97.52,97.96,97.04,98.20,98.74,98.39,97.34,97.36,100.00,97.13",66.20643422026957,0.7679747601092397,15.065673642311696,0
"1,2,1,3,1,2,2,2,1,1,1,2,2,2,2,1,3,1,1,1,2,1,2,2,2,2,2,2,2,0","96.85,97.79,90.89,95.07,95.96,94.63,96.02,95.84,98.53,93.92,97.50,98.11,96.86,98.34,95.19,95.77,94.41,96.14,98.95,94.85,97.00,95.38,96.29,96.50,94.30,97.34,94.26,100.00,97.06,94.61",62.42687816890883,0.5562554030222597,14.575833022843405,4
"2,2,2,2,3,1,3,3,2,2,2,3,2,2,2,2,2,2,2,2,1,2,2,1,2,3,3,2,3,2","97.61,96.02,98.10,97.57,97.85,98.73,98.02,98.46,97.90,98.19,98.44,98.99,97.18,99.34,97.51,96.80,97.27,98.92,97.47,98.77,97.32,97.07,98.57,96.59,99.02,98.38,97.45,96.52,98.79,98.17",58.42507473698221,1.050129187582724,14.895551019484262,0
"1,1,1,3,1,1,3,2,1,1,1,3,2,2,1,1,3,3,2,2,1,2,1,2,2,2,1,1,1,2","88.60,81.82,79.73,85.75,95.36,80.73,88.50,95.86,86.55,87.12,85.35,89.69,87.17,90.68,93.78,94.28,83.76,87.84,86.90,84.46,91.22,88.54,85.67,88.08,91.87,91.81,88.73,86.62,95.29,85.72",45.31495896940958,0.8900541825732371,15.44099119973776,6
"0,0,0,0,1,1,0,0,1,0,0,0,1,0,1,1,0,0,1,1,0,1,0,0,1,0,1,0,1,0","97.23,98.15,98.28,96.53,95.69,98.26,97.75,98.00,97.69,97.73,99.66,96.72,96.44,99.15,97.59,98.50,97.26,96.62,98.08,95.49,97.17,96.88,96.51,98.08,97.48,98.16,96.00,98.25,94.65,97.22",47.84478467788317,0.7658418809584343,15.552627383476413,2
"2,2,2,2,3,3,1,2,1,3,2,3,2,2,1,3,3,1,3,2,2,1,1,1,2,3,2,2,2,1","98.24,97.98,97.34,98.79,98.20,95.30,97.69,98.11,97.95,97.56,97.98,97.95,98.81,97.11,97.16,98.01,97.04,98.24,97.04,96.33,97.20,98.30,99.43,97.35,99.24,97.81,97.48,98.08,97.99,97.99",76.2187572396191,0.8460410817671438,15.400704209586275,0
"2,2,2,2,1,2,1,2,2,2,2,2,1,2,2,2,3,2,3,2,2,3,2,2,2,1,3,3,2,2","96.95,97.84,99.64,96.49,98.53,97.80,98.89,98.71,97.83,97.15,98.76,98.52,97.23,98.26,98.68,97.78,98.85,97.12,97.01,97.21,97.52,98.56,96.80,99.15,97.37,97.92,98.11,96.31,97.82,97.74",79.72175324110417,0.693637721235382,15.376638920046238,0
"1,2,1,1,2,1,1,1,2,2,2,0,0,1,1,1,1,1,3,1,2,2,0,3,2,3,2,0,1,2","94.10,94.54,93.61,97.99,95.51,95.95,95.78,95.49,94.73,95.50,92.10,94.83,94.65,97.54,97.37,94.67,93.50,95.10,97.17,94.24,99.45,97.53,95.43,92.27,94.76,98.11,98.77,92.76,99.16,96.24",67.93905182084418,1.0899212750492528,15.25676023298527,5
"2,1,2,1,1,3,1,2,1,2,2,2,2,2,2,2,3,2,1,3,2,2,2,2,2,2,2,2,2,3","99.69,97.91,98.35,96.35,96.53,97.64,98.50,98.18,97.30,95.85,97.39,99.16,99.36,97.14,97.79,97.69,98.83,96.73,97.63,98.27,97.53,97.84,96.19,97.89,97.48,96.95,98.76,99.04,98.51,98.21",67.73324205481738,0.8918173745626409,14.499850376271949,0
"2,2,1,2,2,1,2,1,1,2,2,3,1,2,1,3,1,2,2,2,2,2,3,2,1,2,1,3,3,2","92.24,79.95,87.36,92.30,84.90,86.31,90.59,86.24,90.43,92.36,85.01,86.91,98.36,84.92,86.74,92.44,83.49,83.92,81.13,86.61,86.47,85.99,87.26,85.36,91.19,89.91,85.51,88.99,90.64,84.08",50.74070466838249,1.0643834376415857,14.90523293120976,6
"2,2,2,3,2,2,2,2,1,2,2,2,2,2,2,1,2,2,2,3,3,2,3,2,2,1,3,2,2,3","98.02,98.58,98.58,97.09,99.34,96.64,97.43,98.57,97.15,97.35,98.06,98.12,97.66,98.32,97.92,97.34,97.51,97.96,97.25,100.00,98.31,98.18,98.11,99.17,99.60,98.10,98.33,97.03,97.28,97.33",60.694327254282555,1.0355913666745897,15.226640599883414,0
"2,2,2,3,1,1,2,3,2,1,2,2,1,1,1,1,0,1,1,2,0,1,0,0,2,3,2,0,2,1","96.30,95.73,97.30,93.64,98.14,93.92,96.25,95.76,93.59,94.01,94.76,96.46,96.68,94.36,95.17,93.76,93.74,95.00,97.78,95.37,95.21,94.14,99.25,95.66,98.34,95.93,98.11,92.00,96.85,97.38",71.50294845440008,1.055427532978952,14.959547860514451,5
"1,1,0,2,1,0,0,0,1,3,3,2,1,3,1,3,1,1,3,2,2,3,1,2,2,1,1,2,1,1","98.44,92.35,95.47,88.77,85.14,89.34,94.48,96.22,93.33,91.18,88.49,100.00,90.62,92.88,94.75,91.13,93.59,84.43,94.67,88.71,89.78,86.29,95.46,93.83,92.86,90.08,94.85,95.25,91.48,93.78",41.33280440864902,0.6698625366714535,14.436722800557508,1
"1,2,2,1,3,2,2,2,2,2,3,2,3,2,2,2,2,2,2,2,2,3,1,2,2,1,3,2,3,2","88.37,82.87,84.99,85.70,85.17,89.37,89.14,93.49,84.85,91.35,90.76,87.37,92.65,85.02,82.33,91.70,86.97,81.79,80.70,85.84,92.71,91.36,92.79,79.36,89.94,88.03,88.14,84.47,87.90,81.95",31.387560984630674,0.7744015272460429,16.120495029820948,6
"0,0,0,2,0,0,2,0,3,0,1,1,2,2,2,1,2,2,1,3,1,1,1,0,1,1,3,3,1,2","96.69,95.21,97.94,96.54,95.04,93.27,96.31,94.25,96.79,93.57,93.34,96.50,98.69,97.32,96.01,94.42,98.04,92.93,94.33,95.99,93.90,99.50,94.98,93.79,98.36,96.15,93.22,99.32,97.80,95.52",53.54706083979856,0.8179116574447983,14.889546703369545,4
"0,1,1,2,2,0,2,2,0,0,2,3,3,1,2,2,1,1,2,1,2,2,1,1,2,2,1,1,1,2","97.62,96.71,97.74,96.87,96.91,98.44,96.45,98.27,94.54,98.14,95.29,98.48,94.13,99.33,96.25,95.53,94.22,95.13,93.21,93.96,99.40,96.98,96.37,96.02,95.40,94.03,97.43,99.18,94.56,94.53",48.16025829692778,0.7600322594509316,14.52757438289421,5
"1,1,0,2,2,2,1,1,3,1,1,1,3,2,3,3,2,3,2,1,2,2,2,3,0,2,3,1,3,0","93.70,89.29,88.07,96.19,90.21,93.65,94.34,94.47,94.55,92.86,92.34,95.21,96.85,92.09,99.37,91.55,91.13,95.05,92.29,93.26,89.64,89.06,90.77,94.48,82.43,93.29,94.30,91.11,90.46,91.02",71.62153398451996,0.7301979810240342,15.004610747820669,1
"1,3,3,0,3,3,2,3,1,1,1,2,0,1,1,1,1,2,2,2,1,2,2,0,1,1,0,2,2,1","95.43,95.78,95.50,97.75,93.56,97.23,94.21,97.13,98.44,93.61,95.13,100.00,93.33,97.73,94.57,97.27,95.30,96.13,94.27,92.28,98.07,98.39,96.63,97.29,95.96,95.40,97.73,95.16,96.65,97.36",54.27305297998306,1.1543948891909157,14.818200852638029,3
"2,2,3,2,3,2,3,1,3,2,2,2,2,1,3,1,2,2,2,1,2,2,2,3,2,3,2,2,2,1","98.35,96.44,98.99,98.04,98.32,98.73,97.92,99.49,96.79,98.66,97.84,98.72,98.03,97.60,98.57,98.79,99.14,96.25,97.82,98.33,97.67,98.78,97.44,97.35,97.73,97.46,98.83,97.62,99.54,97.67",80.78645775064443,0.7635588238470622,15.31891276721211,0
"2,3,1,2,3,3,2,2,3,2,2,2,3,2,2,1,2,2,2,3,2,2,2,2,2,2,2,2,2,2","99.66,96.91,97.42,97.86,99.05,98.22,97.92,97.80,97.72,99.22,98.62,98.74,97.15,98.48,98.55,97.64,97.80,97.73,98.09,96.78,97.62,97.60,98.41,99.44,98.42,98.63,97.35,99.51,99.51,98.51",58.73475698459481,0.897814882301794,14.993930987473668,0
"3,2,3,3,1,3,2,2,2,3,1,2,2,2,2,1,2,1,2,1,1,1,2,2,2,2,1,1,1,2","98.63,99.49,97.83,98.48,98.17,97.97,97.30,98.02,98.51,96.52,98.61,97.64,98.28,97.98,97.63,98.15,95.90,98.23,96.96,97.42,97.31,97.74,97.05,99.14,97.88,97.49,98.95,99.74,98.41,98.29",70.86181685373799,0.6180370654268675,14.930815374932553,0
"1,2,2,1,3,2,2,2,2,3,2,2,2,3,3,2,2,2,2,2,3,2,2,2,3,2,2,2,1,2","97.44,98.19,96.11,99.42,99.10,97.37,99.50,96.87,97.42,98.23,98.05,97.62,98.33,96.88,98.89,97.71,98.21,97.90,97.36,99.22,97.25,96.98,99.03,98.13,97.49,96.87,98.67,98.03,98.34,98.00",63.43406912741609,0.7196746220403939,14.894048958170767,0
"1,2,2,2,2,0,0,1,1,1,1,1,2,2,0,2,1,1,1,1,2,2,1,3,0,3,1,2,1,1","91.77,93.46,94.18,93.68,92.11,89.26,90.85,88.89,93.95,95.60,92.76,89.24,94.89,93.39,89.86,96.50,88.77,96.59,93.89,92.54,93.48,92.27,90.03,94.01,90.31,91.96,88.34,85.14,91.76,90.07",60.09063477120038,0.8617458346267316,15.021322590312584,1
"1,1,2,1,1,2,2,3,2,3,2,1,3,1,0,3,2,1,1,1,2,1,2,3,2,1,1,2,2,3","92.88,87.84,91.67,92.86,98.15,90.54,95.37,91.78,88.31,92.76,94.57,87.86,95.47,92.07,96.60,91.99,95.45,92.81,90.56,94.08,89.19,92.35,95.00,91.25,89.40,88.67,93.74,90.88,90.35,89.82",20.438445258595955,0.9336270470786676,15.071923161212545,1
"2,2,1,3,2,2,1,2,2,2,2,1,2,3,2,1,2,3,1,2,1,3,3,1,2,1,2,2,2,1","98.97,98.30,99.09,97.24,97.90,97.36,97.94,100.00,97.93,97.80,98.12,97.77,99.41,98.79,97.59,99.31,98.91,97.34,97.29,97.03,98.41,98.55,99.69,97.62,98.49,96.73,98.85,99.63,98.34,98.81",73.01174814588111,0.8043973970927752,15.440567633148435,0
"1,2,3,3,3,2,1,2,2,1,2,2,2,2,2,2,2,3,2,2,2,2,2,3,1,2,3,1,3,2","98.99,96.95,96.83,98.06,98.21,98.62,98.23,96.79,97.64,97.75,98.89,99.43,99.26,99.13,99.64,97.22,98.83,98.01,96.33,98.07,98.24,97.61,96.74,98.35,97.68,99.13,98.16,98.37,97.35,96.14",70.10878723169535,0.7431949294437337,14.533005045546604,0
"3,1,1,1,1,1,1,3,1,1,3,1,3,1,2,1,0,2,0,2,1,2,1,2,0,3,3,2,0,1","95.15,94.35,99.32,93.84,96.79,94.20,92.98,99.91,94.62,98.04,96.68,90.19,97.93,97.00,98.30,97.65,98.66,92.08,92.84,97.73,98.46,92.11,96.45,95.92,93.57,92.06,94.60,96.87,93.58,94.57",67.07914648373138,0.8488224339896152,15.015080611238293,3
"2,1,2,1,2,1,2,2,3,1,1,1,2,2,1,3,1,2,2,2,1,2,2,3,2,2,1,2,2,2","99.17,98.36,97.34,98.55,98.03,97.22,98.38,97.58,99.14,98.28,99.38,97.97,97.58,98.60,97.84,96.17,98.88,97.05,99.74,98.03,97.56,97.40,99.25,98.17,98.23,98.41,97.50,98.85,97.73,98.88",63.23696457189246,0.920885864708201,14.773519336016193,0
"2,1,2,3,2,2,1,2,2,2,2,3,2,2,3,3,1,1,2,1,3,1,2,2,2,2,2,2,2,2","97.93,98.09,96.10,98.75,98.09,98.98,99.03,99.10,99.16,98.87,96.82,98.92,97.75,97.18,96.64,98.22,96.88,98.70,97.13,99.18,98.82,99.33,97.43,97.35,97.48,98.55,97.74,98.74,98.12,97.12",80.62830075195173,0.5261179841880517,14.871715660349533,0
"0,1,2,1,1,0,1,1,2,3,2,1,3,3,3,3,1,1,1,3,1,2,2,0,2,1,1,0,1,2","96.06,92.72,98.02,90.40,88.04,89.70,91.63,93.98,92.36,96.51,93.25,92.05,88.36,95.83,91.04,90.58,97.49,91.47,95.26,92.00,90.62,92.96,91.39,91.23,93.03,93.12,96.66,92.02,100.00,89.31",51.25102854364868,0.7334965058605568,15.426069798069909,1
"0,2,2,0,0,0,2,0,2,2,2,1,2,1,1,0,2,2,1,2,1,3,3,1,2,1,2,1,0,2","98.37,95.82,94.33,96.60,94.25,95.46,94.52,93.90,94.71,98.16,94.26,94.85,96.81,94.60,96.89,94.74,96.73,94.46,95.52,93.57,97.59,96.96,94.67,96.49,95.94,97.62,97.62,97.65,96.07,94.88",78.8927109281586,0.9122316792135018,14.970138772846093,3
"3,2,3,0,0,2,2,1,1,3,2,2,1,2,0,3,1,0,0,0,2,1,1,1,0,3,0,0,3,1","99.25,97.62,94.32,93.39,96.14,92.17,96.06,97.66,99.71,96.02,92.22,98.71,95.07,96.40,95.18,94.89,99.32,95.75,95.87,96.15,96.29,92.94,95.19,97.59,97.51,93.55,96.81,96.15,98.52,95.81",57.34652699649155,0.7720627980032632,15.714086021343608,7
"3,2,2,2,3,2,2,2,2,2,3,1,2,3,3,3,3,3,1,2,3,2,2,3,1,1,3,2,2,2","98.05,97.87,97.39,97.43,98.87,98.71,98.96,97.87,98.99,97.32,98.40,97.40,97.10,98.23,99.46,98.03,98.00,98.29,97.38,97.20,97.29,98.63,98.56,98.74,98.84,98.47,97.13,99.44,97.85,98.40",65.6060697412018,0.9401625881555045,14.7154195228242,0
"3,2,2,2,2,2,3,1,3,2,3,2,1,2,2,2,1,2,3,3,1,2,2,1,2,2,2,2,2,3","98.96,97.77,97.62,97.36,96.21,96.60,98.26,98.15,97.00,97.26,96.77,98.11,97.03,97.56,96.76,98.05,97.65,99.07,97.93,96.73,98.58,97.19,98.95,98.95,98.87,98.67,98.43,97.68,98.37,98.18",63.108287308123195,0.7363707268744136,14.946734586158572,0
"2,3,2,2,2,2,2,3,2,2,1,2,3,3,1,2,1,1,3,2,2,2,1,3,3,2,3,1,2,1","99.14,98.65,98.54,98.38,98.13,98.94,98.22,97.43,97.48,97.71,98.11,97.56,97.82,98.66,97.61,96.49,97.50,97.20,98.04,96.82,97.51,99.23,99.31,97.84,96.95,98.94,98.26,98.19,97.64,98.29",57.518944996954176,0.7510524889398823,15.250006324314988,0
"2,1,2,1,1,2,2,1,1,2,3,3,2,2,2,3,2,1,2,2,2,1,2,2,2,2,1,1,1,1","98.40,99.85,98.55,98.14,98.12,98.75,96.80,99.36,97.36,98.91,99.05,96.66,97.91,97.62,97.50,98.18,98.39,97.97,97.86,97.97,96.72,97.61,98.71,98.21,97.74,98.61,98.54,97.11,97.14,97.64",79.02571268125479,0.7947018050932803,14.993186405366032,0
"2,2,2,2,3,2,2,2,1,2,2,3,2,1,1,1,2,2,3,1,1,2,2,2,2,2,2,2,2,1","95.91,98.15,99.32,97.52,97.30,96.46,97.67,98.22,97.06,98.90,97.23,98.44,97.83,98.40,99.23,98.35,97.50,97.38,97.25,99.26,96.61,98.53,97.72,98.52,97.95,96.73,97.25,99.10,97.11,97.25",71.29464303961772,0.5749719114187634,15.332160987678,0
"2,1,2,3,1,2,2,3,2,1,1,3,2,2,2,2,1,2,2,2,3,2,3,3,2,1,3,2,2,2","98.55,98.85,98.35,97.68,97.96,97.65,97.19,97.86,98.51,98.18,97.91,97.75,97.05,98.79,98.84,98.49,98.66,98.92,97.64,97.80,98.20,98.54,99.17,97.77,97.58,99.11,98.50,98.66,97.27,96.93",63.558418868567806,0.853360564317899,15.063169397547805,0
"1,2,2,2,1,2,2,3,2,1,2,1,2,1,2,2,1,2,2,2,2,2,2,2,1,2,2,2,3,2","98.78,98.20,97.39,98.77,99.69,98.54,97.97,96.85,98.58,98.99,97.09,98.60,96.60,98.15,97.37,98.31,98.52,97.88,98.59,97.68,98.37,98.30,98.31,98.32,97.04,97.71,97.49,98.81,97.86,98.82",65.78180705460288,0.687180299949181,15.220695826515106,0
"2,2,2,2,1,2,2,3,1,1,2,1,3,2,2,2,2,2,2,2,1,2,2,2,2,1,3,2,2,1","98.33,98.11,96.30,97.66,97.90,96.86,100.00,97.05,97.16,99.06,95.94,99.46,97.88,98.41,97.90,97.69,98.83,97.31,98.36,98.01,98.37,99.11,97.36,98.18,98.46,97.50,96.96,99.31,97.34,98.44",79.5007092762574,0.637053398701479,14.873462883878885,0
"1,3,2,2,3,3,2,3,3,2,2,2,1,2,1,3,3,2,2,2,2,3,3,1,3,1,1,2,2,1","98.17,97.47,97.35,98.47,98.27,97.83,97.06,97.61,98.11,97.46,97.40,100.00,97.78,97.76,99.17,97.42,98.31,98.97,98.21,99.05,99.17,98.25,96.08,98.17,98.95,97.48,98.77,97.40,96.81,97.04",66.5787666666605,0.952315556920887,14.80703641162235,0
"1,3,1,0,1,0,1,1,2,1,3,1,1,1,2,2,2,3,3,3,0,1,1,1,1,3,1,2,3,3","95.86,91.91,85.67,90.03,87.68,92.90,93.71,85.86,94.13,89.86,88.93,90.28,90.84,92.35,94.84,93.93,95.87,91.66,93.68,90.69,87.30,87.87,99.68,92.33,96.38,90.88,91.36,91.63,94.19,93.63",39.66146397134551,0.9249208502296693,14.943573529233829,1
"2,2,1,0,3,3,1,0,2,2,2,2,2,1,3,2,3,1,1,1,0,0,3,0,3,2,0,1,2,2","94.75,100.00,100.00,98.63,97.04,91.98,96.44,96.12,99.90,94.36,98.53,96.77,99.50,94.50,94.83,95.23,93.71,97.12,99.21,94.10,95.42,99.53,96.27,96.44,99.71,95.23,94.70,96.76,96.43,96.15",54.89694681239407,0.7029159846859281,14.807848723843215,5
"2,2,3,2,2,2,2,3,2,2,2,2,3,2,2,2,1,3,1,2,2,2,2,2,3,1,3,3,2,2","97.55,98.54,97.17,96.88,97.77,97.73,98.13,98.69,98.64,98.32,98.69,98.25,98.75,96.86,97.84,97.41,98.91,99.81,96.55,97.95,98.38,97.90,99.18,98.59,99.00,96.42,97.52,97.29,97.07,98.19",72.73687693616496,0.7017462134945586,15.237790170510793,0
"2,1,0,2,0,2,1,1,2,2,1,2,3,1,2,2,1,1,1,0,2,2,2,2,2,1,0,2,1,1","93.58,97.40,96.64,93.35,94.56,94.77,91.06,93.51,93.24,97.73,100.00,95.11,93.96,96.54,97.27,97.81,95.09,96.31,95.95,97.48,95.01,92.33,93.32,97.52,97.16,94.71,96.53,96.08,98.36,98.65",68.8847289345972,0.7820742354209828,15.44274309924402,3
"0,1,1,3,2,3,1,0,3,3,2,1,2,0,2,2,3,0,1,2,2,0,2,0,0,1,1,1,3,1","95.91,98.76,97.79,90.09,96.65,95.61,92.91,97.17,97.04,93.56,96.55,98.16,94.66,94.96,96.41,96.59,97.79,96.79,93.87,94.87,96.37,98.33,93.86,91.46,97.22,95.31,93.32,92.24,94.36,100.00",56.723864930864835,0.8380312917796878,15.474617796085202,3
"2,1,3,2,2,1,1,2,2,2,2,2,1,2,1,2,2,2,1,2,2,2,1,2,2,1,3,3,2,2","98.55,97.75,97.71,97.12,99.23,97.95,98.76,99.29,98.36,97.11,98.49,98.29,98.55,98.69,97.12,98.35,97.86,98.49,97.84,98.36,98.03,98.43,98.25,97.81,96.91,96.99,97.71,97.21,97.12,97.75",73.1811183253205,0.8386714556754121,15.670669292945183,0
"1,1,2,2,2,1,2,2,2,2,2,1,3,2,2,1,3,3,3,1,3,0,2,2,1,1,1,1,2,1","98.67,93.25,96.80,98.86,95.87,96.72,93.19,94.32,95.46,96.54,94.01,97.85,97.24,97.12,95.27,100.00,94.52,93.44,93.56,94.99,95.42,90.94,95.26,94.22,100.00,93.65,96.73,95.12,94.70,98.50",49.85707388028821,0.6500689025301845,14.171547955908466,7
"2,2,2,3,2,2,2,1,2,2,2,2,1,1,1,2,2,2,1,3,2,2,2,2,2,1,3,2,2,2","97.40,97.54,99.08,97.42,98.01,98.20,97.79,98.34,96.76,98.51,98.14,97.77,98.64,98.56,96.78,97.64,97.63,97.04,97.07,98.72,99.01,98.39,98.79,98.12,97.38,98.29,97.54,99.08,97.32,97.02",78.97920317989595,0.4880369029869564,15.239314928496672,0
"2,1,1,1,0,2,2,1,1,0,1,0,1,1,0,1,1,0,2,3,3,0,1,2,3,1,0,1,2,2","93.43,94.00,96.60,96.15,97.55,96.73,93.18,99.53,95.68,94.33,99.34,96.72,96.39,91.96,97.03,97.56,92.88,95.06,97.55,96.65,97.21,94.14,95.29,96.71,96.89,96.25,95.05,98.39,94.41,91.60",72.66998525853849,1.055352073049073,14.440371088237804,3
"3,0,3,2,2,1,2,0,1,3,2,2,1,3,2,3,3,1,1,0,1,1,0,2,1,3,1,2,1,1","95.67,91.03,91.19,88.36,95.66,90.42,90.39,89.07,89.78,90.24,92.80,90.73,95.70,92.18,96.99,89.00,95.74,91.84,90.00,93.08,95.82,87.31,93.34,94.52,95.07,87.82,91.66,89.85,93.21,93.48",30.171807896716764,0.8398666912758753,14.979524646651681,1
"3,0,2,3,1,2,3,2,0,2,2,1,0,2,1,3,1,2,1,1,1,2,1,3,0,3,1,2,0,1","94.67,97.67,95.66,99.55,96.24,95.68,96.10,99.54,98.79,97.45,97.51,99.16,99.17,93.85,95.76,95.19,95.68,95.44,96.57,95.27,93.44,95.34,93.71,92.72,95.69,95.83,97.07,95.75,96.71,97.87",51.12371337778925,0.7402530808910431,15.59125371668463,5
"3,3,1,2,1,2,1,1,1,2,1,2,2,2,1,2,2,1,0,0,0,1,0,0,0,0,2,1,2,2","94.23,97.37,96.78,93.70,95.68,97.22,94.99,96.58,98.00,98.25,96.29,96.20,98.71,95.25,94.92,96.86,98.30,98.38,96.35,100.00,95.75,95.54,93.68,95.87,94.57,94.87,96.14,96.71,97.05,95.55",77.68455557345888,0.8562706847188544,14.701789691444827,7
"1,2,2,3,2,2,2,2,2,2,2,3,2,2,2,2,2,2,2,2,3,2,2,2,3,2,3,3,2,2","97.56,96.88,98.74,97.08,96.69,98.32,97.84,99.13,97.15,98.38,97.64,98.15,97.80,99.69,96.11,99.23,97.92,99.63,96.85,98.31,98.10,98.41,97.57,96.90,98.47,97.56,97.63,97.34,97.99,98.08",72.9461709582201,0.679880393134446,15.109453481886133,0
"2,2,3,2,2,2,0,1,1,1,0,2,1,1,1,0,1,1,1,2,1,1,1,1,0,1,0,0,1,2","94.32,99.11,95.99,95.88,92.60,97.47,96.92,95.35,94.69,93.68,90.95,96.89,96.61,95.64,94.99,95.90,96.85,99.65,93.73,96.79,94.12,96.57,98.20,96.40,95.04,94.63,95.08,94.29,97.16,99.13",74.00357294293376,0.8044009725346207,14.544236830935066,5
"0,0,1,1,0,1,0,1,0,1,0,0,0,1,0,1,0,1,1,0,0,0,1,0,0,0,0,1,0,0","97.26,95.14,98.38,97.57,99.00,96.00,97.00,99.48,97.37,97.09,97.76,97.42,98.28,96.58,97.03,96.38,97.64,99.41,98.00,97.05,98.33,96.35,96.37,97.06,97.23,96.37,97.87,96.90,95.75,96.84",72.34376095881062,0.7760467225397119,15.51262789296971,2
"1,0,1,2,1,2,2,3,1,2,0,3,1,2,0,3,2,2,1,2,2,2,0,1,2,0,2,1,2,2","96.16,95.58,98.04,95.13,96.46,96.75,94.36,96.70,96.97,95.92,95.65,96.34,96.56,97.50,96.39,99.53,96.83,95.32,97.26,99.34,96.67,94.57,94.21,97.57,96.49,94.64,94.61,94.70,95.29,97.00",56.820025467472185,1.0137949083050601,14.988461376026862,7
"1,1,2,1,3,1,2,2,1,3,0,3,1,1,3,1,2,3,3,1,2,3,2,1,0,0,0,1,2,0","95.63,99.48,94.02,96.25,97.37,95.77,92.92,93.65,95.26,98.25,99.23,92.89,98.07,100.00,92.04,92.72,98.77,98.29,94.10,96.14,98.86,96.33,97.42,96.70,94.47,90.18,96.41,98.96,92.63,98.33",33.819327925633836,0.8114547031366827,14.983719301010622,3
"0,0,0,1,0,1,1,0,1,1,0,0,0,1,1,1,0,0,0,0,1,0,0,0,0,1,0,0,1,1","96.62,97.59,99.12,96.40,96.85,97.48,96.20,97.68,97.03,96.63,97.69,97.89,96.61,98.51,99.06,98.28,98.25,96.15,96.72,97.32,98.01,98.77,97.27,97.17,96.24,97.47,96.69,96.72,97.08,98.03",41.393178000533126,0.7903772017070414,15.566834167361415,2
"3,2,2,1,2,3,2,2,1,3,2,2,2,2,2,2,3,2,2,2,3,2,3,2,3,3,2,1,2,2","97.42,98.26,97.85,98.85,97.73,97.93,99.36,98.43,98.64,97.58,98.54,98.77,97.79,99.35,99.86,97.82,97.40,97.51,98.54,97.86,97.73,96.96,97.36,99.56,99.03,98.87,98.49,97.34,98.83,97.61",63.93939549831907,1.0234305742484744,15.326337582227588,0
"2,2,3,2,2,0,3,0,0,3,1,2,3,1,0,3,2,1,2,3,0,2,0,2,2,2,0,3,1,2","97.22,95.25,97.18,96.46,93.96,97.83,96.57,100.00,95.28,98.22,99.61,95.41,100.00,99.15,99.19,95.30,95.74,94.58,92.07,95.51,100.00,98.20,96.26,92.86,93.77,92.19,95.83,97.43,95.46,100.00",59.53341773572031,0.6052659887982664,14.37769074591563,3
"2,2,2,2,3,2,3,1,3,2,2,2,3,1,2,1,2,2,2,1,2,2,1,1,3,1,2,3,2,2","99.06,97.01,97.72,97.48,96.58,98.07,96.90,97.86,98.75,97.44,99.22,97.98,98.41,98.17,97.87,97.16,96.91,97.62,97.43,98.51,97.38,97.38,98.23,96.95,98.78,98.64,97.74,97.75,97.08,96.34",58.27862228064956,0.5354364570283526,14.939396694312808,0
"2,0,1,0,2,2,2,2,2,2,3,2,3,1,3,1,2,1,3,1,3,2,1,0,1,1,2,2,3,2","95.03,95.02,98.08,94.80,93.90,97.81,93.46,95.39,98.60,95.60,96.91,92.28,95.11,96.37,98.25,95.64,96.16,97.11,93.26,93.12,97.46,94.79,98.92,93.18,95.44,93.81,94.85,96.49,96.44,96.50",61.22899335622241,0.9554938172507005,15.419001881892292,5
"1,1,0,1,1,1,2,1,2,3,2,0,0,2,2,2,0,3,1,2,2,3,2,2,2,2,0,2,2,3","95.91,93.25,96.41,97.92,94.45,96.75,94.09,95.94,97.83,96.00,100.00,95.45,92.41,97.24,96.14,92.67,95.18,96.97,100.00,96.36,95.07,95.99,92.27,96.05,95.35,100.00,95.35,96.40,95.35,96.04",61.91408704912581,0.8175927077431264,15.111150583628563,7
"2,2,1,2,2,1,1,2,2,2,1,3,3,2,2,2,2,2,2,3,3,1,1,3,2,2,2,3,1,2","99.41,97.89,98.03,98.89,95.82,98.21,98.55,97.47,98.69,97.53,98.55,98.06,99.43,97.26,97.83,99.43,96.46,97.80,98.57,99.00,98.03,97.80,98.38,98.03,98.67,98.12,98.17,97.47,96.40,99.95",76.33441994386176,0.713389252513791,14.708023618328868,0
"3,2,2,2,2,0,2,1,2,3,2,3,3,1,1,1,2,1,1,3,1,3,3,1,3,1,3,1,2,3","95.85,96.27,96.22,97.76,93.54,96.08,99.13,93.25,96.88,93.43,96.57,95.17,97.40,96.29,93.67,99.49,91.37,98.36,98.78,95.82,93.98,98.72,98.26,95.64,97.18,100.00,96.19,95.87,95.45,93.58",42.01472145809562,0.663082655467199,14.852778768811936,7
"0,3,1,2,3,1,3,0,3,1,2,2,0,1,2,3,3,1,3,2,2,2,0,1,0,1,0,1,1,1","90.22,92.64,90.60,91.03,88.78,88.18,93.24,91.97,94.19,94.27,90.56,96.80,91.30,91.79,93.35,94.80,94.32,89.52,97.98,91.98,94.55,85.23,90.69,93.68,90.77,93.85,91.55,90.46,99.78,92.46",62.265724716277404,1.113033727259104,15.420671411954897,1
"1,1,1,3,2,1,1,3,2,2,1,1,0,1,1,1,3,1,2,0,1,2,2,1,1,3,0,2,0,3","91.21,96.75,92.26,95.54,92.27,94.87,92.66,93.42,93.40,92.62,90.24,89.94,92.38,92.17,90.46,93.49,91.44,93.21,94.08,92.37,93.82,94.58,94.18,94.52,92.83,90.56,91.27,93.20,90.31,93.14",59.922870879895726,1.0382355007497452,14.544081817443821,1
"1,2,2,2,1,2,2,3,1,3,3,1,2,2,1,1,1,2,2,2,2,1,2,3,3,1,2,2,1,1","88.63,90.27,91.82,86.53,86.07,93.27,91.05,98.11,85.77,84.49,82.36,85.01,87.40,86.97,89.53,87.47,82.66,82.97,89.87,80.42,83.21,85.33,86.48,89.20,87.23,95.08,90.21,90.75,91.70,99.16",51.85233149368522,1.0557942158022409,15.546901198767337,6
"0,1,2,3,1,1,1,1,0,2,1,2,3,3,2,1,0,3,2,3,0,0,3,1,0,3,3,3,1,1","93.76,94.98,92.81,96.73,95.82,94.54,96.10,97.84,99.46,96.87,95.94,92.48,93.23,97.40,94.10,95.65,94.46,97.22,98.27,92.74,98.97,91.38,98.12,98.24,95.99,97.45,98.58,97.71,94.38,98.16",70.82226226780206,0.8426334341729966,14.916578116579698,4
"2,2,3,2,2,2,3,2,2,2,2,3,2,1,2,3,2,1,1,2,2,2,3,2,3,3,2,2,2,2","96.95,97.14,96.74,97.60,99.04,97.37,97.56,98.78,97.91,97.52,96.36,99.67,96.99,99.01,98.67,98.35,98.34,96.03,96.21,98.19,97.93,97.65,98.25,96.75,97.80,96.90,99.75,99.09,97.55,98.96",64.45462577779638,0.701287599152598,15.180859512906347,0
"2,3,1,1,2,2,2,2,2,2,2,1,1,2,2,2,2,2,2,2,2,1,2,1,2,2,2,1,3,1","96.75,98.84,98.38,99.04,97.53,98.37,99.21,99.45,97.38,98.52,97.73,98.42,96.69,97.67,97.36,98.74,97.47,97.14,99.62,97.69,98.07,97.79,98.72,98.74,98.24,97.75,98.71,98.27,97.48,98.12",60.84218431681298,0.9733341852704425,14.928542405468502,0
"3,1,1,1,2,2,3,2,3,0,2,0,2,2,1,2,2,3,3,0,2,3,3,0,2,3,1,1,3,0","98.03,98.09,96.61,98.97,99.31,95.41,95.96,99.87,95.53,97.33,100.00,95.90,98.41,95.29,98.14,97.79,100.00,98.35,94.32,96.99,99.62,98.20,97.10,97.51,97.45,93.33,93.13,95.62,96.82,94.77",64.18903207068608,0.8384534249314949,14.268449532386258,5
"0,1,3,1,0,0,2,2,1,2,3,2,1,0,0,2,0,2,2,2,2,1,1,1,0,0,1,0,2,1","96.73,95.40,99.49,94.79,94.12,96.93,95.15,96.28,93.66,93.04,96.81,96.47,95.62,97.72,95.50,96.86,96.96,96.74,97.77,94.23,96.93,98.85,96.12,95.76,95.58,96.32,93.14,95.60,96.38,99.38",66.5943494295631,1.006940433867827,14.86460163088225,4
"2,3,3,1,2,3,3,2,1,2,0,2,0,3,2,1,1,0,0,2,0,3,2,1,2,0,0,1,3,2","94.61,98.21,98.09,96.64,95.09,97.87,94.51,93.96,95.66,96.95,96.37,95.52,93.26,95.48,93.43,96.48,97.05,95.98,96.78,99.13,95.49,95.38,94.48,98.64,96.86,97.37,95.80,99.55,97.00,94.71",57.48604555828642,0.7643509291533241,15.289403482446541,5
"0,3,2,1,1,1,1,3,1,1,2,2,0,1,3,2,1,2,2,3,1,2,2,2,2,2,1,2,2,2","99.90,93.09,91.70,91.91,97.50,92.49,91.59,93.07,92.49,90.71,92.45,88.06,92.11,88.87,86.07,95.70,94.04,89.42,89.09,96.33,90.76,92.91,94.64,91.87,97.63,92.40,92.40,95.08,95.15,95.66",60.34581897708205,0.8724626307704049,14.638343658699293,1
"2,3,1,1,3,1,1,2,2,3,2,2,2,1,3,1,0,3,2,2,1,0,3,1,1,1,3,3,0,2","91.45,92.93,92.71,89.87,86.53,89.86,89.25,92.77,90.91,95.37,92.74,94.17,96.64,99.06,87.55,91.98,88.93,93.08,89.89,91.88,92.66,89.54,90.13,98.43,92.46,90.03,91.89,93.95,93.39,94.99",28.440236106419338,1.0494097226123797,14.371912894925549,1
"1,2,2,3,1,2,1,1,2,1,3,3,1,2,1,3,3,2,1,0,0,1,0,0,2,2,3,1,0,0","89.37,97.50,89.69,92.26,90.31,95.01,92.85,91.68,90.25,96.09,95.11,91.85,90.22,95.14,92.71,87.99,98.42,89.80,94.39,97.16,98.01,96.75,93.93,96.81,90.00,86.37,93.03,87.73,88.93,93.17",44.5273911494347,0.9533669835568335,14.963486368552868,1
"1,3,2,2,2,2,3,2,3,2,2,2,1,1,1,3,2,3,2,2,2,3,2,2,2,2,2,2,2,3","97.84,98.35,97.55,98.21,97.63,98.05,97.52,99.13,99.40,97.43,99.34,98.79,98.50,99.38,98.65,99.12,98.29,97.85,97.67,98.03,98.74,97.20,96.72,98.76,96.84,97.81,97.81,97.68,98.23,98.06",62.57744298565565,0.7255709810089027,15.727179750581163,0
"2,2,2,2,3,2,2,2,2,2,2,3,1,2,2,2,3,3,2,3,2,2,1,2,2,1,1,2,2,2","96.80,99.16,98.00,98.07,97.72,97.29,98.29,98.87,97.31,97.18,98.31,98.27,98.03,98.22,97.97,99.96,98.17,97.64,99.54,98.27,97.70,98.13,97.22,98.09,97.98,97.04,97.53,97.70,96.90,97.68",71.68553947205557,0.7464864484932856,15.385899641397867,0
"1,1,2,2,2,0,1,1,3,2,2,2,1,3,2,1,1,2,0,2,1,3,0,2,1,1,1,0,0,3","92.61,94.12,94.53,98.99,98.22,96.38,94.51,97.63,99.60,94.68,95.81,92.68,95.23,94.23,97.07,91.31,96.19,91.71,95.46,98.83,95.94,97.47,97.19,94.99,95.94,96.77,97.13,99.41,97.18,93.09",57.60982320271443,0.6621014037576838,14.221970567698031,3
"1,3,3,2,1,2,0,1,3,2,1,0,3,1,2,1,3,3,3,3,0,3,3,1,3,2,1,2,1,2","96.25,95.23,96.93,92.50,95.22,97.56,98.54,97.01,98.07,98.23,98.56,98.07,95.73,93.87,98.22,95.90,92.61,94.48,98.41,95.82,93.42,94.79,94.37,95.25,99.80,99.32,100.00,95.02,90.62,96.14",49.885340199817634,0.970570299790961,15.79227100908785,4
"3,3,1,2,3,2,2,1,0,1,3,3,2,2,0,2,1,2,2,3,3,1,2,1,2,2,2,2,2,1","95.48,99.62,95.30,97.17,94.83,96.62,97.33,96.33,97.07,94.49,95.54,97.83,98.45,96.52,100.00,94.96,95.80,96.60,93.76,92.95,97.24,95.05,95.38,95.67,94.89,94.42,95.91,94.47,97.00,97.46",72.67759114349543,0.8138204103543326,15.204755479694928,5
"2,3,1,2,1,1,2,1,1,2,2,3,1,2,3,0,2,2,2,1,1,2,1,0,1,2,1,2,2,3","94.94,98.07,100.00,98.14,95.22,98.37,96.20,96.84,94.53,94.31,95.91,94.25,94.36,94.63,97.81,95.65,95.74,95.91,91.99,98.71,94.81,93.12,93.57,95.22,96.15,95.48,96.32,96.59,95.70,95.53",71.13899358389054,0.965006006566233,15.388334181880927,5
"1,1,2,0,1,2,3,1,3,3,1,1,2,2,2,1,1,1,2,2,2,1,2,1,2,1,2,1,1,2","99.88,95.69,95.71,90.13,96.85,98.57,96.77,98.88,96.78,99.12,98.37,96.22,90.72,96.70,94.57,95.76,95.13,97.09,93.08,91.93,95.70,98.18,95.20,95.71,96.01,99.44,92.07,95.95,93.70,96.96",58.09797229952629,0.5991047566670856,15.38979220147455,4
"2,1,1,3,2,2,2,2,3,1,2,2,2,3,2,3,2,2,3,1,3,1,2,2,3,1,2,3,3,3","98.54,99.21,98.29,96.64,98.89,95.51,98.51,97.23,96.71,98.32,97.47,98.76,97.81,97.53,99.46,98.24,98.29,98.12,97.64,98.50,100.00,98.30,97.23,98.03,97.44,97.00,98.34,98.25,97.77,98.24",65.8004760667361,0.8853772928232174,14.558887490920513,0
"1,3,0,2,3,2,2,1,2,0,1,3,2,1,1,3,2,1,1,1,1,1,1,3,1,2,0,2,1,0","97.86,92.77,97.31,95.67,98.52,95.54,93.08,93.13,94.63,97.11,98.73,96.99,97.92,97.29,95.31,96.19,96.85,95.68,96.00,93.37,96.17,96.78,100.00,98.01,96.73,93.57,97.09,96.71,96.69,98.16",53.0561211176766,0.7409928879095972,15.2359228580452,3
"1,3,0,3,0,0,1,1,1,3,3,0,1,1,2,1,0,0,1,1,2,2,3,1,2,3,1,2,0,1","96.53,92.73,96.08,97.87,94.48,94.50,93.50,94.76,96.31,94.83,100.00,98.98,96.52,96.72,94.66,95.31,95.25,96.18,96.32,100.00,100.00,97.53,98.10,97.97,96.72,93.39,95.40,96.84,95.28,95.50",67.1810609157233,0.8718957301112547,15.295233398395954,7
"2,2,1,3,1,2,1,1,2,2,2,3,2,3,2,2,2,1,2,1,2,1,2,1,3,2,2,2,3,2","80.67,90.06,83.06,85.38,81.59,89.77,82.89,89.88,90.14,90.32,82.55,89.55,92.38,92.86,89.92,90.38,88.23,86.40,84.59,89.95,85.91,89.58,82.26,83.66,93.36,87.10,87.26,82.67,87.64,79.44",32.032438354392156,0.577365493299943,15.01367532490559,6
"3,0,1,1,0,1,1,1,1,2,2,2,0,2,0,1,0,1,1,0,2,1,1,2,2,0,2,2,3,0","97.39,96.61,94.50,94.60,96.51,91.09,96.60,94.66,93.58,96.91,95.98,96.77,96.70,92.49,99.09,94.20,97.05,91.20,94.83,94.02,93.12,93.35,95.19,96.53,96.39,94.99,95.96,94.30,95.28,94.27",60.92599983964962,0.9386376968561556,14.851276888024353,7
"1,3,1,2,3,2,2,2,2,1,3,3,1,2,2,2,2,3,2,1,3,3,2,2,3,2,3,2,2,1","98.27,97.45,99.28,97.92,98.23,99.00,97.42,98.87,96.84,98.36,98.84,97.27,96.07,97.81,97.94,97.79,97.71,97.03,97.34,96.75,98.84,98.39,97.72,98.08,98.76,98.62,96.45,97.14,97.58,96.52",62.84462069125658,1.030623834762868,14.44128219330074,0
"1,0,1,1,1,1,0,0,1,0,0,0,0,1,0,1,0,0,0,0,1,1,1,1,0,0,0,0,1,0","95.87,96.64,98.56,97.19,95.90,95.23,98.48,96.72,95.78,96.91,96.61,96.05,98.71,98.67,98.32,97.77,96.28,95.58,95.57,96.44,97.88,97.43,97.54,98.09,97.34,96.46,97.75,97.77,95.82,96.77",73.16582012935342,0.7200053160109635,14.84671814117113,2
"3,2,1,2,2,2,2,2,2,1,3,2,2,3,2,1,2,2,2,2,2,1,2,1,2,2,2,2,2,2","96.95,98.84,97.85,96.87,98.10,100.00,98.80,96.55,98.27,99.04,99.02,97.10,97.68,99.39,97.77,96.56,96.95,98.55,99.16,96.89,98.79,98.74,99.24,97.93,99.09,99.52,98.59,98.95,99.37,97.23",71.1834765164697,1.0799742174694051,14.826225395819845,0
"3,2,2,2,3,2,1,1,2,1,2,2,2,3,2,2,2,2,3,2,2,2,1,1,1,2,1,1,1,1","97.09,98.73,98.70,99.05,97.98,97.65,97.99,98.02,99.18,97.89,99.08,99.23,98.22,96.61,98.47,96.92,98.39,97.76,97.97,98.14,96.84,98.44,98.84,98.97,96.46,99.28,98.72,98.20,98.98,97.94",58.618554786179246,1.0140123211911216,14.51277455446443,0
"1,1,1,2,2,2,1,2,1,2,2,1,3,2,2,3,3,0,3,0,3,2,2,1,2,1,0,3,2,1","97.97,96.20,91.98,95.70,96.89,93.92,98.29,96.49,94.30,95.92,98.73,96.02,98.14,96.18,96.68,94.84,98.20,93.66,97.44,94.56,96.02,98.68,96.73,98.38,95.98,94.62,95.32,100.00,98.30,97.69",49.69565390076746,0.7475060823759059,15.234041083031705,5
"2,2,2,1,2,1,2,1,3,2,2,1,3,3,1,3,1,1,3,1,0,0,2,2,1,1,2,3,0,1","95.20,96.19,93.95,95.35,96.39,96.14,99.05,92.02,91.85,95.04,92.87,97.25,93.61,96.34,99.31,95.15,97.60,95.98,95.61,94.87,95.91,97.02,93.47,96.10,93.11,97.65,92.01,99.20,96.96,95.64",71.426002293461,0.8174505933970608,15.401130459418527,4
"2,1,1,2,2,2,2,1,1,2,2,3,3,2,3,3,2,1,3,1,2,2,2,3,2,2,2,2,2,2","98.19,96.83,99.34,97.38,98.67,97.60,97.37,97.55,98.35,97.69,97.58,96.71,98.04,97.60,98.90,97.18,97.81,98.65,98.54,99.06,97.65,98.82,98.26,97.83,98.11,98.30,97.46,97.75,98.10,97.14",62.10743529069276,0.5690060014297632,15.336433123235535,0
"0,0,1,0,0,1,0,1,0,0,1,1,0,0,0,0,1,0,0,1,0,1,0,0,1,0,0,0,1,0","99.02,97.49,96.58,98.25,97.69,95.63,98.29,97.96,97.82,97.05,96.55,96.48,97.29,98.39,98.20,97.81,96.15,97.51,97.24,98.08,95.20,96.60,95.08,96.86,98.03,96.04,97.49,95.23,97.58,95.38",60.05315693436941,0.8215440002432425,14.988874472068012,2
"2,2,2,2,1,3,2,2,2,2,1,2,1,2,2,1,1,2,2,2,2,2,2,2,2,1,2,2,2,2","99.53,97.95,99.06,97.10,98.19,97.01,97.77,98.97,98.08,99.00,96.45,98.63,98.36,96.91,98.34,98.04,97.09,98.60,97.66,97.41,97.82,97.64,97.80,98.13,98.74,96.62,98.76,97.04,97.98,98.11",68.96264930821472,0.7921195476174968,14.490564871885836,0
"1,1,2,1,2,2,1,1,2,2,3,2,2,2,2,3,2,2,2,1,2,2,1,2,1,1,2,3,2,3","98.42,98.84,97.56,97.44,97.38,97.55,98.42,97.44,98.78,98.37,98.05,96.94,96.76,97.83,99.01,97.90,99.05,97.97,98.54,98.92,98.01,97.97,98.50,97.85,99.33,98.61,97.30,98.45,96.58,99.45",78.0541591922015,0.6547646160640096,15.765857839874842,0
"2,1,1,2,2,3,1,2,2,3,1,2,1,2,2,3,2,2,2,3,1,3,3,3,1,1,2,2,2,1","92.16,92.51,96.59,90.38,89.26,85.50,93.49,87.95,82.42,86.80,91.38,83.09,87.42,85.37,84.31,97.01,85.54,88.43,76.39,87.13,81.62,84.10,85.71,90.70,91.72,80.80,94.48,79.96,86.12,86.96",49.207307967877256,0.7115309943800898,15.619270224825925,6
"2,1,1,1,1,2,2,2,2,1,0,1,2,1,2,0,2,0,3,0,1,3,1,3,1,1,3,0,2,2","98.88,95.68,97.01,93.92,96.08,96.82,97.91,96.97,97.95,93.41,91.83,93.09,97.16,95.84,94.49,100.00,94.22,97.68,94.90,93.06,96.72,94.56,92.91,95.18,96.16,93.75,96.92,97.39,94.12,94.91",66.77303932890904,0.725892424555056,14.734393448891504,3
"0,1,0,1,0,0,1,1,1,0,1,1,1,1,1,0,0,0,1,0,0,0,1,1,0,1,1,1,1,1","98.26,96.90,96.18,97.14,97.94,96.07,97.56,97.43,97.32,99.50,96.36,96.65,98.25,98.21,98.79,96.70,96.34,96.01,94.93,96.65,97.33,96.76,96.27,95.97,95.22,94.36,97.60,95.34,95.98,95.47",69.99661331347274,0.5687692194075941,14.687986909717797,2
"2,2,2,1,2,2,2,2,2,3,2,2,2,2,2,3,2,3,2,1,2,2,3,2,2,2,3,1,3,3","95.71,98.20,97.64,98.99,97.86,98.78,97.81,97.17,97.56,97.72,97.30,99.25,97.89,97.44,97.91,97.29,98.41,97.83,98.54,98.37,97.36,99.34,97.55,98.26,98.13,97.43,98.06,97.71,97.63,97.32",79.65764953210305,0.6731972100343706,15.067933321526315,0
"3,2,3,1,2,0,1,2,3,3,3,1,0,3,1,0,1,1,1,1,1,1,3,1,3,2,1,0,1,1","97.90,88.35,88.11,91.38,86.85,89.75,92.76,96.22,88.82,95.41,94.01,89.41,91.21,92.25,89.48,89.86,90.53,87.94,91.25,87.51,88.91,93.39,92.71,92.01,91.08,91.44,90.08,89.21,94.24,94.73",53.48472034105704,0.6836882192871344,13.916277402078858,1
"2,2,1,1,2,1,1,1,1,1,1,3,0,3,2,2,2,3,1,1,1,2,1,3,3,2,3,1,2,1","89.20,94.37,94.47,88.47,91.08,93.39,88.79,92.41,89.87,94.37,87.71,91.39,82.32,89.51,88.82,91.26,89.05,89.70,92.54,92.77,91.43,92.87,88.47,92.84,97.15,95.06,91.63,92.47,92.12,96.25",38.228657358629434,0.6527139287744915,14.796842702387059,1
"2,2,2,2,2,2,2,1,3,2,2,2,1,1,2,2,3,3,3,2,3,1,1,2,2,2,3,2,2,3","97.49,97.04,97.01,99.53,98.06,96.93,98.61,97.73,98.43,97.17,96.74,96.01,98.06,98.72,98.01,96.96,98.56,98.31,98.18,99.14,97.65,97.68,98.67,98.56,99.29,97.63,97.54,97.75,97.06,97.49",70.38438924462397,0.7096113501155423,15.106133266422644,0
"2,3,2,1,2,3,1,2,3,3,2,2,3,2,2,3,2,2,2,2,2,2,1,2,2,1,2,2,3,2","97.37,97.42,96.41,96.97,99.18,97.84,100.00,98.64,97.63,97.91,97.71,97.51,98.67,98.64,97.91,97.90,98.23,97.37,97.60,98.03,96.82,97.06,98.13,97.84,97.52,96.97,97.60,97.61,96.83,97.78",68.45064230772049,0.7349358686303336,15.407361073866644,0
"2,2,2,2,3,2,2,1,2,2,1,2,2,2,2,1,2,2,2,2,2,2,2,2,3,3,2,2,2,2","97.68,99.58,98.07,98.72,97.41,99.14,97.65,98.55,97.08,97.25,98.89,97.06,96.24,98.40,99.32,98.69,99.69,97.08,97.61,98.55,97.90,96.65,97.67,97.26,96.44,99.77,98.13,98.44,99.31,97.38",67.20452537116776,1.0275358713086296,14.52935831193184,0
"0,0,0,1,1,1,1,0,0,0,0,0,0,1,0,1,1,0,1,0,0,0,1,1,1,0,1,0,1,0","95.56,97.82,94.70,96.07,96.11,96.53,96.88,95.51,97.02,96.94,98.05,97.29,96.41,97.05,97.98,97.08,96.23,98.43,96.43,96.79,96.05,97.15,98.03,96.41,99.08,97.10,96.95,98.24,96.73,97.33",52.5062850977975,0.7497923933774557,15.149796229168059,2
"3,1,2,2,2,1,1,2,3,2,2,2,2,1,2,2,2,2,2,1,2,1,2,2,2,2,2,2,3,2","97.83,96.92,96.54,96.78,98.32,97.03,97.51,98.30,96.52,96.74,98.34,99.14,99.00,98.13,95.97,98.06,98.29,97.69,97.67,98.34,97.93,96.97,98.60,98.29,97.89,98.40,98.90,98.39,98.82,98.26",57.17080953284939,0.8559578615740846,14.939199598519455,0
"1,3,1,2,2,2,2,2,2,2,2,2,2,2,1,3,3,1,2,3,2,2,1,2,3,2,2,1,2,2","97.21,98.17,98.72,98.80,97.75,98.48,98.09,98.09,97.90,98.38,98.08,97.65,99.42,98.17,97.28,96.13,98.74,96.85,98.42,98.10,97.99,98.54,98.47,96.02,97.03,97.22,98.66,97.83,98.29,97.55",66.90508712307451,0.8253365482461172,15.758164883123994,0
"1,2,1,2,3,2,2,1,2,3,2,1,2,2,2,1,1,2,1,3,1,1,2,1,1,3,2,2,2,1","97.15,86.21,91.51,78.10,87.03,86.17,88.45,90.77,90.63,86.76,79.69,97.85,82.25,81.41,100.00,95.25,83.99,93.89,88.01,87.56,93.15,93.13,87.89,92.21,85.91,81.24,86.26,90.68,86.49,85.33",58.70961010951712,0.8489495297027548,15.60574624219232,6
"2,2,2,3,1,3,1,2,2,1,3,2,3,2,1,2,2,3,1,2,2,1,2,2,2,2,3,2,2,2","97.98,98.33,98.59,97.08,98.25,98.59,98.12,99.98,97.00,97.90,98.50,98.10,98.06,98.15,99.06,97.81,99.15,97.75,96.71,95.74,98.52,97.25,97.68,98.68,98.11,97.20,99.03,97.63,98.11,98.40",63.251205900443054,0.8194629314246231,14.739431213751194,0
"2,2,2,3,3,1,1,1,3,2,2,1,1,2,3,1,2,0,3,1,2,0,0,1,0,2,1,0,2,1","94.76,98.74,96.75,97.15,96.42,98.86,99.38,95.22,94.79,95.10,96.73,93.38,98.24,97.26,98.18,94.87,99.73,96.78,93.65,97.92,92.43,99.27,97.42,98.44,99.62,98.14,96.43,95.23,93.35,96.51",60.16036697523269,0.7406449905778455,15.353951110137062,4
"1,1,0,0,0,0,1,0,0,0,1,0,0,1,0,0,0,1,1,1,0,1,1,0,0,1,0,0,0,0","98.13,95.82,95.41,96.84,97.45,97.93,99.06,97.95,97.86,98.55,97.07,96.28,98.35,97.74,97.18,97.32,98.67,99.54,97.15,97.54,96.24,94.80,97.45,96.85,97.50,96.32,97.98,96.32,97.20,95.93",58.15213333516464,0.7717838674304279,15.240241614505427,2
"3,3,1,1,2,2,1,1,2,1,2,1,1,2,1,3,1,2,3,1,0,2,2,1,2,3,2,2,0,2","86.12,94.43,94.48,89.12,92.75,91.69,92.32,82.57,90.04,89.68,94.37,89.75,93.03,91.22,89.04,93.36,89.97,88.49,100.00,91.76,93.63,88.02,91.46,93.59,88.20,90.13,87.55,83.79,89.00,85.90",44.21881197867869,0.6463709193848997,15.334157067604606,1
"0,1,0,0,0,0,0,0,0,1,0,1,0,0,1,1,0,0,1,0,0,0,1,1,1,0,0,0,0,1","95.98,97.57,97.41,95.99,97.36,94.31,98.60,96.83,98.34,95.27,96.09,95.73,95.75,97.10,98.66,96.23,96.23,98.20,96.60,97.05,97.45,96.25,96.12,95.70,98.38,97.15,97.06,96.20,96.62,97.14",68.08858027667392,0.961068766836935,15.433569554924837,2
"2,3,3,2,2,1,2,3,2,2,2,2,1,2,2,1,2,2,2,2,2,1,2,2,2,2,2,2,2,2","97.82,97.83,97.65,98.14,97.99,98.04,98.47,98.22,97.05,97.64,99.51,97.99,97.18,96.94,98.14,97.77,98.41,98.85,97.68,96.98,96.67,97.90,97.07,99.28,99.14,98.30,97.89,97.34,97.06,98.47",66.9580061170581,0.7733125860461197,15.551262348412456,0
"2,2,1,2,1,1,3,1,2,1,1,1,2,3,2,1,1,0,3,1,3,2,2,0,1,1,2,2,1,1","90.57,90.31,89.58,90.34,96.97,93.89,94.59,91.75,90.76,90.56,91.78,97.44,94.47,91.41,91.94,91.59,92.23,95.76,89.71,96.68,94.82,88.63,93.31,88.47,90.14,95.28,90.69,92.75,91.22,94.04",37.67657789833281,0.5606864487358145,15.177532724875281,1
"2,2,2,3,1,2,0,2,2,1,1,1,1,1,3,1,2,3,0,1,0,0,1,3,2,0,0,3,2,2","91.03,95.91,97.79,95.67,96.58,96.50,97.88,95.19,94.40,97.67,96.66,93.49,98.35,95.83,97.34,91.62,98.94,100.00,99.15,95.60,93.85,93.42,94.94,91.06,94.37,97.66,95.34,99.24,100.00,92.45",47.12083406927597,0.8038399067815151,15.537995660178101,7
"2,1,2,0,1,2,1,1,2,3,0,3,2,1,0,3,2,1,3,2,1,2,1,2,0,2,1,0,2,1","93.39,91.05,92.93,90.96,93.82,90.30,86.58,89.40,93.94,93.91,92.50,92.73,89.92,89.85,92.29,93.80,91.07,90.04,89.55,92.56,91.54,89.13,92.81,96.30,93.34,95.28,95.27,92.97,89.29,86.77",22.666999532744477,0.5705043060179735,14.066022138320367,1
"2,2,3,2,2,2,2,2,2,2,3,3,2,2,1,2,2,3,1,2,2,3,3,1,2,1,3,2,2,3","98.84,98.20,99.10,98.39,96.55,99.92,98.99,98.73,98.46,98.30,97.70,99.33,97.54,97.66,96.76,97.38,98.31,97.75,99.98,96.86,98.44,98.70,98.31,97.49,98.86,96.91,97.91,99.47,100.00,97.93",73.1737798282129,1.0949245448619978,15.122428264498812,0
"1,2,1,3,2,2,2,2,1,3,2,3,2,2,1,1,2,1,3,3,2,3,1,1,2,3,3,1,2,1","86.09,91.30,93.15,86.01,90.09,91.86,86.46,84.71,88.34,87.14,90.49,91.24,82.46,88.92,83.19,79.59,80.36,76.44,91.45,88.59,88.37,80.16,84.59,87.64,81.74,81.04,90.46,86.78,81.27,92.07",34.725508710385846,0.6526341513407131,14.97986792829439,6
"1,1,0,0,0,1,0,0,1,1,1,1,0,0,0,0,0,1,1,0,1,0,0,1,1,0,0,1,0,1","98.51,95.02,96.55,95.88,96.76,97.08,96.18,96.45,97.82,95.59,97.66,95.75,97.96,95.45,97.79,97.83,97.38,98.82,96.83,95.96,96.38,95.86,98.83,96.00,96.64,96.81,96.74,98.07,96.50,98.08",78.65842013896189,0.6883690413655531,15.115837295040192,2
"0,2,3,1,0,1,1,2,3,3,0,2,2,1,1,0,2,3,2,2,1,1,0,2,0,1,2,2,2,2","97.30,94.04,94.73,94.91,94.51,95.37,95.07,96.37,93.05,95.07,96.69,97.51,93.83,93.97,94.52,96.81,96.86,95.00,93.24,95.30,94.92,95.75,94.43,94.76,99.70,96.75,98.72,97.63,96.39,94.93",68.08394915387713,0.6401519189115606,14.614429509134492,3
"1,0,0,0,1,0,0,0,0,0,0,0,0,0,1,0,0,0,1,1,0,0,1,1,0,0,0,0,0,1","96.75,95.86,97.28,96.39,96.25,96.38,96.79,97.88,97.31,98.34,97.21,97.71,96.93,96.42,96.72,98.04,97.76,97.02,95.81,97.52,97.70,97.68,95.59,96.08,97.36,97.87,96.25,94.34,94.92,98.25",63.59046548283542,0.867913433993263,15.010068579109364,2
"2,2,2,2,1,1,2,2,2,3,3,3,2,2,1,2,3,2,2,2,2,1,2,1,2,1,2,3,2,2","99.17,97.84,96.85,98.12,97.40,97.28,97.32,97.98,97.71,98.65,97.19,98.91,97.60,97.68,98.70,97.85,97.84,97.23,98.30,98.21,98.71,98.15,97.94,98.16,97.99,97.67,98.35,99.38,98.64,98.06",74.81901403565965,0.9482962986475552,15.74763041018661,0
"1,1,2,1,2,3,1,3,1,2,3,1,1,2,2,3,3,2,2,1,1,2,3,1,3,1,2,2,2,3","99.20,95.12,96.02,93.51,95.46,98.12,98.74,94.31,94.42,94.22,98.63,96.35,96.27,96.87,94.88,96.26,92.80,95.86,97.06,94.35,97.07,98.03,95.12,96.19,94.73,96.79,92.39,96.91,97.24,95.10",65.05727087413192,0.9005287882932055,14.64555860329466,4
"1,2,2,1,0,0,1,2,1,1,2,0,2,2,0,2,1,2,2,1,1,2,2,1,3,0,2,2,2,3","96.38,97.22,95.26,93.83,94.60,95.26,97.46,94.44,96.18,97.32,98.09,96.34,95.16,95.55,96.37,95.41,100.00,94.26,99.26,97.12,98.38,95.38,95.13,98.44,97.24,95.10,97.50,96.09,96.65,95.23",51.16335337047911,0.6874226675156336,15.046306310084056,7
"3,0,2,2,1,1,0,2,3,2,1,2,1,1,2,1,2,0,2,2,1,2,1,2,2,1,1,1,3,3","95.26,94.20,95.25,96.41,98.37,94.78,96.66,94.86,97.52,95.56,95.72,97.82,96.25,100.00,97.95,98.77,98.06,97.10,98.04,93.82,98.82,97.24,96.47,98.81,95.78,96.77,96.93,96.50,94.91,93.01",59.194263482877666,0.8105081027087836,14.678360694236181,3
"1,3,2,1,1,1,1,2,2,1,1,1,3,2,2,2,3,3,2,2,3,1,0,1,2,2,1,1,2,0","97.44,96.20,97.16,98.49,94.92,95.08,96.42,97.97,94.34,96.87,97.28,97.26,96.21,95.81,96.36,93.97,98.51,97.75,95.90,97.07,96.08,98.01,95.14,98.36,95.71,99.00,94.87,97.49,94.35,95.26",72.59370154712319,0.6908350173463547,15.34534924635245,5
"3,2,1,3,3,2,1,3,1,0,2,1,0,1,2,2,3,1,2,2,2,1,1,2,1,2,0,0,1,1","94.39,96.47,95.72,93.82,96.63,97.92,96.31,99.79,97.57,97.92,96.94,95.83,94.94,96.14,96.75,96.94,92.11,96.32,95.77,93.95,96.75,99.30,96.30,89.91,95.51,100.00,99.50,95.35,95.67,97.92",48.27388224989362,0.994298211821222,15.458262564157968,5
"2,2,1,2,1,3,1,2,1,0,1,0,2,2,1,0,2,0,1,2,1,2,2,0,3,2,1,1,1,1","95.78,95.42,97.06,96.72,94.06,96.94,94.15,94.42,93.94,96.09,94.30,95.41,95.63,92.94,97.42,97.37,96.18,96.04,94.26,96.22,96.45,96.73,94.35,96.95,95.65,94.81,94.38,95.60,96.51,98.19",58.753624111363095,0.836126972572656,14.942645319369802,7
"2,2,3,2,2,3,2,3,2,2,2,3,2,1,2,1,1,2,2,2,1,2,2,3,2,2,2,3,2,1","98.03,98.66,97.37,96.30,97.26,97.61,98.93,98.10,97.68,99.02,97.40,99.34,97.90,98.46,98.76,98.36,96.39,97.04,98.84,98.02,98.08,97.54,97.66,97.69,97.55,98.82,97.21,97.46,97.64,98.57",90.47508348131717,0.7096298580717396,14.45580079134388,0
"2,2,1,1,1,2,0,3,3,3,1,3,2,2,2,2,2,0,3,1,0,2,1,2,2,3,0,1,0,2","88.52,93.50,93.84,94.31,92.56,88.36,93.10,94.64,91.73,92.41,90.24,88.64,92.51,87.98,92.91,90.22,88.62,93.18,93.10,89.42,91.81,93.13,90.66,89.35,94.83,94.19,93.47,95.17,89.24,84.58",62.73512308667921,0.8069804647589227,15.207729179325353,1
"1,1,1,1,0,0,0,1,0,1,1,0,0,1,1,1,1,0,0,0,1,0,0,0,1,1,0,0,0,0","97.44,96.50,95.57,96.32,98.37,98.02,97.20,96.91,95.72,96.93,99.14,97.71,97.45,96.79,95.19,98.25,97.16,99.02,96.00,97.74,97.60,97.15,97.34,97.35,97.35,97.61,96.76,96.50,97.74,97.23",51.84606272121309,0.9631194612197451,14.994648908868449,2
"1,3,1,1,2,3,2,2,3,3,1,3,2,2,3,1,1,2,2,2,2,2,2,2,3,2,2,2,2,2","97.58,97.48,97.85,96.72,97.81,96.57,98.13,96.70,99.88,98.44,98.37,98.88,98.14,98.83,98.04,97.81,98.55,98.97,97.57,98.34,98.29,98.48,97.68,97.61,97.78,99.32,97.98,97.82,98.21,98.82",62.558672296199816,0.7203332111766246,14.51996290580458,0
"2,1,1,3,3,3,3,1,1,0,2,1,2,0,3,2,1,1,1,0,3,1,1,1,2,2,1,1,1,1","93.14,93.02,94.20,88.48,91.01,90.86,90.33,90.30,90.58,95.09,94.52,94.80,88.05,91.44,94.07,88.87,91.84,87.60,93.93,89.71,98.18,93.46,99.24,88.95,93.72,96.03,90.13,87.54,94.95,85.10",56.43806190484398,0.9078004128498989,15.061768711609993,1
"1,2,2,2,3,3,2,2,2,2,3,2,3,2,2,3,2,1,1,2,1,3,2,2,2,2,3,2,1,3","96.49,98.09,98.66,98.29,98.71,98.33,97.17,98.23,98.01,97.31,98.11,97.19,96.80,96.93,97.14,98.80,98.67,96.94,98.32,98.38,97.80,98.75,98.00,97.36,99.03,97.94,98.27,98.47,98.67,97.37",68.78862634048635,0.8575804873009342,15.640713908819173,0
"2,2,1,3,2,0,2,1,1,2,2,2,2,1,0,2,2,2,2,0,2,1,1,2,0,1,1,1,0,2","94.42,98.34,98.07,97.00,94.24,99.63,94.14,94.13,96.82,97.57,99.47,96.76,98.37,95.93,99.47,93.38,93.11,95.17,96.58,95.11,95.94,93.13,98.53,94.59,93.84,95.61,96.93,95.26,91.39,94.56",54.78641289378426,0.7914832812085656,14.954179517221114,5
"2,2,2,1,2,2,3,3,2,2,1,2,2,2,2,2,2,2,3,1,2,2,1,1,2,2,2,1,2,2","97.11,98.66,97.17,97.25,98.46,98.58,97.90,98.42,98.03,97.89,98.86,98.90,96.95,97.72,97.79,97.41,99.04,96.91,97.65,97.32,97.31,98.31,97.79,97.91,97.22,97.79,98.13,97.76,97.27,98.88",66.63402103985868,0.7165860858953679,15.265290062721668,0
"2,2,2,1,2,1,1,3,2,1,2,2,1,3,3,2,1,1,3,2,2,2,2,2,2,2,2,2,3,2","98.16,98.87,97.11,97.75,97.91,98.13,97.01,99.70,98.56,97.44,97.38,98.52,97.06,98.91,97.18,97.63,96.84,99.37,97.18,97.02,98.46,97.23,97.08,98.25,98.35,98.62,98.10,97.77,98.42,98.26",62.45592609661356,1.0152618585195237,14.924392945926288,0
"2,2,3,1,2,3,2,2,1,1,1,2,2,2,2,2,1,3,3,2,2,2,2,2,2,2,2,1,2,2","98.72,97.42,97.44,98.26,98.34,98.48,98.73,98.58,98.88,97.49,98.44,97.83,97.39,97.65,98.43,98.19,98.25,98.97,98.10,98.90,98.06,97.86,96.75,97.40,98.31,97.19,97.38,97.83,97.42,97.51",64.17864701610318,0.884015223465782,15.058708985874388,0
"2,3,2,1,0,3,2,2,0,0,3,2,3,2,1,0,2,1,1,1,0,2,3,3,3,2,1,1,1,2","95.11,95.59,97.04,99.44,94.36,95.08,95.83,97.02,94.51,97.09,96.78,93.63,96.44,96.24,94.53,93.95,93.82,93.21,89.08,95.18,95.49,99.12,100.00,97.60,95.65,98.76,92.39,98.25,96.05,94.08",31.4483679895064,0.7433605118245361,14.721728938824443,5
"1,3,0,2,0,1,1,0,2,1,2,1,1,1,2,1,0,0,3,0,0,1,2,1,1,1,3,0,2,2","99.35,95.87,97.89,98.86,96.32,97.98,93.95,94.82,98.32,96.04,95.45,95.78,96.03,99.89,97.58,98.29,98.06,95.36,94.16,97.03,97.83,94.11,94.31,95.58,96.25,97.12,95.63,95.25,100.00,92.19",74.48563463824291,0.8582832334401057,15.20605296429852,5
"1,2,3,3,3,2,2,1,2,3,3,2,2,2,3,2,1,2,1,2,2,2,2,2,3,1,2,1,2,2","92.28,90.32,94.85,88.73,95.38,87.47,90.78,79.70,88.52,86.65,96.29,85.13,84.50,85.75,93.13,84.75,91.09,90.47,89.68,98.55,88.57,86.98,92.06,85.09,94.59,89.89,91.48,92.30,90.45,87.82",53.41216245625847,0.6794985347805476,15.339420737317926,6
"3,3,2,3,2,1,2,2,2,1,2,2,1,2,2,2,2,3,3,2,2,3,1,1,1,2,2,2,1,3","97.48,98.36,98.21,97.30,97.64,96.82,98.52,99.00,97.20,98.62,97.73,96.93,98.16,98.80,98.16,98.55,97.56,98.01,98.65,97.72,98.51,98.08,97.81,98.40,98.37,97.74,97.21,98.68,97.99,96.97",66.08807764951759,0.7054520083983715,15.194351563922849,0
"3,2,1,1,1,1,3,1,2,3,0,3,2,2,1,3,3,2,2,2,2,1,1,2,3,2,2,2,2,1","93.42,88.45,95.16,89.65,92.57,85.05,91.56,95.24,86.99,95.56,92.50,90.56,94.25,90.63,89.85,92.64,92.19,88.33,87.15,92.62,92.76,91.04,94.05,93.05,88.72,90.02,92.22,97.27,91.59,92.22",55.53082872434268,0.7418057138550355,14.69728937176884,1
"2,1,0,2,1,2,3,1,2,1,2,0,1,1,1,2,1,1,0,3,1,1,1,2,1,1,1,2,1,2","93.65,98.93,96.84,94.74,94.73,88.62,94.41,90.80,86.95,97.13,90.68,93.29,83.48,92.66,100.00,93.00,96.37,95.35,91.41,90.44,94.64,93.37,94.08,87.20,87.01,90.38,92.13,92.90,94.76,94.67",43.33822765837808,0.9107886722657962,15.533626027720256,1
"0,2,1,1,2,1,2,2,1,1,1,0,2,2,1,1,2,1,2,1,0,1,3,0,1,2,1,0,2,1","94.63,97.36,97.41,97.95,98.91,97.00,97.75,93.72,94.62,96.61,91.70,93.60,97.39,93.94,94.73,96.73,97.43,98.27,95.09,97.75,95.92,97.34,96.55,95.83,97.45,98.54,99.09,94.66,95.30,95.45",61.786184263333034,0.8338254191579129,15.16858301631976,5
"1,2,2,2,2,1,2,2,3,2,2,2,2,2,3,2,1,2,1,2,3,2,3,1,1,2,2,3,2,3","96.19,99.30,97.71,98.94,98.38,97.02,98.16,98.29,98.24,98.67,98.18,98.42,97.71,98.13,97.79,97.90,97.64,98.09,98.54,96.88,98.71,98.90,98.79,96.16,99.71,97.98,97.81,98.79,97.97,97.76",64.46413053348925,0.6096774206928396,14.628803228239779,0
"3,2,2,2,2,2,2,2,2,3,1,2,2,2,2,1,2,2,2,2,2,2,2,1,2,2,1,2,2,2","98.65,97.85,98.88,97.17,97.02,96.13,96.74,97.87,98.55,97.79,98.71,97.34,96.88,98.49,98.08,98.31,97.97,98.37,99.06,97.74,97.50,98.57,98.36,98.88,98.07,98.83,96.66,97.74,96.14,97.67",54.14578668068192,0.6568541358559948,14.591495489649816,0
"3,2,0,2,2,1,0,1,1,3,3,3,1,0,0,1,3,0,1,2,3,2,1,2,1,1,0,1,3,2","97.88,93.21,95.74,96.40,97.13,96.87,92.46,97.13,97.07,93.85,98.69,94.69,97.21,99.93,97.88,100.00,94.95,95.05,93.54,95.20,95.76,92.25,96.65,96.95,93.88,93.70,92.74,96.35,96.64,91.29",60.63506938408242,0.8606528216398254,15.232104705421408,4
"2,2,2,3,2,2,1,2,2,2,2,1,2,2,3,2,2,1,3,2,2,1,2,1,2,3,2,2,2,2","98.05,98.57,96.70,97.75,98.67,96.44,98.59,97.28,98.33,97.41,95.92,97.65,97.81,97.91,96.76,97.53,98.48,98.57,98.51,97.18,98.16,98.27,98.06,99.86,97.74,96.66,98.57,97.80,98.86,96.55",71.27837081314833,0.8611285884771405,15.14176674979027,0
"1,0,0,1,0,0,0,1,0,1,1,0,0,0,0,0,0,0,1,0,0,0,0,0,0,1,0,0,0,0","98.03,97.26,95.54,97.58,96.76,96.29,97.92,98.00,96.14,96.35,96.78,96.85,97.51,96.40,98.32,97.03,98.89,99.04,96.07,97.11,97.34,97.95,97.21,95.88,97.16,97.65,95.68,97.75,96.80,98.22",56.582973886114154,0.9465809627895889,15.024694894189368,2
"1,2,2,1,0,2,1,2,1,1,3,2,3,2,2,2,2,1,1,3,2,1,1,2,1,3,2,1,2,2","95.16,95.99,93.17,97.70,93.84,97.13,96.65,91.03,96.41,96.87,97.47,95.50,93.91,94.85,96.79,95.23,96.78,92.69,100.00,99.19,97.55,98.95,92.96,95.51,96.87,91.44,92.58,96.01,96.05,95.52",63.42774235787199,0.7392045246331528,14.463496002541197,4
"3,2,1,2,2,2,2,2,2,2,3,1,1,3,2,2,2,2,2,2,2,3,2,2,1,2,2,2,3,2","99.57,98.46,98.09,97.74,97.99,98.33,98.41,97.03,98.56,97.91,97.00,98.48,98.98,97.67,97.98,97.09,97.50,98.43,98.94,97.88,99.15,97.46,98.48,97.61,98.51,98.61,97.87,98.28,97.03,98.12",72.8469719957651,0.8469014769382507,14.833975337312433,0
"2,1,1,3,3,2,2,2,3,2,3,1,2,2,3,1,1,3,2,2,2,2,2,2,2,2,2,3,3,2","98.53,98.85,96.99,98.37,96.88,98.07,97.99,99.08,98.54,98.92,97.63,97.56,97.75,98.62,98.31,97.88,99.30,98.54,97.62,98.37,98.50,97.97,97.93,97.13,97.42,97.40,99.33,97.72,97.64,97.44",79.87789195681152,0.7916597400077809,15.012183618012786,0
"2,2,3,1,2,1,0,2,0,2,0,0,3,1,3,2,1,3,1,2,2,2,2,0,0,1,2,2,2,2","97.53,97.57,92.12,95.90,94.43,93.51,99.13,94.44,97.77,95.24,96.16,98.70,94.45,96.02,97.05,97.01,95.99,92.92,92.65,94.69,95.40,98.61,97.58,97.81,94.34,97.58,95.43,95.21,95.09,96.65",50.16027044215755,0.7761546813803943,15.36999780781751,3
"1,2,3,1,0,1,2,2,1,1,1,1,1,1,3,3,1,0,1,2,1,2,1,3,1,2,0,3,1,2","96.87,98.61,96.05,95.61,91.98,99.98,93.91,96.46,96.19,93.21,96.72,94.85,92.27,94.33,96.01,97.53,95.78,93.48,98.80,95.30,95.25,97.04,94.79,96.65,96.30,98.13,96.81,96.78,93.73,97.93",73.90624730613595,1.010087228564387,15.181526771615147,4
"2,3,1,2,2,2,2,0,1,1,1,1,2,1,0,2,3,2,2,2,2,1,2,1,3,1,3,1,2,0","94.03,96.60,96.50,94.40,95.77,95.30,97.83,96.30,93.48,94.09,94.46,94.41,96.06,94.50,95.48,97.67,100.00,93.98,94.95,95.59,96.68,94.99,97.79,95.76,95.93,98.85,94.39,95.26,93.38,97.47",60.44922896329521,0.6537643411220814,15.254773379689915,7
"2,2,2,1,2,3,2,2,3,2,3,2,2,3,2,3,2,1,2,2,1,2,3,2,2,2,2,1,2,2","98.72,97.47,98.23,98.20,97.80,97.79,98.12,96.66,97.50,97.45,98.31,97.94,97.53,97.93,99.27,97.48,97.52,97.71,98.95,98.66,97.45,97.85,98.86,98.10,97.75,98.27,98.45,99.26,98.53,98.32",72.960716223416,1.0697365733486026,14.158210380937167,0
"1,0,1,1,1,1,0,0,0,1,0,0,0,0,1,0,1,1,0,1,0,1,0,1,0,1,1,1,1,0","97.83,95.99,97.48,95.66,94.65,96.42,97.56,95.57,96.79,95.66,96.90,96.85,97.38,96.92,95.57,98.12,96.77,97.62,98.98,95.28,97.14,97.86,96.68,98.02,96.82,96.77,99.91,97.97,96.53,96.50",70.02885644131476,0.8568475675636144,14.751540089754059,2
"1,2,3,2,1,2,3,3,3,2,2,2,1,3,3,3,1,2,2,2,2,3,3,3,1,2,2,2,2,2","98.62,98.59,97.46,96.64,97.79,98.93,96.91,98.88,98.02,97.25,98.33,98.26,99.23,98.02,97.94,97.08,98.32,99.23,99.55,97.31,98.10,97.19,97.44,97.43,97.31,98.25,97.15,98.29,98.15,98.25",69.59029555456284,0.5916281993650013,15.342892782362956,0
"3,2,2,1,1,1,3,1,2,1,2,1,3,1,1,2,1,3,2,0,3,1,1,1,1,2,1,0,2,1","91.69,90.80,96.56,85.60,91.95,87.33,94.19,96.63,88.20,94.51,93.54,93.72,94.87,91.78,88.65,86.41,93.46,89.86,91.13,90.07,87.76,87.67,94.40,90.98,91.62,93.62,91.69,96.61,90.90,91.47",50.5275708248044,0.775019074536507,14.472578177828042,1
"2,2,1,3,3,3,2,1,3,1,1,2,1,2,1,2,1,2,2,2,1,2,2,2,2,2,3,3,1,1","97.97,98.22,95.95,98.14,98.76,97.72,97.90,97.90,98.51,98.26,96.83,97.27,97.42,97.80,96.13,97.77,98.55,98.87,99.19,97.03,97.52,97.62,99.40,99.08,97.27,97.83,97.62,98.17,96.75,98.98",69.13932922982791,0.8176679310191676,15.781357006963747,0
"2,1,1,2,2,2,2,2,2,1,2,2,3,2,3,2,3,3,2,2,1,2,2,2,1,3,2,3,2,2","97.66,98.41,96.21,98.13,98.04,96.96,97.49,97.00,97.74,97.89,97.50,98.65,98.12,97.47,97.48,96.86,98.43,97.43,98.80,97.13,98.46,97.45,97.23,96.97,97.42,97.40,98.65,98.48,96.92,97.99",75.79123702192193,0.6404956298035349,14.576352453456781,0
"2,1,0,1,2,1,2,1,1,1,3,2,3,1,2,2,2,0,2,0,1,1,3,3,2,0,1,2,1,2","96.05,94.18,97.02,95.08,91.33,94.54,93.15,99.39,97.51,95.51,91.84,98.04,98.65,98.10,98.47,94.69,93.57,98.97,93.49,95.74,95.25,96.66,96.36,93.73,93.61,94.75,96.61,94.62,97.95,96.65",62.01616577577899,0.893467146778524,14.797436788690037,5
"2,3,3,3,2,2,1,2,1,2,3,2,0,1,2,1,2,2,3,2,0,1,2,2,0,2,1,2,2,2","98.15,95.50,94.24,96.89,97.75,97.51,95.49,97.08,93.43,97.12,94.61,92.72,91.11,93.71,96.64,97.20,94.58,94.18,98.33,95.45,96.95,93.96,94.52,94.17,96.81,95.13,95.53,96.15,94.44,94.36",55.41392070058893,0.662712911599533,15.386411686399823,5
"2,2,2,2,2,3,1,2,3,0,3,1,2,0,2,0,2,2,3,2,1,1,2,0,1,2,2,2,1,0","97.83,98.11,96.55,98.88,94.77,96.75,94.08,93.92,94.92,98.89,92.73,95.13,93.49,99.67,97.74,98.27,95.21,94.85,94.39,95.44,96.86,93.06,94.86,95.00,96.06,91.67,94.81,93.68,97.24,99.82",69.44164258975756,0.8244633156913108,14.685481827900134,3
"2,2,1,1,3,2,2,2,2,2,2,2,2,3,2,2,2,2,2,2,1,2,2,2,2,1,2,2,2,2","98.05,99.35,97.07,98.01,98.15,96.92,98.47,97.39,97.39,97.32,99.25,96.89,96.72,98.25,97.93,97.35,97.44,98.25,97.12,97.47,97.41,99.45,98.70,97.36,97.74,98.43,97.74,97.36,96.87,97.44",66.67579461961378,0.6449968986346787,14.950528520191984,0
"2,1,1,2,3,2,2,1,2,2,1,1,1,2,2,2,3,2,2,1,3,2,2,3,2,1,2,2,3,2","96.85,97.47,98.03,98.59,98.06,99.35,98.50,97.70,98.35,98.95,96.79,98.22,97.64,98.79,99.29,96.85,96.80,97.67,97.70,98.39,97.79,96.38,97.55,98.66,97.85,99.46,96.90,96.72,99.83,98.65",61.45601779738435,0.7852303546337921,14.832008715477112,0
"2,1,3,2,1,3,2,2,1,2,2,1,2,2,3,2,1,1,1,2,1,1,2,2,1,2,1,1,2,1","87.81,86.19,86.48,93.33,83.91,91.75,91.43,87.06,88.36,82.90,87.82,89.37,88.04,87.94,86.79,90.97,93.65,90.84,86.81,92.18,84.85,92.22,90.08,93.12,92.54,90.82,83.55,86.91,83.58,89.53",22.825539128457862,0.8552469731350001,14.745893407627268,6
"2,1,2,1,0,1,1,3,2,1,2,2,1,1,2,0,0,1,0,2,2,2,0,3,1,2,2,2,2,1","95.74,92.16,84.90,93.02,90.34,92.54,90.24,88.75,95.66,86.44,95.63,87.08,93.24,90.68,94.55,88.08,89.69,93.28,95.14,92.15,96.27,93.44,90.05,90.39,86.99,92.38,91.13,89.01,97.42,88.89",45.206674440127344,0.7874548544788548,14.786071962359564,1
"1,0,0,1,1,1,0,1,0,1,0,1,0,0,0,0,1,1,0,1,1,0,1,0,0,1,0,0,1,0","96.92,96.35,97.02,97.14,95.94,96.11,96.66,95.41,97.85,96.41,97.92,96.89,97.85,96.83,96.75,95.53,97.50,97.74,95.72,98.26,97.15,95.59,97.27,95.53,98.45,97.83,97.39,97.24,98.17,98.03",57.24098566899964,0.8594281815227298,15.24967551334182,2
"3,1,3,2,3,2,2,2,2,2,2,2,3,2,3,2,1,2,3,3,2,2,2,1,3,3,3,2,2,2","98.67,98.63,98.86,98.76,97.02,97.10,97.90,99.11,97.06,98.01,97.54,98.05,97.30,97.97,97.64,98.29,98.33,96.55,98.94,97.95,98.14,98.32,98.15,96.66,98.03,97.18,99.16,97.19,97.12,97.40",62.23209301296618,0.8248769086684625,14.580671138532274,0
"1,1,0,0,0,0,1,0,0,0,1,0,0,0,0,0,1,0,0,1,0,0,1,0,1,0,0,1,1,1","95.71,96.53,98.38,98.25,99.26,97.48,98.09,98.91,98.39,96.83,98.61,95.73,97.41,97.69,96.25,96.23,97.71,97.56,96.19,96.30,96.90,97.05,97.75,96.81,96.52,96.18,99.37,95.57,98.02,96.31",51.42082185745891,0.8453138872370727,15.069530262108504,2
"2,1,3,1,0,2,2,1,0,2,2,2,2,2,2,2,2,3,1,1,1,2,2,2,0,0,2,1,2,3","93.88,94.87,96.31,97.35,93.21,96.66,97.55,96.58,94.35,95.92,96.07,93.91,92.47,93.85,98.98,94.35,96.30,95.14,96.13,96.77,99.65,95.53,95.49,93.42,97.05,94.59,97.06,95.33,95.53,99.11",56.86325086927235,0.8777853087629204,14.765233340285942,3
"2,2,2,3,1,2,2,2,2,2,3,2,3,1,2,1,2,2,3,2,1,2,2,3,3,2,1,2,2,2","97.94,97.50,97.63,98.86,98.73,98.18,98.42,97.48,97.29,97.45,98.27,98.55,97.04,97.59,99.41,97.95,98.93,98.04,97.07,99.03,99.14,98.64,98.24,98.45,99.72,97.53,97.70,97.48,97.82,98.00",77.74238974705027,1.2272775964978209,14.248633985575497,0
"1,2,2,1,2,2,2,1,3,2,2,2,1,2,3,1,2,3,3,1,2,3,2,2,2,3,2,1,3,2","97.19,98.69,98.77,98.92,96.93,99.20,98.63,98.84,98.70,98.57,98.08,99.13,98.24,98.01,97.41,98.51,98.05,97.21,97.66,100.00,98.54,99.17,96.86,98.80,100.00,99.65,97.22,97.78,99.77,97.89",65.92220756351905,0.6484975037478625,15.218376195534832,0
"3,3,1,2,3,1,2,3,2,1,3,2,0,2,1,1,1,2,3,1,1,1,3,0,1,1,3,1,1,3","87.93,91.50,90.39,87.43,93.27,83.91,91.27,92.13,92.73,91.08,90.88,92.10,89.67,90.93,91.10,92.04,91.07,91.81,88.01,93.18,90.58,92.72,92.98,91.85,92.20,93.29,93.95,94.80,91.61,92.64",25.981763587968402,0.8358652444554575,15.4942467424714,1
"1,1,2,1,1,2,2,1,3,3,3,3,2,1,1,3,3,2,1,2,2,2,2,3,2,1,2,1,2,1","87.34,88.13,89.30,91.49,90.19,90.65,90.90,88.85,83.73,85.94,88.74,80.38,89.93,80.41,84.80,91.95,88.16,87.59,91.27,90.55,86.61,92.70,86.07,89.32,88.29,96.03,82.62,91.26,93.93,90.69",44.18817221820835,0.7567452249972446,15.051117521353815,6
"2,3,1,3,3,3,2,2,3,1,2,3,2,1,2,2,3,2,2,2,3,2,3,2,2,3,2,1,2,2","98.21,97.85,98.26,99.04,98.40,97.71,98.49,96.89,98.54,96.85,98.00,97.88,98.15,97.74,98.23,98.91,97.34,98.12,99.26,99.24,98.53,96.72,97.89,99.01,96.30,97.36,100.00,97.59,98.47,97.68",73.35685159964905,0.7788203235174226,14.961748418381642,0
"2,2,2,2,1,3,2,2,2,2,3,2,2,1,3,2,2,1,3,2,2,2,2,2,2,1,2,2,2,2","96.90,98.57,96.84,98.06,97.42,100.00,97.43,96.71,98.86,97.64,97.33,97.72,98.41,98.47,98.03,97.40,97.26,97.05,96.99,98.51,98.80,98.35,97.74,98.31,98.31,97.86,97.07,97.68,97.47,98.49",70.00471058099735,0.7233144674119706,15.667401690368983,0
"2,1,3,0,2,1,2,2,0,0,2,2,1,1,2,2,2,2,3,1,3,1,0,1,2,1,1,1,2,0","96.17,95.93,96.10,94.86,94.45,95.89,94.93,96.80,93.80,96.44,97.59,95.67,95.22,96.89,95.45,93.85,96.35,94.75,95.93,97.36,95.05,94.67,93.91,95.15,95.87,95.16,95.50,97.34,97.43,96.18",71.71872359351775,0.9899921948416738,15.480396373273695,5
"1,1,2,1,0,3,1,3,0,1,3,2,1,1,2,2,3,0,1,2,1,1,0,3,3,1,1,3,2,3","95.06,98.34,95.47,96.53,91.97,96.38,94.46,94.82,95.49,94.93,95.77,95.48,96.58,98.05,94.69,96.90,94.62,96.17,93.48,96.30,95.75,94.26,95.16,97.12,98.44,97.27,97.09,95.77,96.69,95.38",56.214177251792286,0.7106243699629637,14.660252690621531,5
"0,1,1,0,1,0,0,0,1,1,0,1,0,1,0,1,1,1,0,0,1,0,1,1,0,1,0,0,0,0","96.59,99.05,98.64,98.37,97.15,97.14,95.91,97.19,96.54,94.33,97.49,96.74,96.14,97.73,97.70,98.62,95.27,96.03,98.16,96.78,98.59,95.37,96.38,95.73,96.64,97.03,97.28,97.91,97.28,96.60",41.43738539036263,0.6788627440630287,15.25707796584365,2
"1,3,3,3,2,2,2,2,3,2,1,2,2,2,2,2,3,1,3,3,1,1,2,3,2,3,3,2,2,1","92.13,89.74,85.61,85.46,85.32,84.20,89.02,91.55,85.42,95.25,86.07,84.70,91.89,88.19,90.12,89.97,85.06,83.21,79.82,90.13,90.13,89.10,89.00,86.22,89.25,91.62,89.78,85.05,96.12,84.26",36.18829229676385,0.8013833416289862,15.15083735469262,6
"2,2,2,3,2,2,1,2,1,2,2,3,3,2,1,2,1,2,2,2,2,3,2,2,2,2,3,1,2,2","97.17,98.17,97.86,98.99,97.78,97.71,97.73,97.61,97.71,96.93,98.52,97.73,97.93,97.93,99.36,97.96,97.20,97.30,98.69,98.05,97.90,97.70,97.43,98.03,98.44,97.07,97.28,97.58,98.99,96.98",76.54516301368287,0.7226302709923467,15.111646748161347,0
"2,2,2,2,3,1,2,3,1,3,3,2,1,2,2,3,3,2,2,3,2,2,2,1,2,3,2,1,2,3","98.67,97.56,98.48,99.19,98.28,98.85,98.25,99.07,98.62,98.12,97.56,97.24,98.41,99.08,98.17,98.44,98.71,99.05,98.26,97.39,98.15,98.36,97.93,97.40,98.64,98.63,97.51,97.38,98.81,97.08",60.67395715212804,0.8231937172374112,14.998171825478414,0
"1,1,2,2,2,2,3,1,3,2,2,2,2,1,2,3,3,2,3,2,3,2,2,1,3,2,2,1,2,2","99.48,95.68,98.02,98.54,98.26,98.64,99.22,97.75,97.93,97.79,99.03,97.55,99.25,98.07,98.13,97.01,97.91,98.01,98.13,99.90,97.04,97.94,97.78,97.55,96.89,99.81,97.78,98.13,98.53,97.51",85.22043485170295,1.1397819907595397,14.540608626775148,0
"0,0,1,0,1,1,0,0,0,1,0,0,1,1,0,0,1,1,0,1,0,0,1,1,1,0,0,1,0,0","96.85,95.81,96.04,97.78,98.01,98.18,97.82,96.63,97.98,97.01,97.23,96.34,96.51,96.52,95.20,97.38,96.50,97.49,98.74,98.10,97.45,96.70,96.82,96.52,96.35,96.52,94.88,97.47,96.64,96.67",25.206057267719725,0.5344167197311546,14.6535105063219,2
"1,1,1,2,2,1,1,2,3,3,3,2,2,2,3,3,2,2,1,1,1,2,1,2,3,2,1,2,2,3","92.32,89.64,92.37,88.81,90.39,86.06,80.52,92.30,84.47,91.24,89.09,90.28,94.14,82.95,94.09,87.65,87.28,89.39,84.32,88.02,93.73,95.73,92.66,87.59,80.66,89.87,84.01,93.12,87.99,89.01",58.771763906912156,0.5327467555889648,14.980017377529235,6
"1,0,0,1,0,0,0,0,1,1,0,0,1,0,1,0,0,0,1,0,0,1,0,0,0,0,0,1,0,1","97.48,97.18,97.26,98.07,95.94,96.14,96.35,97.93,97.20,98.49,97.41,97.66,98.74,97.83,97.33,95.32,97.59,96.82,96.11,98.81,96.24,97.20,95.48,95.84,96.54,96.89,97.97,96.15,97.39,96.43",46.518403270391126,0.9529432729486034,15.334886293250614,2
"2,2,2,2,2,2,2,3,1,2,2,3,2,2,3,2,2,3,2,2,2,1,1,2,1,1,2,3,3,3","97.70,98.27,98.60,96.53,99.13,98.85,98.75,98.23,98.54,98.12,98.72,97.31,99.13,97.24,98.23,97.99,99.84,96.70,97.93,97.51,97.45,97.61,99.21,97.36,97.50,98.05,97.85,97.40,96.94,98.15",64.86733733098912,1.019083163503688,14.9749044401084,0
"1,2,2,1,1,1,3,0,3,3,2,0,3,2,1,3,0,3,0,2,0,2,1,1,2,2,1,2,1,1","99.33,97.87,91.59,98.07,95.50,98.26,96.85,91.68,97.21,96.41,95.50,94.37,95.96,98.48,95.29,96.62,93.35,98.15,95.01,95.95,94.29,96.40,95.63,96.12,97.92,96.86,95.22,94.67,96.89,97.40",55.124682392990024,0.9061011226195713,14.197440002115334,3
"0,2,0,2,2,2,1,1,3,0,1,1,1,1,1,1,3,3,3,3,1,2,2,1,2,2,2,2,2,0","97.08,97.26,92.81,95.43,95.72,96.94,92.82,93.03,95.57,97.82,95.58,96.63,95.83,97.57,97.12,95.55,94.76,100.00,95.36,98.55,94.76,92.36,92.65,98.22,97.77,96.83,95.17,92.88,94.78,97.03",63.338004143774825,0.9443693995144021,15.152357330651375,3
"2,2,1,2,2,1,2,2,2,2,2,2,3,1,1,2,2,2,2,1,2,3,1,3,2,2,3,3,3,2","96.85,98.26,98.12,99.08,98.60,99.17,97.49,98.30,98.01,97.94,97.50,98.96,99.71,98.48,97.31,97.50,97.14,99.06,97.77,96.80,98.31,99.38,97.77,97.97,97.77,95.91,97.88,97.90,98.17,98.05",66.03828011741236,0.8973449382642685,14.781074484865846,0
"1,2,1,1,2,2,2,0,1,1,2,1,1,3,2,2,1,2,1,1,1,1,1,0,2,0,1,0,1,2","97.41,95.41,96.89,97.28,93.17,94.89,100.00,95.92,93.72,98.02,99.99,99.21,99.80,95.29,100.00,95.79,93.98,95.86,96.07,98.43,96.50,99.66,96.63,93.19,99.33,94.83,95.72,94.74,96.25,97.42",70.07394315409623,0.7375062982267686,14.634508995336168,5
"2,2,3,2,1,2,2,2,2,2,3,3,1,2,2,1,3,2,1,3,1,2,2,3,1,2,2,1,2,2","91.23,90.06,90.56,87.71,96.22,85.39,84.50,90.73,81.70,88.60,89.23,86.57,90.61,84.01,83.37,92.46,81.07,92.65,88.65,83.47,91.30,88.31,85.14,88.06,91.42,89.40,91.90,90.95,87.96,89.42",29.301586459785522,0.8671224356160472,14.227771738932502,6
"0,3,3,2,2,1,1,1,2,2,2,0,1,1,1,0,3,3,1,1,2,3,2,1,2,1,1,2,1,2","86.20,92.00,91.32,90.92,92.35,92.12,91.10,89.53,90.78,89.72,96.23,92.96,88.77,92.70,91.02,92.16,89.96,91.15,93.47,84.12,90.60,88.26,88.07,90.21,93.42,97.04,91.01,93.92,98.34,95.61",18.268803874616403,1.16577838033554,14.370164519644796,1
"3,2,1,3,1,3,1,2,2,2,2,2,2,2,2,1,3,1,1,2,2,1,2,3,2,2,2,2,2,3","98.65,98.66,98.65,98.21,96.53,98.12,97.89,97.07,97.48,97.53,97.18,98.79,97.86,97.92,97.29,96.76,98.62,99.12,98.58,98.56,98.55,97.24,96.71,97.44,97.14,98.03,97.51,96.37,98.81,99.06",53.895929836494545,0.831714627394745,15.599299522779539,0
"0,0,1,0,1,0,1,0,0,0,0,0,1,0,0,0,0,1,1,0,0,0,0,0,1,1,1,0,1,1","95.21,95.94,97.90,98.29,97.10,97.72,96.88,97.56,97.28,96.78,96.85,96.77,97.73,97.92,97.78,98.58,96.98,95.68,97.32,96.92,94.79,96.74,96.47,94.20,97.46,97.99,97.39,96.93,97.51,97.08",55.39975353096838,0.9767493777173742,15.153575320845132,2
"1,1,0,3,2,2,1,1,1,2,1,2,3,1,1,1,1,1,2,0,3,2,1,0,2,2,1,1,1,3","98.72,92.81,95.15,97.35,94.94,91.13,97.61,94.87,96.10,99.61,98.36,98.90,97.39,98.60,93.80,98.49,95.81,97.18,97.62,95.39,96.01,96.15,96.67,99.16,91.61,97.43,98.33,98.63,98.36,91.25",69.76799442415604,0.8856312127509195,15.372502387108586,7
"1,3,0,1,2,1,0,2,1,1,0,1,2,0,3,1,0,2,0,2,1,0,0,3,3,0,1,0,2,1","94.62,95.07,95.57,95.09,95.49,95.68,96.88,95.89,99.42,93.73,93.95,98.67,97.35,94.95,93.24,97.38,98.43,98.37,95.42,95.24,95.66,93.25,92.81,96.93,95.22,95.99,93.99,93.64,95.36,97.93",50.03070257652584,0.8866602206080189,15.100705775251745,3
"1,0,1,2,2,2,0,0,2,0,0,0,3,2,3,1,1,3,2,0,2,3,1,0,3,0,1,3,0,2","98.43,94.53,97.23,91.89,94.90,96.41,93.81,95.28,96.74,95.02,97.67,93.91,95.42,95.72,97.93,95.99,93.09,96.23,97.11,93.47,99.11,94.14,95.42,95.10,98.98,94.80,94.42,98.08,98.64,95.53",51.104219597790674,1.0351392734738092,14.906705000557416,4
"3,1,1,2,0,0,1,1,1,2,1,2,1,2,2,0,2,2,3,1,1,3,2,1,2,1,2,1,2,0","97.71,91.33,95.22,98.25,93.67,93.98,97.11,97.73,97.46,96.32,99.82,97.51,95.33,95.32,97.68,91.07,93.84,94.41,99.26,96.85,94.98,93.54,93.68,100.00,93.03,98.32,93.98,97.66,93.45,96.77",70.45820495185441,0.6261366029815019,14.857798711098038,4
"3,2,1,1,2,2,1,1,2,0,0,2,2,0,1,1,3,1,0,2,1,1,1,2,2,1,2,3,2,1","96.67,93.13,97.13,93.75,95.17,97.39,96.64,93.87,97.77,93.65,95.12,97.51,98.08,100.00,96.83,93.90,95.57,93.28,96.66,93.36,97.89,98.33,94.31,98.92,95.79,99.83,98.32,93.12,96.69,97.40",64.07882106528183,0.9393001037385637,15.315701685437848,7
"2,0,1,0,2,1,1,0,2,0,2,1,1,2,3,2,3,1,1,1,2,3,1,2,1,2,1,1,1,2","94.57,97.46,95.13,97.90,97.62,98.22,93.62,94.75,96.23,99.71,93.83,99.19,99.29,96.12,95.79,93.61,93.54,96.60,96.44,97.08,98.06,92.70,95.44,95.35,98.06,93.62,96.46,95.69,95.63,94.60",57.77622174565502,0.7587788855543652,14.881497691475419,5
"2,2,1,2,2,2,2,3,2,3,1,1,2,3,1,2,2,2,2,2,2,1,2,3,3,3,3,2,2,2","97.45,98.41,100.00,98.65,97.36,97.92,97.12,97.43,99.65,98.86,97.37,98.25,98.66,97.31,98.56,97.40,97.85,98.70,97.56,97.66,98.64,97.90,97.37,98.70,98.47,98.71,97.97,97.62,97.47,96.20",66.9301788863664,0.8116528508685745,15.550503029821526,0
"2,3,3,2,2,3,2,2,1,2,2,2,2,2,1,1,2,2,2,2,1,2,1,3,1,3,2,1,2,2","96.95,96.61,96.81,98.01,99.44,98.81,98.13,97.38,98.31,97.17,96.71,97.94,97.63,98.36,98.52,96.28,98.03,98.17,97.43,96.82,99.39,97.87,98.21,97.09,98.83,97.01,97.19,98.54,97.82,99.32",79.10066872750765,0.9835153464931589,14.643392976264686,0
"2,1,2,3,2,3,2,2,2,2,3,2,2,2,3,1,3,2,2,3,3,1,2,2,1,3,1,2,3,2","98.44,96.86,98.77,99.32,98.58,97.53,96.91,97.75,97.70,99.52,98.20,98.98,97.67,98.87,97.79,98.39,98.99,97.45,96.40,98.52,97.43,98.53,98.16,98.83,97.94,98.32,98.58,96.41,97.58,98.65",81.9618955410038,0.6546049674454503,15.73412803030542,0
"2,2,2,2,2,2,3,2,2,2,1,2,2,3,3,2,1,2,2,1,2,2,2,3,2,3,2,3,2,1","98.88,98.10,98.61,98.19,97.94,99.81,96.41,97.22,97.52,97.75,98.90,98.42,98.32,98.52,99.07,98.80,97.87,98.69,98.59,98.13,98.45,97.95,98.80,99.20,97.53,96.69,98.16,98.24,98.29,97.78",76.4902685842676,0.6817360200433296,14.643655868081574,0
"2,1,2,1,2,1,2,2,2,3,3,3,3,3,3,1,2,2,1,2,1,3,1,2,2,1,2,2,3,2","97.14,97.48,99.04,97.03,97.06,97.53,97.38,96.75,97.51,98.19,97.30,97.48,99.09,99.89,97.79,97.44,98.14,97.51,96.60,98.90,97.97,99.59,98.38,98.19,97.83,99.00,98.16,98.82,98.20,98.88",70.76319447905361,0.9058625432845638,15.050697249438091,0
"1,1,1,1,3,3,2,1,1,3,3,2,2,1,3,3,2,2,2,1,2,3,2,2,2,3,2,2,2,1","94.44,82.46,94.11,81.91,85.04,91.75,82.33,89.23,89.53,91.84,86.72,90.66,85.00,87.10,96.23,93.23,90.85,86.05,90.66,88.27,89.67,90.89,89.93,90.56,87.14,91.45,87.29,86.28,84.45,91.09",35.613270317407554,0.794321613901697,15.904030788031966,6
"1,2,0,0,2,2,2,2,3,0,3,1,1,2,2,1,2,1,3,2,3,3,0,0,2,0,3,1,1,3","95.86,95.65,95.39,92.26,96.39,94.22,96.86,96.92,94.84,98.74,93.37,94.06,95.86,96.38,95.57,97.71,98.13,97.48,98.77,100.00,93.86,94.37,95.25,97.89,96.59,98.16,95.71,91.41,98.87,95.64",65.84956311369089,0.9974038036374819,14.689780936551468,7
"3,3,2,1,2,2,3,1,2,3,2,2,3,3,1,3,3,2,2,2,2,1,2,2,2,2,2,2,2,2","98.18,98.23,97.87,98.12,99.06,97.82,98.56,95.98,98.60,97.23,97.68,98.73,97.65,97.75,98.80,98.82,98.37,99.84,97.29,98.30,99.17,97.83,98.86,98.09,97.58,97.08,97.62,98.17,96.88,98.33",74.28787092462157,0.7649314447518489,15.04750402899531,0
"3,2,2,2,3,2,3,2,1,3,2,2,3,2,1,3,2,2,2,2,2,2,1,3,2,2,2,3,2,1","98.38,97.70,98.10,97.21,98.63,98.60,98.39,98.07,98.04,98.35,98.02,98.39,96.71,97.87,99.31,98.07,96.83,99.12,98.66,98.69,97.99,98.88,97.97,99.61,96.45,97.90,96.81,98.50,96.81,98.12",82.48770222637685,0.7679640940372843,14.54996266319662,0
"2,0,1,2,2,2,1,2,3,0,2,2,1,1,0,2,2,1,3,0,0,1,2,1,3,1,3,3,0,2","97.40,95.79,97.08,94.57,95.73,95.74,99.67,97.04,94.28,96.22,95.73,95.75,94.40,95.91,98.99,99.16,95.54,95.75,96.90,97.73,96.68,98.86,95.74,97.95,94.41,97.56,95.24,92.80,95.09,92.84",44.68434066589198,0.7273516231974316,14.729279839723437,5
"1,0,0,0,0,1,0,0,0,0,0,0,0,0,1,0,0,0,1,0,0,1,0,0,0,0,0,0,0,0","95.37,98.12,97.17,97.17,95.78,98.73,97.43,97.17,95.57,97.55,97.43,97.45,97.98,95.69,96.31,96.27,95.64,95.36,97.39,97.75,96.50,98.09,95.51,97.98,97.92,97.89,96.61,95.75,94.62,96.90",70.92641633831555,0.8790802361181826,14.934191689386852,2
"2,2,2,2,1,2,2,1,1,2,3,2,1,1,2,2,2,1,3,3,2,1,2,3,2,2,3,3,3,1","97.17,98.55,96.14,98.87,97.80,99.69,97.97,98.76,98.35,98.73,98.71,99.04,97.22,98.09,98.08,98.35,98.23,98.51,97.95,98.28,98.83,97.63,99.52,97.53,96.64,97.30,98.54,98.51,98.12,99.45",82.4751473288569,0.8231666222668059,15.612937279782939,0
"2,1,1,2,1,0,1,2,1,2,3,1,2,1,1,1,3,2,1,0,3,3,3,3,1,2,1,2,1,3","95.39,87.86,91.93,90.49,92.56,87.40,87.77,88.34,88.51,97.55,89.93,91.84,92.24,92.95,92.23,90.66,90.72,96.05,91.88,95.84,98.05,96.51,94.99,91.12,92.50,96.46,86.26,91.71,90.18,89.25",24.399626703909636,0.8619848911676896,15.022851899090613,1
"2,2,2,2,1,2,1,1,1,2,1,3,2,2,2,2,3,2,1,2,2,2,1,3,2,3,2,3,2,2","97.07,97.91,96.66,99.54,98.32,98.51,98.68,97.30,100.00,98.24,98.19,97.74,98.32,98.58,98.76,98.08,99.20,97.76,98.02,98.24,98.48,98.88,97.37,99.67,96.78,97.56,98.11,97.74,96.71,98.52",77.7727119517076,0.8008260498362357,14.438443109144114,0
"3,1,0,1,2,0,2,1,0,0,0,2,1,0,0,1,2,0,2,3,0,3,1,2,2,3,2,2,2,2","95.42,95.87,95.47,96.73,96.22,94.85,95.00,95.21,93.04,96.26,94.94,97.48,93.34,95.62,93.45,98.09,94.39,94.86,99.76,100.00,96.82,94.44,94.40,97.53,96.96,97.85,99.92,95.46,96.19,100.00",74.59664857484597,0.8541963197197773,14.556351874353599,7
"2,2,2,2,1,2,3,1,3,1,2,2,1,2,3,2,2,2,2,3,2,1,2,2,1,3,2,2,1,1","97.77,98.39,98.00,98.42,97.39,97.32,97.44,97.43,99.16,99.09,96.64,98.90,98.33,97.98,97.84,97.27,96.43,97.18,98.83,97.89,98.22,99.32,97.98,98.08,98.54,98.30,98.99,97.73,98.45,97.98",61.15865285759868,0.6912330303367333,15.201877144565225,0
"1,1,2,2,2,0,2,1,2,2,2,2,0,2,2,1,2,3,2,2,0,1,2,2,1,2,2,1,3,2","96.52,92.93,96.84,95.06,97.23,95.29,93.33,92.20,93.45,100.00,96.23,96.86,97.74,96.21,91.09,94.57,97.24,96.38,91.59,92.96,97.53,97.79,93.41,95.89,96.48,94.73,93.35,97.79,96.22,97.47",64.95765737569572,0.8405225434666118,14.688701010883353,5
"2,3,1,0,0,0,1,2,3,2,1,1,0,3,0,3,3,1,2,1,1,0,2,1,3,3,1,1,1,3","98.77,94.80,99.63,94.09,96.39,90.88,98.23,94.71,97.62,92.63,96.81,96.31,94.42,94.36,99.43,94.40,95.37,94.50,94.94,95.65,96.29,93.96,97.21,93.97,97.46,100.00,94.54,98.07,96.75,99.49",82.2679275036781,0.8672699435457065,14.769735988408948,7
"3,2,0,0,1,0,2,1,2,1,1,2,2,2,2,0,2,1,2,1,3,0,1,2,0,0,2,2,2,0","93.66,95.99,95.66,95.99,97.68,97.04,93.92,96.11,91.42,93.69,96.29,98.47,95.06,99.59,94.55,94.40,95.08,94.31,95.44,99.50,99.01,91.42,94.61,94.59,96.79,94.65,96.31,100.00,98.45,93.98",61.82861861257866,0.6701998853669707,15.013715798490717,3
"2,3,3,3,2,2,2,2,2,1,1,1,3,2,2,2,2,3,2,2,2,1,2,3,1,1,3,2,2,1","98.36,97.42,98.30,97.77,96.05,97.79,98.89,98.65,96.37,97.40,96.72,97.24,97.62,97.35,98.18,96.35,98.16,98.69,97.55,96.91,97.90,97.35,97.91,97.92,97.85,99.13,97.19,98.53,96.69,97.43",70.590781478266,0.7784716141531263,15.169757517150503,0
"0,1,0,0,0,0,1,0,0,1,0,0,0,1,0,0,1,1,1,0,0,0,0,0,1,0,0,1,0,0","94.40,96.43,97.86,96.16,97.47,97.31,97.02,96.07,96.15,94.79,96.20,97.67,97.81,96.49,96.42,96.80,97.25,95.82,97.47,97.40,98.59,96.52,97.86,96.60,96.37,95.63,96.60,97.01,99.47,95.85",47.18175770470079,0.8836003670345237,15.451450734104533,2
"2,2,1,3,2,2,1,3,2,2,2,3,1,2,2,2,2,2,2,2,2,3,2,1,2,1,2,2,2,2","97.59,99.98,98.34,97.22,99.42,98.71,98.11,97.44,97.27,97.20,98.27,98.13,97.82,96.60,99.01,98.08,97.25,98.08,98.30,98.12,98.35,98.08,97.19,99.31,97.94,97.00,98.69,97.69,98.21,98.00",73.92310710611457,0.6418864311258834,15.335973153534573,0
"1,1,1,0,1,3,1,1,1,1,3,2,1,1,0,1,1,2,1,3,1,0,1,3,2,1,1,3,1,1","97.37,95.83,94.29,95.87,97.38,95.31,93.50,94.79,96.22,99.26,94.45,97.66,97.31,99.00,98.21,99.18,98.32,93.78,94.55,91.63,100.00,94.31,98.79,93.90,96.50,95.13,93.48,94.68,98.30,97.62",73.42842754864887,0.6540697396152352,14.78181854125265,5
"2,3,1,2,1,1,2,3,3,3,1,1,3,3,1,2,2,0,1,2,2,1,2,3,1,1,0,2,3,2","94.30,94.70,95.05,100.00,94.19,95.76,99.84,96.24,97.48,94.56,97.98,91.61,92.97,94.37,95.83,95.43,94.48,96.36,94.67,96.51,98.83,95.87,95.82,93.73,94.60,94.43,95.92,98.84,96.63,95.73",60.177311823304336,0.8880278016222779,15.485559875697833,3
"2,2,2,1,2,2,2,1,1,3,2,2,3,2,1,2,3,2,2,2,1,3,2,1,2,2,1,2,2,2","75.06,84.14,88.78,91.02,90.61,86.47,86.81,91.26,82.92,88.71,91.59,90.34,87.70,89.60,93.89,83.42,85.28,82.47,86.78,83.31,86.84,92.83,89.08,83.39,87.74,83.10,82.31,82.80,85.07,87.37",38.72102281598935,0.9503485916894594,14.911689568406617,6
"1,2,2,2,2,2,2,2,2,1,2,2,2,2,2,2,2,3,3,2,2,2,2,1,2,1,2,1,2,1","99.06,98.91,98.75,99.43,96.11,98.60,99.75,99.14,98.22,98.23,98.54,99.01,98.62,98.51,98.09,97.96,97.08,96.69,98.78,97.59,97.59,96.89,99.18,97.69,99.14,98.00,97.91,99.17,98.26,98.26",52.590666994345625,0.6528552826980627,15.355497084440115,0
"2,1,0,3,2,0,1,1,1,1,2,3,0,0,0,2,2,1,1,1,3,1,1,2,1,2,1,2,1,3","93.91,90.48,94.10,91.53,93.92,92.36,85.59,92.28,92.72,98.26,93.41,91.95,90.66,88.32,86.42,96.91,92.18,96.83,92.58,93.67,90.01,88.94,88.06,93.28,91.73,86.68,93.97,95.34,92.98,91.14",57.23341800028315,0.8847098289857629,15.516125018168756,1
"0,0,0,1,1,0,1,0,0,1,1,1,1,0,1,0,0,0,0,1,0,0,1,0,0,1,0,1,0,0","96.10,97.22,97.80,98.92,97.32,96.74,97.59,97.48,97.35,99.01,95.28,98.25,96.47,98.30,97.40,97.76,98.07,95.72,98.08,96.74,96.77,95.78,96.94,98.37,97.22,96.52,97.99,97.51,95.52,97.28",64.18583126160947,0.645753500549557,14.559367477108346,2
"1,2,2,1,2,2,3,3,2,3,1,2,3,1,2,2,2,1,2,2,2,2,3,1,2,1,1,1,3,2","98.12,97.13,98.60,97.46,97.21,97.52,97.59,98.27,97.54,97.20,97.30,98.42,98.17,98.68,97.23,98.49,99.36,97.77,97.93,98.18,98.00,99.20,98.57,98.54,97.46,98.02,97.36,97.54,97.07,98.70",69.13997328745863,0.676307989436222,15.012725657906298,0
"1,0,2,1,2,0,2,1,1,1,1,2,3,2,3,2,3,2,1,0,2,0,1,2,2,2,1,1,1,2","93.95,97.45,96.06,95.33,99.01,94.11,95.79,93.54,92.86,97.26,98.19,100.00,92.91,96.41,93.76,99.73,97.75,92.51,95.70,95.51,97.81,96.73,90.48,93.46,99.54,96.36,96.63,97.27,96.28,98.51",47.79347138649423,0.7842015875691232,14.573442170612251,3
"1,0,0,0,0,1,1,0,1,0,1,0,0,1,1,0,0,0,0,0,1,1,1,0,0,1,1,1,0,0","96.18,98.70,97.80,97.00,97.17,96.52,96.02,96.72,97.89,98.64,96.79,96.77,97.63,96.83,94.88,96.68,97.29,96.47,97.57,94.29,97.90,96.66,97.47,96.90,97.20,95.50,97.41,98.13,96.76,96.00",59.16470625926536,0.76340590344429,14.715312674340547,2
"2,2,2,2,2,2,2,2,2,3,2,1,3,2,2,1,2,3,2,2,2,3,2,3,2,2,2,2,1,2","98.93,98.86,97.03,97.63,98.26,98.55,98.71,98.47,98.00,97.17,97.79,97.48,98.32,99.29,97.00,98.64,97.62,98.77,98.78,97.11,98.97,96.98,99.41,97.92,98.50,98.44,96.33,97.67,98.13,97.23",79.87411832401621,0.6823576780777877,14.835371625762473,0
"3,1,0,0,3,2,1,3,2,1,2,1,3,2,1,1,3,2,1,2,3,3,2,2,1,1,3,1,3,3","89.22,94.27,90.12,94.12,88.75,90.37,92.01,92.86,94.28,88.62,93.44,96.47,94.88,94.40,92.56,90.45,91.32,99.15,91.57,88.21,91.00,93.77,92.55,91.17,97.54,90.15,93.68,86.73,89.93,92.74",31.579168026108633,0.7718681434345612,15.133515538847245,1
"1,2,2,2,2,1,2,0,2,2,2,2,0,2,2,1,2,1,2,2,1,3,1,3,0,2,1,1,2,2","93.54,94.07,94.84,97.93,94.81,95.19,96.56,94.34,99.99,98.20,95.23,96.96,95.98,95.48,97.00,97.00,97.80,94.77,95.88,97.15,97.07,100.00,97.17,94.67,97.61,95.94,95.38,97.84,93.73,97.67",73.71336058345547,0.7062800035095943,14.83498248323679,4
"2,1,3,2,2,0,2,1,2,2,2,1,2,2,3,2,3,1,1,3,1,0,3,1,2,3,0,1,2,2","93.59,90.45,96.63,92.25,90.77,94.27,90.68,90.25,90.38,90.58,91.38,92.90,93.12,87.11,91.75,89.74,93.33,97.02,92.29,95.47,93.48,85.68,89.72,86.65,89.00,87.83,91.77,91.18,91.96,88.17",52.78430541554308,0.9651142900141281,14.927092453948477,1
"3,0,0,1,3,2,3,0,1,0,1,3,1,2,2,0,1,2,1,1,0,3,2,2,0,3,0,2,1,2","95.76,93.37,95.85,98.02,92.82,95.58,92.46,95.95,95.53,97.29,97.88,94.61,96.95,91.62,95.65,95.53,95.81,91.62,98.20,95.12,98.44,91.28,96.34,93.06,92.68,94.23,96.18,99.03,96.92,97.83",58.432721877492185,0.7385710825895444,14.504713321710922,7
"2,3,3,1,2,1,1,3,1,2,1,3,3,1,2,1,2,2,2,2,2,2,2,3,2,1,2,1,1,2","95.79,90.62,88.95,88.18,82.97,81.54,94.26,90.33,86.67,93.75,88.16,90.13,80.54,91.37,90.39,89.26,89.20,84.82,91.11,89.61,88.48,84.54,88.47,90.43,89.89,89.45,82.85,86.80,92.37,83.28",45.693742053886524,0.7194866668799881,15.259297956962744,6
"3,3,1,2,1,2,1,2,2,1,2,2,2,2,1,2,1,2,3,2,2,3,1,2,2,3,2,1,2,1","99.32,97.85,98.83,98.33,98.06,98.87,97.31,97.57,99.57,97.32,97.27,97.94,97.44,98.09,98.02,97.44,97.54,98.78,99.24,97.72,97.84,96.94,98.45,98.20,98.16,98.47,98.23,97.41,99.36,97.54",80.82742952052875,0.8571390088915095,14.946707710332074,0
"3,2,2,2,3,1,1,3,1,2,3,2,2,1,3,2,2,1,2,2,3,3,1,2,1,2,2,1,0,3","93.70,98.05,95.11,96.02,97.91,97.16,94.99,98.33,94.03,98.27,97.75,95.29,97.23,94.32,94.80,94.24,96.37,98.54,96.52,98.77,97.80,97.70,93.34,95.71,97.85,95.28,98.74,95.93,96.38,95.47",52.12073138090129,0.7868611542912856,14.55662829090929,5
"2,1,3,1,1,2,2,1,2,0,3,1,1,1,2,0,3,2,2,3,2,2,0,3,2,0,1,2,3,1","98.09,97.37,98.13,99.03,98.83,97.11,98.27,98.02,93.79,93.09,100.00,97.48,97.65,96.15,96.32,98.49,98.44,99.77,99.00,95.88,96.10,95.86,96.41,98.81,96.01,95.32,96.25,96.87,97.28,95.14",70.14182189594791,0.8893580256739537,15.213149246724816,3
"2,1,1,3,1,2,1,2,3,2,2,2,2,2,1,1,2,1,3,2,1,1,3,2,1,2,3,2,2,2","97.78,98.63,96.63,98.29,98.18,98.36,97.38,97.55,98.32,97.42,99.06,98.25,99.35,98.12,98.12,99.35,97.45,97.38,97.28,98.16,96.76,97.42,98.34,98.35,97.74,97.86,98.51,98.32,98.78,96.51",79.65833580776979,0.8882245486772102,15.876016901775563,0
"1,1,0,0,1,2,0,2,2,2,2,1,2,2,0,2,2,1,3,0,0,1,3,1,2,2,1,0,1,0","94.98,96.67,96.06,96.96,95.76,97.17,96.08,91.14,95.82,93.92,97.90,95.14,98.10,92.14,96.67,94.01,93.58,98.92,94.70,98.78,100.00,90.79,98.12,93.27,96.55,96.92,94.63,93.98,96.30,94.68",74.69271312044293,0.9187830811702494,15.04144834127651,7
"3,1,1,1,2,1,2,2,0,0,1,1,2,1,2,2,1,2,1,1,2,2,2,2,1,1,3,3,2,1","98.59,98.26,94.37,89.86,95.10,90.77,95.28,95.66,94.71,98.22,94.12,98.18,97.36,97.08,93.94,96.28,94.45,94.90,97.76,98.82,95.39,93.21,94.76,97.88,96.30,93.00,98.08,95.16,94.60,97.81",54.28023167210217,0.9221553372587448,15.253944550499872,5
"2,1,1,1,0,3,1,2,2,2,2,1,1,3,3,2,1,2,3,1,3,3,3,1,1,1,2,2,0,0","99.04,95.89,93.96,96.77,97.79,100.00,94.72,96.74,94.66,95.41,95.56,95.98,95.33,98.77,97.83,93.15,94.39,96.60,99.34,92.24,99.21,98.27,91.35,99.45,100.00,96.90,98.33,96.97,98.79,96.15",68.23681320239875,0.7930155126602544,14.20274189971355,5
"1,2,3,3,1,2,2,1,2,2,1,1,3,1,2,1,3,2,3,2,1,3,1,2,2,1,3,1,1,1","90.46,89.65,82.71,85.12,87.77,86.72,88.79,96.82,87.20,84.12,86.37,88.22,87.87,88.59,89.51,85.46,93.80,86.19,83.51,84.77,90.22,89.76,92.78,93.43,86.41,91.02,83.71,89.09,93.93,89.05",43.997605893461234,0.8032664049032463,15.540598628971122,6
"3,2,2,2,1,1,2,2,2,1,2,1,1,1,3,2,3,2,1,2,1,2,1,1,3,2,3,2,2,1","93.81,86.00,83.90,88.81,89.19,86.19,82.82,90.39,94.69,89.20,93.81,90.79,86.84,87.52,92.04,87.03,92.21,87.66,90.21,81.28,82.99,86.95,86.71,91.43,92.35,95.37,95.00,91.02,93.32,89.14",28.667323646863544,0.7137156539706477,15.437733504611485,6
"2,2,1,1,1,2,1,1,2,2,1,2,2,2,1,3,2,2,2,2,2,3,1,2,2,2,2,3,2,3","96.75,97.03,98.50,97.36,97.71,98.80,96.99,98.52,99.37,97.78,99.16,97.80,98.40,98.43,98.16,97.95,97.72,97.09,98.14,97.18,97.65,97.88,97.06,98.10,98.56,97.78,98.63,97.63,97.95,98.21",74.7155776942738,0.6629342957956926,15.867038669378257,0
"2,3,2,2,2,3,1,2,1,3,1,3,2,2,1,1,2,2,2,1,3,2,1,1,1,1,1,1,1,1","89.27,86.12,90.09,87.93,87.17,93.83,85.35,85.31,84.13,84.38,100.00,89.00,95.57,92.33,91.83,90.65,92.75,90.08,86.16,81.40,79.25,91.07,82.80,83.69,91.94,85.90,83.56,92.11,84.41,84.47",35.38983847008035,0.8057524308008216,15.39472267519946,6
"3,2,2,1,2,3,2,1,3,1,2,1,2,1,2,2,1,3,2,3,2,1,2,1,2,2,2,1,1,2","99.30,98.12,97.55,98.04,97.52,98.36,99.28,99.26,98.30,97.82,98.31,99.16,97.44,95.99,97.57,97.65,98.02,98.79,97.53,98.80,98.67,98.10,98.24,97.69,97.24,99.10,96.44,98.92,97.75,98.16",69.68111027537637,0.7801286335139658,15.10022309024055,0
"1,2,2,1,2,1,1,3,2,2,2,1,3,2,2,1,1,2,2,2,1,1,1,1,2,2,2,1,3,2","91.19,84.59,84.62,88.81,88.34,90.81,84.42,92.11,94.35,82.04,77.66,92.47,86.49,86.92,90.35,92.20,85.98,91.94,88.96,84.45,90.09,91.56,87.57,95.64,93.18,90.13,84.36,95.82,83.96,89.44",30.465816371327275,0.7955736664586907,14.88884495343736,6
"1,3,2,3,2,1,2,2,1,1,1,1,2,1,1,0,1,3,1,1,2,2,1,3,3,2,1,1,2,1","89.14,92.28,87.63,92.92,93.18,92.97,94.88,91.64,92.85,90.47,99.69,92.51,88.90,95.11,90.91,93.25,88.84,93.45,90.23,92.05,93.00,92.37,91.80,98.27,100.00,93.09,89.73,93.25,90.07,92.24",36.91515336332755,1.0859410188148229,15.44408352928972,1
"2,1,2,3,1,1,1,1,1,0,0,3,3,2,0,2,2,1,1,2,2,2,1,3,1,3,0,2,0,1","96.72,93.84,97.11,95.05,95.09,98.72,95.69,96.92,98.13,97.79,95.65,91.30,98.18,95.02,93.69,95.95,99.52,93.15,97.11,89.79,96.89,98.14,96.27,96.07,95.68,96.21,94.51,92.31,95.14,96.40",52.9191715162324,0.8238087019497439,15.20563705916667,5
"3,2,3,3,2,1,1,2,2,2,2,2,2,2,3,2,2,2,2,2,1,1,3,2,1,2,1,2,2,2","97.64,97.24,96.47,98.45,98.55,99.21,97.64,98.83,98.73,97.07,99.26,98.75,96.47,98.81,97.42,98.79,98.74,97.91,98.42,97.65,97.52,98.77,99.36,97.49,97.60,97.18,97.28,98.41,98.26,97.44",71.79113849951652,0.7036580276881299,15.113565412521762,0
"2,1,1,2,3,3,1,2,3,2,2,1,3,2,3,1,3,1,2,0,1,3,0,1,2,1,0,1,2,1","93.06,95.72,93.92,96.76,98.68,94.85,100.00,95.86,97.92,97.00,97.06,97.74,95.24,98.03,97.12,97.42,98.38,95.52,97.13,95.80,94.78,97.05,95.36,94.33,95.79,97.92,95.79,96.16,92.75,95.07",41.97174142796436,0.6682340095319529,14.839552548903065,4
"1,1,2,2,2,0,1,1,3,0,1,3,1,2,2,1,3,2,2,0,1,1,0,1,2,2,3,3,2,1","97.86,95.56,96.71,96.66,95.44,99.06,94.46,99.32,100.00,93.94,98.71,96.13,96.39,97.21,94.28,94.18,96.70,93.40,96.88,96.33,96.17,95.36,93.57,93.83,94.12,99.03,94.21,95.29,95.82,96.87",44.134628018995386,0.805026472255597,15.204059534790916,5
"2,2,2,2,2,2,2,3,2,2,2,1,2,1,2,1,3,2,3,2,2,1,1,1,1,2,2,2,1,2","97.90,97.91,97.41,97.42,98.10,99.31,97.92,96.76,98.67,97.19,97.75,96.92,98.53,97.78,96.80,98.32,95.25,99.00,97.92,96.92,98.38,98.12,97.46,96.86,97.73,98.37,98.23,97.14,97.82,97.46",73.64385756217905,0.8598629880712825,15.741767681798391,0
"1,3,1,2,2,2,2,3,1,2,1,3,1,3,2,1,2,1,2,2,2,1,2,1,2,2,1,2,2,1","88.13,85.76,83.70,85.97,85.60,86.33,85.68,91.19,85.91,88.77,87.94,87.64,85.15,84.62,88.21,93.44,83.86,85.24,94.80,84.74,90.64,90.32,87.85,83.95,89.47,81.80,95.43,87.37,91.04,91.49",33.89183688285312,1.2405538583811067,14.425145147949282,6
"1,1,2,2,2,2,2,1,1,1,1,1,2,1,2,0,0,1,1,2,2,1,1,1,3,1,3,2,1,2","98.31,98.83,95.07,95.68,97.01,94.74,95.38,94.55,93.34,96.44,96.20,99.79,96.15,95.11,96.47,99.00,96.38,97.87,94.36,97.28,90.45,93.58,95.73,93.63,99.15,94.98,94.82,95.34,93.92,96.51",73.94933025183767,0.7107756005870098,15.583927317405188,5
"0,0,0,0,0,1,0,1,1,0,0,1,0,1,1,0,1,1,0,1,0,0,1,1,0,0,0,0,0,0","98.30,95.24,98.10,95.61,95.90,97.80,97.93,98.09,97.42,97.20,96.56,97.75,97.65,94.66,97.53,98.35,95.63,97.59,95.57,96.24,96.04,96.75,97.20,96.84,97.95,96.29,96.77,97.95,97.60,99.54",79.6995868153825,0.7818272796527809,15.245566037896177,2
"1,1,1,1,1,1,2,2,2,0,1,1,0,2,2,2,0,1,3,1,1,1,2,2,0,1,3,2,2,2","93.57,97.31,100.00,95.34,96.58,94.32,95.68,91.81,94.54,96.20,99.15,98.44,95.38,98.32,99.34,98.35,95.76,97.07,95.00,94.73,95.80,99.37,95.88,92.95,92.60,91.60,95.66,98.54,93.51,94.84",50.03966162879739,0.8314534887648267,15.39513983415622,3
"1,3,2,3,2,2,2,2,1,2,2,1,2,2,2,1,1,1,1,2,2,1,3,2,2,1,3,2,3,1","97.18,98.75,97.84,98.76,98.66,97.74,99.08,98.51,97.66,98.47,97.84,98.36,97.38,98.21,96.48,97.36,98.15,98.78,97.68,97.67,98.12,97.99,98.30,100.00,98.25,97.83,97.16,97.85,98.05,98.30",72.92886264684503,0.9544960638361003,15.169548691047249,0
"3,2,0,1,2,3,1,3,1,3,3,0,3,1,2,1,2,3,0,2,3,0,1,1,2,1,0,1,3,1","92.33,92.55,88.09,85.29,88.34,95.61,92.12,97.42,88.97,93.83,93.60,93.53,88.98,87.41,97.33,89.55,91.25,90.59,90.14,92.25,89.76,86.51,92.93,89.87,89.01,88.03,90.74,98.34,94.24,90.24",72.84701177291191,0.7163254477139739,14.880725588812869,1
"2,2,1,1,2,3,2,2,2,2,3,2,3,1,1,2,2,2,2,1,3,2,2,3,2,1,1,3,2,3","98.41,98.46,97.22,96.69,97.98,98.45,97.31,98.29,100.00,97.84,96.93,97.04,98.19,97.30,99.08,99.04,97.24,97.18,96.85,97.21,97.23,97.92,97.45,97.23,96.86,98.14,99.62,97.18,96.93,98.00",71.4598776469891,0.9318867656785529,15.20914254734408,0
"2,1,1,1,1,3,2,1,3,1,1,2,3,3,0,3,1,0,3,1,3,2,1,1,3,1,1,1,1,1","89.30,92.48,92.79,95.90,90.68,89.34,95.13,95.06,95.95,90.56,90.84,91.57,97.10,89.83,90.90,94.69,93.31,93.25,93.56,89.44,95.06,92.78,88.74,88.81,96.87,92.96,91.41,93.06,84.87,93.45",35.14479444377535,0.8923012875486528,14.812249417135119,1
"1,2,3,2,1,3,1,1,2,3,0,2,2,1,1,2,1,0,2,0,2,3,2,1,3,2,0,1,2,2","92.46,93.95,92.76,96.46,97.01,93.31,94.41,97.70,94.33,99.39,94.37,94.54,96.54,97.19,93.46,95.21,95.61,96.29,93.47,96.77,91.74,95.29,97.82,93.40,93.89,95.36,96.43,96.97,92.58,96.92",50.27411802794627,0.7807804032258434,15.044116265998662,4
"0,0,1,1,1,1,0,0,1,0,1,1,0,1,0,0,0,0,0,0,0,0,1,0,1,0,0,1,1,1","96.76,95.63,96.40,94.05,98.63,97.19,96.84,95.44,96.45,97.02,98.03,97.42,97.32,97.11,98.13,95.39,95.36,96.47,95.59,97.01,97.46,94.98,96.28,97.84,95.47,99.02,95.20,97.15,97.35,97.38",71.22608300752877,0.6131377730631691,14.732823930082507,2
"2,2,3,2,2,2,2,2,3,3,2,2,2,3,3,2,1,2,1,3,2,3,3,2,2,2,2,2,2,2","98.94,97.59,98.54,97.56,98.97,97.89,97.87,98.48,100.00,98.39,98.94,97.61,98.32,98.71,96.78,97.83,97.12,97.33,96.83,97.01,97.40,98.49,97.63,96.98,98.14,98.09,97.91,96.91,98.39,97.96",61.252239004100254,0.6467587652709379,15.22535260696822,0
"0,3,1,1,2,2,0,3,2,1,1,2,2,3,1,0,1,0,2,2,1,0,2,2,0,2,2,0,3,0","94.52,99.16,95.90,97.86,91.67,95.38,96.17,94.68,100.00,96.22,95.62,98.21,96.41,94.71,96.91,99.31,96.30,95.25,96.41,96.59,98.68,93.21,94.19,96.41,94.70,96.17,96.32,97.61,95.62,99.47",51.94918141045317,0.7303186418450548,15.140442663602567,5
"1,3,0,1,2,2,1,2,2,2,3,2,0,2,2,1,1,2,2,2,3,2,2,3,1,2,2,2,2,2","93.42,94.51,96.00,94.35,99.33,94.62,96.47,97.64,97.63,91.67,95.05,95.76,94.92,97.43,94.54,100.00,96.54,95.89,95.31,95.72,97.79,95.08,95.96,94.17,97.68,96.96,98.80,96.68,96.77,95.84",48.4478973999347,0.8564502966578421,14.526665413792875,4
"1,2,2,2,2,3,1,1,3,2,3,2,2,2,3,2,2,1,1,2,2,2,2,2,2,2,3,3,2,1","97.01,98.79,98.11,97.64,99.41,98.30,99.06,99.52,99.33,98.58,97.69,97.13,97.82,99.39,97.12,98.85,99.23,98.82,98.34,97.97,99.33,97.73,98.78,96.91,97.70,97.78,96.70,97.26,97.29,99.34",50.03751156545135,0.837472340450311,15.263017367216532,0
"3,0,2,1,1,3,1,1,3,2,2,1,2,1,0,3,2,1,0,2,3,3,0,1,3,1,3,1,2,2","97.90,96.67,98.27,97.64,94.43,97.05,93.94,99.00,93.85,96.70,95.67,98.47,96.43,99.31,95.33,94.55,96.80,93.22,99.84,100.00,94.47,97.24,96.66,97.32,93.27,94.77,98.46,94.32,96.86,97.90",53.19124168130679,0.9796530761613806,14.647480478764447,5
"2,2,1,1,2,0,1,2,1,2,3,2,3,3,2,2,3,1,2,1,1,0,1,3,1,2,2,0,2,2","96.46,93.35,97.20,92.00,93.79,97.35,94.19,95.49,95.27,96.10,95.60,94.28,95.34,96.62,95.50,95.55,90.39,99.83,95.96,93.99,93.04,95.74,92.71,98.15,98.69,95.08,100.00,98.00,92.56,94.77",69.54069330687805,0.8541094294474548,14.271549611959262,5
"1,1,1,0,1,0,1,1,0,0,0,0,1,0,0,0,1,0,0,0,0,0,0,0,0,0,1,1,1,1","95.56,97.09,96.78,98.64,96.65,98.22,96.83,96.94,97.37,96.90,96.83,95.90,98.90,96.45,95.61,97.56,96.02,97.84,97.72,97.51,97.02,95.52,97.57,98.17,95.97,96.68,97.57,96.12,97.68,96.79",52.36443219613323,0.598462195174636,14.75860522047583,2
"1,2,1,2,3,3,1,1,0,1,2,2,1,1,2,3,1,1,1,3,1,2,0,1,2,3,3,3,2,1","87.52,89.05,86.97,92.56,91.08,93.58,94.19,91.38,89.47,93.13,96.05,93.48,87.04,90.96,95.32,89.60,91.92,88.78,93.50,95.12,86.68,91.04,88.79,89.53,93.06,88.19,88.37,92.44,93.80,92.14",35.283631666052884,0.782729018734179,15.079136994512716,1
"2,1,3,2,2,2,2,1,1,2,2,3,2,2,2,1,2,2,2,3,2,3,2,2,1,1,2,3,1,1","97.24,97.61,97.67,97.82,97.55,98.52,99.77,98.71,98.43,97.77,98.91,99.27,96.80,98.30,99.52,98.36,98.66,98.49,96.45,98.21,97.87,97.44,99.17,97.77,97.67,98.12,98.40,97.77,98.61,97.66",73.51825905521717,0.9367242152184306,15.193610198171104,0
"0,3,1,2,2,1,2,1,2,2,3,0,2,2,2,2,2,1,2,2,0,1,0,0,2,0,1,1,3,3","99.09,99.07,95.75,97.48,92.84,97.89,94.64,100.00,97.62,94.98,96.02,96.31,99.36,94.49,98.49,97.51,94.62,98.21,95.37,94.78,97.78,96.96,96.17,97.09,95.57,96.77,95.55,95.64,94.56,95.99",48.23036634320687,0.8238821767626453,15.397315857175917,5
"3,1,1,1,1,1,1,2,2,3,3,2,2,1,2,2,2,2,2,3,2,2,2,2,2,3,2,2,2,3","97.65,99.70,98.99,96.74,97.68,98.60,99.08,97.45,97.38,97.60,99.06,99.01,99.27,98.14,98.63,97.53,97.21,98.22,97.77,98.73,97.23,98.89,98.05,98.95,97.78,97.21,96.56,97.37,97.10,98.72",71.34008816164476,0.7653696438320711,14.925451137098259,0
"2,2,2,2,1,2,2,2,3,2,3,2,2,2,2,2,1,1,2,2,2,2,2,2,2,2,2,2,1,2","98.50,98.33,99.00,99.04,98.39,98.05,97.30,98.03,97.57,97.84,98.53,97.86,96.77,98.64,97.80,97.53,97.65,97.73,98.96,97.12,98.84,97.92,98.70,98.98,98.66,97.78,97.59,96.71,98.87,97.66",70.4231572362806,0.9559222423396396,15.071678566844918,0
"2,2,2,2,1,3,2,2,1,1,2,3,2,2,3,2,1,2,3,3,3,1,2,3,2,1,2,2,1,1","98.63,98.69,97.62,98.36,97.33,97.13,97.75,97.35,97.78,96.42,98.09,98.18,98.99,97.09,97.25,97.79,98.16,97.85,97.74,98.69,97.88,97.11,98.46,96.88,96.08,97.38,99.12,97.70,98.05,99.52",80.35795811735073,0.7792786886350842,14.366140667642902,0
"2,2,1,3,2,1,1,2,2,3,1,3,3,2,1,2,2,1,2,2,2,2,2,3,2,2,2,2,2,1","87.32,87.22,88.07,92.12,86.04,86.02,89.83,96.53,91.69,92.89,94.90,93.74,84.79,84.09,95.29,87.11,88.12,87.70,91.52,94.45,84.77,88.95,89.03,91.29,87.64,84.24,86.85,91.04,86.95,84.09",60.2036340696082,0.9701139843404182,15.02032563596881,6
"0,1,0,1,1,3,2,2,0,2,2,1,1,1,1,1,1,1,3,3,1,2,1,1,0,1,0,3,3,2","90.68,91.42,96.98,90.11,87.72,91.21,98.01,89.75,92.44,90.52,91.53,90.64,94.71,94.45,94.86,88.77,95.32,79.24,92.65,90.57,88.17,93.35,89.21,93.10,88.53,94.91,91.57,90.36,91.38,92.75",45.05282291365911,0.4529221548213101,14.869286394580095,1
"1,1,1,2,2,1,3,2,2,1,2,2,2,3,1,1,3,1,1,2,2,1,2,3,1,3,2,1,2,2","100.00,84.84,87.84,85.18,76.52,91.06,87.78,86.62,89.25,88.51,93.80,85.07,89.65,89.66,85.09,90.20,94.98,90.41,87.34,87.06,90.05,85.47,86.90,88.63,81.58,83.25,94.09,89.24,93.29,93.91",40.94465193401127,0.5521418277252725,15.011197862158548,6
"2,3,1,3,3,3,2,3,3,2,2,2,2,2,3,2,3,1,1,2,2,2,2,3,2,1,2,1,2,2","97.47,96.99,98.11,98.37,98.66,97.82,100.00,96.87,97.80,99.79,96.84,98.32,98.26,99.50,97.51,98.82,95.35,97.04,98.85,97.57,97.08,99.28,97.72,98.35,98.71,98.28,97.87,97.93,97.95,97.57",89.95987718134991,0.6971360069208294,15.125005945396554,0
"0,1,0,2,2,1,2,1,1,1,0,2,3,2,1,2,3,2,1,1,3,1,1,3,2,0,2,3,2,2","94.15,97.78,95.19,96.73,96.10,94.63,98.34,93.73,96.22,95.35,96.09,90.34,96.21,97.84,97.53,97.38,97.98,95.14,96.49,96.95,96.88,94.85,97.15,91.65,97.59,94.78,98.03,93.60,96.84,100.00",52.966929808071065,0.918818424042161,15.274326104667331,5
"0,0,0,0,1,0,1,1,1,1,0,0,1,0,1,0,1,0,0,0,1,0,0,1,0,1,1,0,0,0","97.65,98.10,96.48,95.30,98.18,96.85,98.99,97.29,97.92,97.12,95.68,96.83,98.62,97.32,96.49,96.64,97.92,96.82,97.51,98.09,97.96,98.66,99.40,97.07,98.27,97.86,96.90,95.05,97.03,96.27",51.25693608779865,0.8452378522126452,15.712487965558154,2
"0,1,0,1,0,0,0,1,0,0,1,0,1,1,0,0,1,0,0,0,1,0,0,0,0,0,0,0,0,1","96.39,97.85,96.75,96.86,96.56,98.04,97.37,95.93,97.80,97.35,97.46,97.65,95.92,96.22,96.12,98.75,96.95,97.22,95.38,98.47,98.06,98.81,96.44,97.53,96.95,96.59,96.17,97.62,96.31,97.39",56.859546951558,0.7748746960377851,15.561211298228649,2
"1,1,1,3,2,2,2,1,2,2,2,2,2,2,3,3,2,1,2,2,1,3,3,1,2,2,2,2,3,2","98.77,99.34,97.86,97.82,97.82,97.30,96.79,97.40,98.19,97.76,98.62,98.21,97.18,96.65,98.40,98.35,97.26,98.24,97.95,98.59,96.77,98.22,98.70,97.12,98.32,99.28,97.40,98.43,97.58,97.89",68.99662639748695,0.793597284408171,14.739837695029317,0
"3,0,2,3,0,2,1,2,0,1,2,2,2,2,2,2,3,1,2,3,1,3,0,0,0,2,1,3,1,1","88.43,87.96,96.41,92.72,89.36,89.65,92.38,97.32,89.71,88.52,94.03,93.08,89.20,90.42,95.37,85.47,88.32,93.57,94.80,90.11,91.93,92.78,91.46,90.11,95.98,94.90,90.42,91.69,92.19,93.51",55.973118076338004,0.892449399298924,14.207163770343794,1
"2,2,3,3,1,2,3,2,3,2,2,2,1,2,2,1,2,2,2,2,1,2,3,2,2,2,3,3,2,2","96.79,97.12,97.68,97.07,97.64,98.85,97.78,98.54,97.72,97.52,98.84,98.93,96.95,98.45,96.83,97.25,97.34,97.62,97.17,98.11,97.30,96.77,97.99,96.38,99.51,97.64,99.02,96.89,98.56,98.34",78.24080303486058,0.8302442300934728,16.076470561967938,0
"2,1,0,2,0,0,2,3,0,1,3,3,1,0,3,1,3,3,0,1,3,3,2,3,2,3,1,3,2,1","91.46,95.60,93.50,96.63,97.10,90.01,91.55,99.30,88.60,99.72,93.06,92.00,94.40,90.33,91.32,90.02,91.80,91.45,94.86,95.97,90.51,91.28,94.67,92.77,92.03,91.30,97.34,93.91,98.74,93.27",48.67067226793616,0.8433412056485013,15.056201455305596,1
"3,3,1,1,1,1,3,2,1,0,1,1,0,2,1,0,1,1,2,2,0,1,1,2,0,3,1,3,2,0","93.82,92.25,98.83,95.88,94.31,98.44,100.00,96.52,94.53,96.88,95.71,98.20,94.61,99.03,95.69,95.31,96.06,99.22,96.45,95.01,94.08,94.37,95.52,96.27,97.35,94.25,94.36,96.04,97.21,93.35",60.22429495947569,0.811326532491181,14.968169157611651,4
"0,0,1,0,0,1,0,1,0,0,0,1,1,0,1,0,0,0,0,1,0,1,1,1,0,1,0,0,1,1","96.91,99.13,95.69,98.12,98.79,96.41,98.97,97.22,94.56,97.76,95.95,97.72,97.81,96.63,96.61,99.18,96.99,98.40,97.03,97.98,96.52,97.11,97.28,97.47,96.81,97.24,95.87,96.37,96.64,97.42",55.24791932518715,0.7360162417206826,14.80558784467814,2
"1,2,0,0,1,3,2,2,3,3,3,1,2,0,1,2,1,0,2,1,0,2,1,0,2,3,3,1,3,1","97.42,96.58,91.53,97.34,95.20,98.22,94.48,94.96,92.34,96.48,93.20,97.23,96.16,99.33,97.44,96.37,98.40,94.83,97.92,94.57,97.44,97.99,100.00,99.49,100.00,95.72,95.39,95.38,95.07,94.94",44.823109787387565,0.9860390982844431,15.089713501581537,3
"2,3,2,1,2,2,1,1,2,1,3,2,2,1,2,1,1,2,3,3,2,3,3,2,2,2,1,2,1,2","86.42,100.00,94.21,87.47,90.91,86.53,86.68,89.11,79.78,83.73,90.87,91.60,82.15,91.23,85.03,89.69,88.06,86.90,87.97,89.93,90.92,93.28,87.58,92.42,88.20,93.91,91.55,82.98,87.65,85.47",60.00549507549953,0.7884642796328419,15.07594707940057,6
"2,2,2,2,3,2,1,1,2,3,2,2,2,2,2,3,2,1,2,2,1,3,2,2,2,2,3,1,2,2","97.99,97.85,97.73,98.76,97.16,98.42,98.85,96.40,98.86,97.61,98.02,97.32,97.06,98.78,98.65,97.83,98.81,98.82,97.47,98.74,99.98,98.25,98.25,98.23,97.73,97.39,97.87,97.00,98.44,96.30",74.49364357736971,0.6968530860741086,14.94232824356485,0
"2,1,2,2,2,3,1,1,2,3,1,2,1,1,1,2,2,2,2,2,2,2,1,2,3,2,2,1,3,2","98.56,97.46,97.42,97.83,97.34,98.61,96.70,96.92,99.53,97.92,97.43,98.45,97.06,98.47,96.69,97.42,98.44,97.83,96.74,98.12,97.45,98.16,97.41,98.63,98.30,97.98,97.58,96.94,98.48,97.89",58.419709211537196,0.8150667721544497,15.407475208476278,0
"3,3,3,0,2,1,2,2,2,2,3,1,2,2,2,1,3,0,2,2,3,1,2,3,2,2,1,2,3,0","94.69,100.00,94.94,99.77,98.69,99.77,97.23,95.61,97.73,93.43,96.52,96.06,96.28,93.60,96.35,98.97,97.89,96.31,92.80,96.68,96.04,95.30,95.23,94.87,98.70,97.45,96.08,99.00,96.91,93.19",60.75321239069634,0.7953474889973686,14.63079429845173,3
"2,0,1,0,0,1,2,2,1,2,0,2,2,0,1,2,1,1,2,3,1,1,3,2,1,1,2,2,1,1","91.87,87.16,89.29,94.01,92.46,93.72,92.93,86.25,91.87,89.72,88.76,88.63,90.03,95.05,89.60,87.99,95.94,85.59,90.90,94.22,93.26,92.06,91.36,92.19,91.50,94.14,92.87,94.70,89.06,91.14",56.36832148609915,0.7075842551260472,15.187079547258046,1
"0,1,0,1,2,0,0,2,1,2,1,2,1,3,2,2,3,1,1,1,2,2,2,2,3,0,0,1,1,3","100.00,95.39,96.57,97.61,97.89,97.07,96.16,92.80,97.19,96.30,93.73,97.20,97.21,92.73,89.78,95.11,97.66,94.28,93.54,93.69,93.95,97.17,93.49,94.39,95.89,93.68,95.12,97.72,96.58,97.66",65.99604075476145,0.8570773710952236,14.712074877101719,3
"2,2,1,1,2,2,2,1,1,2,1,2,3,2,1,1,2,1,2,1,1,2,2,1,2,2,3,2,2,1","89.70,91.37,84.70,86.29,85.58,86.48,91.83,84.47,85.05,84.66,92.70,93.40,89.58,92.70,88.26,93.58,93.97,83.51,83.39,81.92,79.49,95.32,89.85,82.05,89.60,86.46,84.09,84.45,88.96,95.45",27.359685198447497,0.6984579063570397,14.685224811875035,6
"1,2,1,1,0,3,2,2,0,2,1,2,1,2,0,0,2,2,2,2,2,1,2,0,1,0,2,1,1,0","99.14,98.27,94.19,98.79,95.73,96.35,96.45,94.89,95.52,97.20,95.30,96.69,95.30,95.78,97.99,95.57,95.69,94.80,96.64,99.59,96.61,94.92,94.29,97.22,95.72,94.29,100.00,95.26,94.18,94.39",66.34230651779019,0.7769253995447356,15.154107171064735,4
"2,3,2,2,3,1,3,2,1,2,2,2,1,2,1,2,2,1,3,3,1,2,2,2,2,1,2,3,1,1","89.13,79.78,82.45,98.14,90.45,92.19,90.76,90.92,84.48,90.26,88.34,81.52,88.35,87.93,91.61,94.74,89.24,87.97,87.25,81.89,86.21,91.19,85.20,90.79,85.45,89.65,88.68,86.22,90.58,80.31",52.14824007569617,0.7207590321786499,14.631347424999541,6
"1,3,2,1,2,1,2,1,2,3,2,2,2,1,2,2,3,2,3,2,3,2,2,2,2,2,2,2,2,2","100.00,98.38,97.57,98.35,98.93,97.55,97.40,97.16,97.47,97.45,97.71,98.95,97.80,97.79,97.48,97.67,97.22,98.31,98.52,98.08,97.99,96.65,96.81,97.76,97.95,98.30,98.58,97.85,97.44,95.67",76.53579359901761,0.734076414069135,14.264339366568976,0
"1,3,1,0,1,1,3,2,1,0,2,2,0,1,2,2,2,2,3,1,2,2,2,0,1,2,1,1,0,0","97.60,95.38,94.74,95.47,95.36,94.64,96.06,93.78,97.42,97.53,92.78,97.67,97.04,95.87,98.13,95.20,96.77,96.37,94.28,92.84,94.79,98.89,96.14,94.17,94.13,95.40,96.28,96.13,95.68,96.26",61.274864557725245,0.7654759704328593,15.284095126305049,4
"0,3,3,0,0,0,1,1,2,3,0,3,2,1,2,2,2,2,2,3,3,2,2,1,3,0,0,2,2,2","95.75,96.20,94.04,95.86,93.09,100.00,94.67,94.36,96.84,96.54,95.64,93.88,95.30,98.29,97.01,92.09,93.39,95.37,94.74,95.50,96.22,96.65,97.35,95.83,94.05,98.27,97.49,100.00,94.10,98.04",78.4844125518304,0.8306414770883658,14.804772795771148,3
"2,3,2,2,2,3,1,1,3,2,2,3,1,2,3,2,2,3,2,3,3,2,2,2,3,1,2,2,2,1","98.81,96.95,96.66,97.62,97.46,97.03,96.85,97.37,98.21,98.61,97.71,97.76,98.10,96.16,98.19,97.23,98.90,98.35,96.51,97.82,98.86,98.10,97.99,97.42,97.93,96.95,97.81,98.21,97.29,98.24",64.84840159555503,0.795138877615727,15.324149109196378,0
"2,3,1,2,2,3,2,1,2,1,2,2,3,2,2,3,2,2,3,2,2,2,2,2,2,3,3,3,2,2","98.32,97.93,100.00,98.80,98.29,97.75,97.70,99.16,98.93,99.17,99.02,98.50,99.26,97.53,96.70,100.00,99.56,96.74,99.52,98.44,98.86,97.09,97.42,98.60,98.67,97.74,98.56,96.75,96.63,97.41",63.738295044826025,0.8169969923657809,14.916970191776809,0
"1,2,2,2,3,2,1,2,3,3,3,2,2,2,2,1,3,2,3,3,2,2,2,2,2,2,2,2,2,2","97.84,97.04,97.55,98.71,98.41,99.22,98.84,96.81,97.50,96.82,98.28,99.37,99.04,97.42,97.37,98.34,98.79,96.06,98.50,97.38,97.89,98.33,98.73,97.86,97.12,98.32,98.08,98.11,97.52,97.72",75.1853876822247,0.7862747461491933,14.99915167303415,0
"1,1,0,0,1,0,1,1,0,0,0,0,0,0,0,1,0,1,1,1,1,0,1,0,0,0,1,0,0,1","96.67,96.56,96.46,98.62,97.10,96.41,98.18,98.03,96.37,96.66,98.22,97.20,96.21,97.96,99.04,97.07,98.74,97.53,95.83,96.57,97.88,95.27,95.87,97.33,96.68,96.00,97.74,95.73,99.54,98.14",55.7828886564228,0.861093555017597,15.12313868473413,2
"1,1,2,0,2,0,0,2,3,2,3,3,1,1,1,2,2,1,2,0,2,1,2,1,3,1,2,2,2,2","97.78,94.91,99.81,91.05,97.58,92.18,97.15,92.16,95.46,100.00,95.81,92.97,95.23,100.00,91.16,94.70,93.92,96.67,94.26,97.44,94.51,96.32,94.63,99.11,95.06,95.56,97.28,93.43,98.97,94.83",70.27957673460833,0.8384175965362534,14.959001769331074,4
"2,1,1,1,2,2,1,3,1,1,2,3,0,3,3,3,1,0,1,1,1,2,3,2,2,1,1,2,2,3","94.62,91.94,92.58,96.61,91.69,93.83,95.04,85.07,91.18,93.92,93.00,95.57,94.68,90.57,96.04,90.94,90.98,91.39,93.40,95.92,95.14,94.74,89.05,89.51,97.20,91.70,90.44,91.44,87.39,91.81",40.43989611009448,0.6688253551689002,15.179279803001238,1
"3,3,2,2,2,2,2,1,2,2,2,2,2,3,1,2,1,2,1,2,2,2,1,3,2,2,3,2,2,2","96.94,98.20,97.63,96.46,97.60,97.16,98.28,98.21,96.46,98.13,97.60,97.31,99.07,97.30,96.56,99.22,98.55,96.46,97.70,97.85,98.70,97.59,97.96,98.55,98.18,98.58,95.38,98.87,98.05,98.46",60.451708162104026,0.6337502112171098,15.676224203574625,0
"3,2,2,2,2,3,3,1,2,2,2,2,2,2,1,1,2,2,1,2,1,2,2,3,2,2,2,2,1,2","97.70,97.63,98.99,97.41,97.63,97.70,97.93,97.78,99.30,97.93,98.58,98.52,97.51,97.58,97.21,97.13,99.29,97.89,98.83,97.07,98.19,97.61,99.58,97.35,97.06,97.90,97.25,96.90,97.57,96.99",67.58780781920828,0.5849133882086203,14.530495168470134,0
"2,2,2,2,2,1,2,2,2,2,2,2,2,2,1,2,1,2,3,3,1,2,1,1,3,1,1,3,2,2","86.55,88.47,87.76,92.85,85.87,81.82,91.49,96.34,89.84,84.55,86.18,89.25,90.07,87.26,92.62,97.09,95.00,95.91,88.81,90.16,92.81,88.75,87.63,84.12,80.39,81.76,91.65,82.74,94.28,90.70",37.11437180237354,0.41274857217948774,15.09453861648261,6
"2,2,2,1,2,1,1,2,2,1,2,2,2,2,2,3,2,3,2,1,3,2,1,1,2,2,1,2,3,2","98.16,99.38,97.20,99.49,97.87,97.22,98.52,98.03,97.87,97.87,98.69,98.04,97.59,97.40,98.18,96.91,96.86,99.75,96.61,97.73,98.52,98.62,98.18,96.81,97.34,98.06,98.00,97.99,97.04,98.38",81.44481992170398,0.6519935358034403,14.64342022032112,0
"0,1,2,2,2,2,2,1,1,1,1,1,1,2,1,1,1,2,0,2,1,2,1,1,3,2,1,3,3,1","93.17,95.85,95.37,96.38,97.73,97.20,98.45,94.68,97.66,91.89,96.85,92.94,95.39,97.39,96.49,95.84,96.97,94.53,97.95,96.07,95.77,95.25,98.48,96.96,95.48,92.50,96.76,97.99,93.82,99.00",78.06292511700066,1.0660672530394506,14.867139757560246,5
"1,3,1,1,3,2,3,3,3,2,1,0,0,0,1,3,1,3,1,2,1,1,1,1,3,3,1,2,0,3","93.87,93.58,93.77,92.61,88.88,95.58,97.07,90.85,96.29,91.56,95.92,90.28,93.35,89.70,92.18,93.89,91.62,91.31,94.44,86.73,95.29,92.64,87.15,94.28,95.59,89.75,95.51,87.79,88.45,96.63",58.43788414779486,0.8943538553730997,14.832390738319129,1
"0,0,0,1,0,0,0,0,0,0,0,1,1,0,1,1,0,0,0,0,1,0,1,0,0,0,0,1,1,1","96.85,97.32,96.21,97.80,96.30,95.21,96.98,96.26,96.85,96.66,97.72,96.29,98.28,96.81,97.62,97.49,95.79,97.58,97.27,97.25,96.08,96.83,97.56,97.09,96.74,97.53,96.70,96.41,96.08,96.46",64.7091379581518,0.8915947323608976,14.870554488665872,2
"3,1,2,1,3,1,2,0,0,2,2,1,3,1,0,2,3,3,3,0,0,3,1,1,2,2,2,2,1,0","92.90,90.12,90.63,91.66,92.19,91.93,98.49,93.07,91.18,91.40,91.29,92.73,85.24,91.27,91.09,94.72,91.40,92.10,88.73,95.67,88.71,90.82,86.66,91.69,88.89,94.66,91.64,89.86,90.18,90.77",35.57247385536889,0.7528223427553759,14.710338252443348,1
"2,1,3,1,2,2,2,2,2,1,2,2,2,2,2,3,2,3,2,2,2,2,1,1,3,2,2,1,1,2","97.05,98.79,97.76,97.01,97.95,97.99,98.64,98.51,98.17,97.52,98.41,98.87,97.18,96.75,98.02,98.82,98.56,96.51,98.17,97.50,98.07,98.17,99.30,99.00,97.71,98.61,97.83,98.49,96.72,98.04",71.35818011393745,0.8180788119217969,15.060986204152893,0
"1,2,0,1,2,0,2,3,1,0,1,2,2,3,1,1,2,3,2,3,0,3,0,2,2,3,1,2,3,1","92.08,90.34,92.93,86.17,92.96,87.90,90.65,91.20,94.13,88.71,88.73,90.73,91.30,94.18,90.19,93.20,90.99,92.94,89.20,94.92,92.75,86.78,90.91,94.76,94.46,92.73,91.44,95.76,87.53,93.91",46.87640245426803,1.1730074633037126,14.976687029348836,1
"3,2,1,1,1,0,1,0,3,1,3,2,2,1,1,2,2,2,1,2,1,2,1,1,2,2,2,2,2,3","99.47,94.06,97.18,99.66,92.92,93.46,94.98,100.00,97.08,96.30,96.45,91.45,98.26,93.26,95.94,99.01,93.46,94.84,95.75,92.01,95.39,91.49,94.61,95.28,96.98,92.83,99.13,97.46,91.27,99.55",61.18038987916447,0.7646822136567754,14.665549785091173,7
"1,0,0,0,0,1,0,0,0,1,1,0,0,1,0,0,0,1,1,0,1,1,0,0,0,1,0,1,0,0","99.47,94.75,97.37,96.57,96.95,96.70,97.25,96.95,97.50,96.48,96.80,97.12,97.63,96.15,96.33,99.81,96.87,97.60,96.86,96.86,96.84,96.67,96.60,97.64,96.69,97.48,96.48,99.28,96.01,97.47",32.81258076300155,1.0693490383308863,14.684206044450644,2
"1,2,0,1,1,3,1,0,2,2,0,3,1,0,2,2,3,1,3,0,1,1,1,3,0,3,3,3,0,3","86.90,98.86,92.35,88.90,83.13,90.52,87.17,97.77,86.00,91.17,82.02,91.69,87.80,86.65,90.18,89.95,88.60,89.77,88.46,90.11,87.64,91.89,85.13,93.15,95.13,93.43,91.28,89.76,95.76,95.16",48.40490422522985,0.7315734317528207,14.726293974644106,1
"0,0,0,1,0,1,0,1,0,0,1,0,0,0,0,0,0,0,0,1,0,0,0,1,0,0,0,1,0,0","95.86,95.89,95.84,96.98,96.08,96.69,96.59,98.26,97.37,97.58,96.49,99.66,99.06,96.39,95.27,96.29,98.20,96.95,96.87,96.63,96.22,96.60,96.58,97.41,97.21,95.78,97.16,97.83,97.34,97.02",79.43581499754528,0.9137698742626049,14.946416009649806,2
"1,2,1,1,2,3,2,3,2,2,3,2,2,1,2,2,2,2,2,2,2,3,2,1,3,2,1,2,2,1","98.29,96.49,97.38,97.57,98.88,97.54,95.94,97.71,98.20,97.53,98.39,98.01,98.22,98.45,99.40,98.11,98.18,98.19,98.68,98.50,96.66,96.91,98.03,98.49,99.10,98.10,98.11,98.68,98.17,98.51",69.3763800433378,0.8985003879121418,14.921551991962822,0
"0,1,0,0,0,0,1,1,1,1,0,0,0,0,0,0,0,1,1,0,1,1,0,0,1,0,1,0,0,0","97.28,97.20,96.49,96.19,96.32,96.90,97.93,95.65,96.62,98.19,98.47,95.41,95.97,97.04,97.39,97.16,97.29,97.67,94.87,97.44,96.58,96.97,96.74,97.34,97.31,96.76,96.83,98.24,97.25,95.76",44.63316950037953,0.6266470347340152,15.037463856938292,2
"0,1,2,0,1,1,2,1,3,1,2,1,1,0,0,1,2,3,2,2,1,0,3,1,3,3,1,2,2,2","95.25,94.20,96.78,95.53,98.60,92.57,98.18,95.65,97.18,96.59,95.23,95.87,99.55,93.22,97.59,99.30,97.31,97.28,96.25,96.95,96.75,93.30,94.19,94.92,95.00,93.84,95.38,96.61,95.61,95.78",39.65794705400533,0.797147508880449,14.544780923717266,3
"3,2,1,2,2,2,2,3,3,3,3,2,3,2,3,3,2,1,2,2,1,3,1,1,3,3,2,2,2,3","98.64,99.30,97.59,97.33,97.41,96.94,98.96,97.81,97.10,97.38,98.34,99.61,98.14,98.22,98.37,97.70,99.31,97.11,97.36,97.72,98.12,97.99,98.54,97.60,98.97,99.73,96.55,97.63,97.17,97.40",58.234809212091925,0.6997574605937351,14.898453193486555,0
"2,2,3,2,1,2,2,3,3,3,1,3,2,1,2,2,1,3,2,1,2,3,2,3,2,2,2,3,3,2","96.77,98.12,98.17,97.27,98.07,96.83,98.71,97.18,98.60,99.40,98.38,98.21,97.41,98.44,98.24,99.65,97.57,97.30,99.60,99.40,97.03,98.43,96.85,98.49,98.40,98.26,98.83,96.67,97.57,97.97",75.01446543789291,0.601188109024641,14.968445758468294,0
"2,2,2,1,3,2,1,2,3,1,2,2,2,1,3,2,2,2,2,2,2,3,2,1,2,3,2,2,2,1","98.40,98.64,98.37,98.25,98.08,98.56,97.69,97.83,98.44,97.04,98.74,97.43,97.48,98.03,96.74,97.14,98.11,98.04,97.61,96.91,97.80,97.74,98.11,98.06,98.48,98.39,96.95,98.67,97.13,99.08",85.16947310525006,0.547294329717682,14.639714100399692,0
"2,1,2,3,1,1,0,1,3,2,3,2,2,2,1,3,2,2,2,0,0,3,2,2,1,2,1,3,1,2","96.13,94.94,93.42,98.68,94.02,94.92,96.84,92.96,93.21,98.66,93.21,97.30,96.76,98.92,96.00,95.14,95.91,99.28,93.78,99.24,94.24,95.82,97.99,100.00,91.05,100.00,95.28,97.63,98.39,95.67",61.64682550666217,1.0539965422349735,14.808261821943836,4
"2,3,3,2,1,1,3,1,2,2,3,3,1,2,2,1,3,3,1,2,2,1,2,3,3,2,3,1,2,2","90.24,81.85,89.33,79.33,88.91,83.40,87.10,88.44,85.44,91.12,91.92,94.75,88.72,88.17,90.44,89.88,84.48,91.25,96.05,85.12,90.69,82.96,89.19,86.82,88.90,88.14,86.81,79.51,91.02,86.20",28.23189365612801,0.7442686025345703,15.266924707570672,6
"1,3,3,2,0,1,0,1,1,0,2,2,2,0,1,1,1,2,0,2,1,3,2,1,3,3,2,2,3,2","90.16,89.87,93.30,95.58,90.77,94.57,96.23,88.43,93.29,93.87,93.22,100.00,89.73,95.35,95.48,94.41,90.84,88.90,92.21,95.50,90.92,95.64,92.61,90.15,88.75,95.10,87.63,95.31,90.80,89.44",64.86321374081764,1.0477161672454234,14.974160115564553,1
"1,0,1,0,1,1,0,1,1,0,1,0,0,0,0,0,1,1,0,1,1,0,0,0,0,0,0,0,1,0","95.85,97.15,96.04,96.12,98.91,96.20,96.76,97.39,95.98,98.16,95.59,96.13,98.80,97.89,96.92,98.59,96.94,95.76,97.96,96.95,95.36,97.31,98.96,97.17,98.01,98.12,96.37,98.42,97.25,98.60",47.03137289055378,0.6269000345079772,15.025541482610713,2
"2,3,3,2,2,3,2,3,1,1,2,2,1,1,2,2,1,2,2,2,2,3,2,3,1,2,1,1,2,1","99.06,99.22,97.51,98.78,98.57,98.77,98.61,97.34,98.22,98.34,98.18,98.19,96.89,97.49,98.79,98.58,97.64,98.06,98.11,97.87,98.33,98.47,98.40,97.62,97.58,97.54,98.91,97.42,98.16,99.04",68.72794737536704,0.6356852639725487,15.041170246035676,0
"1,2,2,3,3,2,3,1,1,3,2,2,2,3,3,2,2,2,2,3,2,3,2,2,3,2,2,2,3,2","98.35,98.11,98.47,98.91,98.20,98.74,96.97,97.41,97.92,97.36,97.25,97.72,98.46,98.22,99.19,96.50,98.06,96.38,98.63,99.46,96.77,96.60,98.67,98.20,96.72,97.00,98.26,96.11,97.74,96.64",56.71780782175866,0.8418004072062779,15.00383275029891,0
"3,1,3,3,1,3,1,0,2,1,1,2,1,3,1,0,2,3,1,3,3,1,2,2,1,1,1,3,0,2","90.68,94.76,92.54,92.23,92.80,93.26,87.18,89.07,95.00,90.37,97.32,93.62,90.58,100.00,94.57,90.65,88.36,91.99,92.17,92.98,88.25,93.65,89.26,94.02,95.09,93.61,88.54,93.99,97.68,95.63",10.0,0.8725164404545899,16.244527959766298,1
"2,2,1,0,2,2,3,2,1,2,0,3,2,2,2,3,3,1,3,2,3,1,2,1,0,1,1,1,1,2","95.48,95.86,91.38,89.99,98.38,98.20,95.06,93.18,96.27,96.04,95.95,94.31,98.05,98.68,99.14,95.77,98.17,94.78,96.28,95.71,97.72,94.47,95.39,97.66,96.65,97.28,90.92,99.70,98.51,97.04",57.26215627695705,0.5589328914414183,14.648093107120152,3
"1,0,0,0,0,1,1,0,0,1,1,0,0,1,0,0,0,0,1,1,1,0,0,0,0,0,0,1,0,1","98.32,95.54,96.23,95.05,94.51,96.28,97.01,96.26,97.10,97.44,98.15,97.19,94.91,96.20,97.67,97.50,94.97,97.65,96.51,96.57,96.53,95.64,97.85,98.77,97.11,98.96,98.81,96.77,97.28,97.30",54.739346005365114,0.9232008666878208,14.479136776346776,2
"1,2,1,2,2,2,3,2,2,2,1,2,2,1,2,1,1,1,2,2,1,2,2,2,3,2,2,3,2,2","97.58,98.01,97.67,97.64,99.01,98.85,97.75,97.45,99.62,98.16,97.89,99.54,98.90,97.71,97.13,97.23,98.26,96.22,96.95,98.94,97.68,97.85,98.83,97.75,96.51,99.22,99.26,97.94,97.00,96.82",72.6366078491843,1.0221140622711808,15.141246975404824,0
"2,2,2,1,2,2,1,1,2,2,3,2,1,3,2,2,2,1,2,3,3,2,2,2,3,2,2,2,2,3","100.00,97.01,98.40,98.28,98.27,99.06,98.33,98.94,97.27,97.68,99.30,98.45,97.31,97.68,97.66,97.18,98.63,96.93,97.40,97.97,100.00,97.60,97.63,97.09,99.44,99.55,97.23,97.51,98.58,97.94",65.6898340132525,0.9415550835000924,14.95144892797353,0
"1,3,3,2,1,2,3,3,2,2,1,2,2,2,1,3,2,3,3,2,1,2,3,1,1,2,2,3,3,2","83.97,84.81,87.39,95.73,83.75,92.03,88.13,88.61,84.45,91.14,91.62,83.43,83.47,87.79,85.86,85.19,94.70,93.05,82.82,92.13,88.54,89.12,83.97,82.84,87.81,87.55,87.73,86.81,90.95,89.58",60.211863864839806,1.0219310156486134,14.434829864331565,6
"1,1,2,3,2,2,1,2,2,3,1,1,3,2,1,1,2,1,1,0,2,2,2,3,2,3,0,2,2,0","89.76,93.93,95.32,93.74,87.13,93.46,95.88,90.35,92.97,92.27,86.28,90.46,87.07,96.07,90.44,96.46,93.96,88.83,94.99,91.53,94.80,86.45,90.48,91.42,96.11,94.55,95.21,88.30,83.66,87.75",39.880565325008206,1.222244064245959,14.719131822935436,1
"3,3,1,1,1,2,2,0,1,1,0,1,3,1,1,2,3,2,3,3,1,2,1,2,0,2,3,3,1,3","92.03,91.44,90.06,89.59,89.92,92.66,88.63,87.56,89.44,91.09,93.50,90.83,88.55,92.98,91.71,91.45,93.10,90.87,97.06,93.11,87.98,93.58,99.90,93.29,90.29,95.70,96.35,95.60,91.72,93.25",46.65818780495164,0.6157786299768822,15.471936346296454,1
"2,2,2,2,2,1,2,2,2,3,2,2,2,2,1,1,2,2,1,3,3,3,3,2,2,2,2,3,2,2","98.82,98.26,97.74,98.45,97.94,97.84,96.79,100.00,97.98,97.83,98.14,98.64,98.56,98.34,100.00,97.44,97.39,98.72,97.67,98.85,97.53,97.03,98.77,97.86,98.50,100.00,98.46,97.04,98.24,96.90",68.59955486045696,0.7207783780014826,15.088344354345875,0
"2,2,2,3,3,2,1,1,1,1,3,2,2,2,2,2,3,1,3,2,2,2,2,1,2,1,3,1,1,2","86.92,90.89,84.74,89.24,94.44,87.11,89.37,89.87,95.23,85.84,86.40,85.55,87.34,82.45,94.83,84.98,95.10,84.64,86.47,84.97,86.39,88.09,93.52,83.24,90.59,86.83,95.39,91.91,88.47,87.16",34.34102401761295,1.060580898076335,15.325879379121737,6
"0,1,2,3,1,3,2,2,2,0,1,1,1,2,1,2,1,3,0,2,2,1,3,2,2,2,3,2,1,2","97.50,97.42,94.23,96.54,95.60,97.03,96.51,89.96,96.15,96.05,98.31,94.00,95.33,95.55,94.81,95.13,95.87,97.89,96.53,95.21,94.70,97.18,96.58,96.28,94.75,96.51,95.29,95.69,94.69,95.49",61.528290818282706,0.6932615788932692,15.189926204442616,3
"0,1,0,0,0,0,0,0,0,0,1,0,1,1,0,0,0,0,0,0,0,1,0,0,1,0,0,0,0,1","98.65,97.40,94.79,96.03,98.59,96.89,97.91,97.29,97.87,95.97,95.83,96.16,96.17,97.54,97.33,97.06,95.84,97.65,96.06,96.57,95.75,96.96,97.49,96.72,95.88,96.87,96.71,94.90,95.97,96.46",65.49472437831784,1.0788367001995032,14.405004481059185,2
"2,1,1,3,0,0,3,2,2,1,3,1,1,3,1,2,3,2,2,3,1,2,3,2,1,2,2,3,1,2","93.61,94.19,95.13,95.53,90.69,91.31,91.42,90.29,92.65,86.30,89.04,96.57,92.94,93.04,92.91,92.80,92.72,91.57,87.90,91.35,93.21,92.11,92.14,89.14,90.42,89.04,90.76,93.81,90.29,86.57",49.2285251499566,0.5704291198701231,15.072041917147109,1
"2,2,2,2,2,2,2,2,2,3,2,2,2,2,2,2,2,3,3,2,2,1,3,2,2,2,2,2,2,2","97.74,98.26,97.73,98.69,98.08,98.06,99.36,97.37,98.52,98.07,99.12,98.85,97.23,98.39,98.28,98.44,97.47,98.58,96.49,98.00,98.46,98.91,98.05,97.22,96.86,96.74,98.15,97.46,97.82,97.33",67.27556418630206,0.7807243892876528,14.899331930257848,0
"2,2,3,1,1,2,2,2,3,2,1,3,2,2,2,2,2,2,2,2,2,3,3,2,2,3,2,2,2,1","97.51,98.29,98.66,98.06,97.37,96.99,96.49,97.39,97.58,98.34,96.62,98.20,97.67,98.43,97.67,97.82,98.38,99.28,96.83,98.49,98.49,98.84,97.95,98.11,99.68,97.39,97.84,98.33,98.44,98.04",64.3852510394722,0.6600442845689418,15.165243669322662,0
"1,2,2,2,1,1,2,2,3,1,3,2,2,2,1,2,2,3,2,1,2,3,0,2,0,2,2,3,2,1","97.37,96.74,97.00,97.64,98.40,94.74,97.90,97.58,95.48,99.22,97.34,97.75,95.19,96.49,94.70,97.99,98.69,96.01,98.02,93.35,97.04,97.82,99.99,94.85,92.86,97.03,93.83,98.54,95.28,96.13",49.581517257070686,0.7711912834874521,14.534384402348575,5
"0,0,1,1,0,0,1,0,0,0,0,1,0,0,1,0,0,1,1,0,1,0,1,1,0,1,1,0,0,0","97.08,98.32,96.23,98.09,96.37,97.30,97.26,96.72,98.67,98.52,96.41,96.80,96.48,96.77,97.10,97.36,96.97,95.31,97.67,97.12,97.97,97.73,94.95,96.86,95.92,97.47,95.15,97.46,97.92,98.17",49.83476195151731,0.5602864416623575,15.62336319883152,2
"2,3,2,3,2,1,1,3,2,3,2,3,2,2,2,3,3,2,2,2,2,2,3,2,1,1,2,2,2,2","98.50,98.09,98.22,99.19,98.30,96.55,98.22,96.31,96.96,96.40,97.99,98.41,98.86,96.94,97.62,97.91,97.30,97.82,98.18,98.24,97.40,98.10,97.16,98.90,97.70,97.48,98.48,98.76,97.74,97.85",67.97260251098167,0.798905886357478,15.30238645991126,0
"2,1,2,1,3,2,3,2,3,2,2,3,2,2,2,1,2,2,1,2,2,1,3,2,2,1,2,1,2,2","98.87,98.00,97.15,99.24,98.14,97.33,98.81,98.04,98.49,99.57,97.37,97.60,98.04,98.43,98.27,97.50,97.17,97.40,97.73,98.73,98.66,98.66,97.73,98.13,99.06,98.66,98.84,98.80,97.35,97.16",83.36154515030219,0.8546628710105619,15.071646192221058,0
"3,3,3,3,3,1,0,3,1,3,2,3,1,2,3,0,1,0,2,2,3,2,1,3,1,1,1,0,2,3","90.45,90.39,98.29,88.13,86.49,96.79,91.15,88.97,94.97,92.25,93.72,91.86,92.01,86.70,95.82,95.58,96.85,99.94,86.92,90.32,91.26,87.21,88.69,87.77,93.76,88.04,90.82,91.35,92.90,94.91",39.177421212771264,0.8777882393287387,15.404753155299343,1
"1,0,0,0,1,0,1,1,0,1,0,1,1,0,1,0,0,0,1,0,0,0,1,0,0,0,0,0,0,1","95.31,96.56,96.23,96.29,97.72,97.35,97.24,95.81,98.27,96.54,96.67,97.30,95.59,96.37,97.33,97.50,97.25,96.56,98.59,95.57,96.47,96.97,94.34,96.84,96.75,97.69,96.96,95.56,97.78,97.70",62.05760628085269,0.6786811480738076,14.778860787730705,2
"0,0,0,1,0,1,1,1,0,0,0,1,0,1,0,0,0,0,1,1,1,0,1,0,0,1,1,0,0,0","96.79,97.44,98.10,96.87,96.28,97.12,96.03,95.57,97.02,96.61,98.15,97.03,96.54,96.55,98.80,96.61,96.45,96.16,98.41,96.32,100.00,94.91,95.86,96.00,97.17,96.50,96.97,94.72,95.18,96.15",55.38249050514044,0.8490826320934268,15.545982675466762,2
"1,1,0,1,0,1,1,1,1,0,1,0,1,1,0,1,0,0,0,0,0,1,1,0,0,1,0,0,0,0","97.66,96.83,97.32,96.19,99.07,96.91,97.24,96.56,96.09,97.08,98.86,98.14,96.46,98.22,97.93,98.46,96.37,97.25,97.00,96.74,96.71,96.99,96.35,97.96,98.21,97.09,96.61,98.34,96.89,96.86",50.77930327821083,0.5349027496655453,15.452110072243459,2
"2,2,2,0,3,2,2,1,1,0,3,3,2,2,3,2,0,3,2,0,1,0,3,2,0,2,2,1,1,2","98.09,95.57,93.94,98.27,97.25,98.18,94.01,98.26,95.34,97.41,94.20,95.75,95.38,96.30,91.86,97.89,97.67,93.92,94.98,90.50,97.09,98.24,95.13,96.37,93.40,95.72,99.44,93.15,94.94,96.76",59.157434250655506,0.9763763098447207,14.66883576648916,5
"2,1,2,2,2,2,1,1,1,0,1,2,3,0,1,2,3,0,1,2,3,1,3,1,1,1,1,2,1,2","94.17,98.38,92.77,94.55,95.76,95.32,95.82,97.39,94.27,91.72,95.19,96.06,92.46,99.28,97.84,97.44,95.31,96.47,94.42,95.68,95.14,95.29,96.87,92.79,98.09,96.81,91.52,96.91,98.80,94.86",64.05853894304362,0.6086578155209038,15.108829967017991,5
"1,2,3,0,2,2,2,2,3,2,1,1,1,2,3,0,2,2,0,1,1,3,2,1,2,3,1,2,2,0","92.91,93.60,96.55,92.91,93.92,97.88,96.07,97.16,98.83,95.16,95.04,93.13,89.25,98.43,92.25,94.30,94.92,96.89,92.31,97.12,96.20,99.69,95.20,95.43,94.27,96.55,93.71,94.84,94.78,92.52",61.597662530315716,0.8037546219544404,14.620929050572935,5
"1,2,1,1,1,2,2,3,2,2,2,2,2,1,0,2,2,2,2,1,2,0,2,1,2,1,3,1,2,1","98.86,98.36,95.74,98.21,94.24,97.40,95.67,93.95,94.59,94.44,95.61,97.64,99.64,98.64,96.68,96.98,96.83,97.12,94.96,93.36,96.94,93.44,95.29,99.51,95.60,97.88,99.10,96.88,93.70,95.39",59.158012000889144,0.9293340715504103,15.580545103664281,3
"2,2,2,3,0,2,3,1,1,1,1,3,1,3,2,1,2,1,2,2,2,2,1,1,1,1,2,3,3,1","94.02,90.85,96.47,93.44,90.57,90.80,87.98,88.16,88.95,89.72,96.77,92.92,88.65,85.10,90.41,94.81,94.55,94.20,92.40,90.99,91.20,88.13,87.71,89.84,91.88,89.61,89.32,91.66,91.92,93.84",59.64286197269972,0.9159660910645744,16.036560808580056,1
"3,1,1,1,1,2,3,1,2,2,1,1,2,2,2,2,3,2,2,2,2,1,1,2,2,2,1,2,1,2","96.70,99.38,98.65,98.44,98.51,98.16,96.72,97.16,99.25,98.01,97.79,97.98,98.92,96.91,97.36,96.64,99.20,99.07,96.61,98.79,98.68,99.13,97.98,96.27,98.75,97.62,97.79,98.41,98.64,98.69",60.49114324781614,0.8071367262430731,14.572734986585157,0
"0,2,3,1,1,2,1,2,2,1,1,1,2,1,1,2,2,2,2,1,1,2,2,3,3,2,1,2,2,0","96.77,93.84,95.10,97.75,93.43,94.70,97.44,94.71,96.74,98.08,98.51,99.38,95.29,95.25,93.75,94.76,95.25,96.15,95.14,94.68,95.54,95.05,96.13,96.83,97.23,95.30,97.06,92.72,94.55,95.55",62.50795041670536,0.8699584569986686,14.80153093134162,7
"2,2,1,2,3,2,2,2,3,2,2,1,2,2,2,2,1,3,2,3,2,2,3,1,2,2,1,1,2,2","97.10,97.68,98.16,95.72,97.59,97.63,97.53,98.30,97.60,97.35,98.27,98.02,99.05,96.78,98.26,99.42,98.61,97.01,99.35,97.65,98.10,98.35,97.51,97.99,98.00,96.24,99.96,97.49,97.99,96.45",61.99006353775077,0.8630902469704747,15.205951194307666,0
"0,1,1,0,1,0,1,0,1,1,1,0,0,0,0,0,0,0,0,0,0,0,1,1,0,1,1,0,1,0","98.56,97.46,96.90,98.35,95.49,98.24,96.78,96.66,96.08,98.05,98.70,97.28,96.75,96.45,98.20,96.73,96.74,96.31,96.55,97.89,97.56,97.66,95.79,96.34,96.94,96.17,97.00,96.39,97.82,97.25",59.78911738784974,0.8152314784021054,14.599963716992546,2
"3,2,1,3,1,1,2,2,1,2,3,2,0,3,1,0,1,2,0,1,2,1,1,2,0,1,0,3,2,1","95.74,98.83,94.32,97.59,96.22,94.45,94.08,96.01,100.00,96.88,100.00,95.16,98.25,100.00,98.71,97.02,95.09,95.68,94.96,96.30,93.03,96.17,94.31,94.30,93.86,95.69,96.54,94.50,93.87,97.52",44.79478530486217,0.6983990887621108,15.356444625438195,5
"1,2,2,1,1,1,2,1,2,3,2,2,2,3,2,2,1,2,2,1,1,2,3,2,1,1,2,2,2,2","99.24,97.95,97.88,96.92,97.96,96.24,99.71,98.03,98.12,98.06,98.65,98.45,98.58,100.00,97.35,98.55,99.30,98.35,98.47,98.39,97.25,97.54,97.77,97.47,97.85,97.69,98.30,98.25,99.26,95.49",66.44680131245823,1.1104242251534464,15.029935182540232,0
"0,1,2,2,2,0,1,3,1,0,0,2,2,1,0,2,1,3,2,0,3,3,1,3,2,2,1,3,2,1","95.44,94.47,96.68,96.32,98.16,91.30,95.95,94.64,100.00,95.89,94.97,98.33,90.86,96.62,98.68,92.68,100.00,99.17,99.62,96.15,95.14,95.77,96.52,96.88,96.08,96.98,96.07,95.10,97.46,91.82",73.46552181866257,0.5372461708710453,14.668608308326402,7
"1,1,2,2,2,2,1,2,1,3,2,1,2,3,1,2,2,1,1,2,2,2,1,1,3,1,1,1,2,2","89.40,86.47,89.05,82.61,87.02,81.47,85.94,92.74,93.26,86.62,86.21,96.47,86.98,91.92,93.38,86.60,88.89,80.59,86.41,79.38,92.54,95.15,78.88,86.84,96.67,93.98,91.86,88.41,88.53,81.71",44.61417874777661,0.781749752233084,14.36421999859274,6
"3,1,3,2,2,2,1,2,3,2,2,2,2,3,2,3,3,2,2,2,2,2,1,3,2,1,3,2,2,2","97.42,99.02,99.93,97.96,97.54,98.29,97.92,97.68,97.64,98.16,97.66,98.04,96.56,97.37,96.41,96.67,97.54,98.98,98.27,97.98,96.71,99.11,96.73,98.98,98.23,97.96,100.00,97.64,97.52,98.95",81.3000934792212,1.0025121322245107,14.55009265796098,0
"2,3,2,3,2,1,2,2,2,2,2,2,2,2,2,2,2,2,2,3,2,3,2,2,2,1,1,2,3,2","97.93,98.40,97.57,96.86,99.15,97.83,97.70,99.34,98.40,98.13,96.32,97.69,98.82,98.14,96.29,99.61,98.38,98.88,98.58,98.48,97.40,98.91,99.13,97.47,97.78,96.97,97.23,98.07,98.51,98.52",70.99283749161748,1.1281952671564393,14.99461974961833,0
"3,2,1,3,2,2,1,2,1,2,1,2,3,1,3,2,2,1,3,2,2,1,1,3,1,2,2,3,1,1","88.43,89.98,89.75,88.06,83.81,90.30,92.07,88.86,86.82,95.17,94.78,84.40,91.00,92.85,80.16,87.84,89.15,94.40,81.21,87.98,87.81,84.31,88.40,88.99,91.22,84.61,87.63,84.36,83.09,82.10",57.38048243950105,0.7084718692256006,15.1575768060568,6
"2,3,1,2,3,2,2,2,2,2,2,2,2,3,2,2,2,2,2,1,1,2,2,2,2,3,1,2,3,2","98.75,97.95,100.00,97.32,97.12,99.02,98.00,97.08,97.95,97.04,98.10,96.41,96.73,98.52,98.74,99.23,99.65,99.15,98.35,98.33,97.23,98.78,98.87,97.44,98.58,98.79,98.23,98.09,97.79,99.12",86.92291591603654,0.7190273583107791,15.745718683999096,0
"2,3,1,3,2,2,2,2,2,3,2,2,2,3,2,2,2,2,2,3,1,1,2,2,2,2,1,3,2,2","97.71,98.21,97.62,97.05,98.81,97.92,97.44,98.06,98.17,97.39,97.93,98.21,98.07,98.40,97.28,97.79,97.63,96.70,99.29,97.74,96.80,98.22,98.83,97.66,97.98,97.84,98.76,98.34,97.34,98.24",78.12447472602439,0.9904211435483696,14.725252123978565,0
"1,1,0,1,0,1,1,0,0,1,1,1,1,1,1,0,0,0,1,1,0,1,1,0,1,0,1,1,1,0","97.57,96.63,97.92,96.29,97.75,96.06,97.60,97.29,98.30,98.33,98.01,97.34,96.40,95.43,96.20,97.81,96.02,96.35,96.11,98.01,96.74,96.44,97.16,96.66,96.73,97.54,94.77,98.23,97.40,97.92",68.49262587882944,0.8136681541148506,15.258406161050013,2
"1,1,2,3,2,2,1,1,2,2,3,2,2,3,2,3,1,2,1,2,2,2,2,2,2,2,2,2,1,2","97.68,96.63,98.90,100.00,98.33,98.10,97.02,98.77,99.86,97.94,98.96,98.60,97.14,98.64,99.03,99.25,97.48,98.31,97.62,99.30,96.83,97.85,98.02,98.39,97.62,97.97,96.90,97.51,98.01,97.31",69.49419915904005,1.0442945083305644,14.97337975687203,0
"0,1,1,1,0,1,1,0,1,1,1,1,0,1,0,0,1,1,1,0,1,1,1,0,1,1,0,0,1,1","97.45,97.66,95.85,98.15,98.95,97.18,97.81,98.65,96.36,96.49,96.99,98.37,95.31,96.50,97.47,99.12,97.02,98.06,95.46,95.77,96.74,94.49,97.42,97.81,95.32,97.09,96.68,96.55,98.56,95.63",59.214933588867524,0.6319575398222648,14.896999451460921,2
"0,1,0,0,0,1,0,0,0,0,0,1,1,0,0,0,1,0,0,1,0,0,0,0,0,0,1,0,1,1","96.74,97.60,95.36,97.38,95.21,96.65,96.39,97.93,96.14,94.73,97.31,96.45,97.46,97.03,99.03,95.36,95.17,97.07,97.26,97.58,96.55,96.88,97.74,97.10,97.51,97.50,96.99,97.72,96.99,97.39",61.38026987181258,0.46617104367470746,14.474349846838512,2
"1,1,0,0,0,0,1,0,0,0,0,0,0,0,0,0,1,0,1,0,1,1,1,1,1,0,0,0,0,1","96.56,97.47,96.73,98.38,96.62,95.83,99.09,95.25,98.27,96.02,96.64,95.98,97.57,96.40,98.23,94.64,95.85,95.93,97.04,97.81,96.67,96.61,97.35,97.12,97.43,98.21,96.03,100.00,98.33,95.74",66.15356126702734,0.6206428126972963,15.312063703889837,2
"2,2,2,1,2,3,1,2,2,2,3,1,2,2,2,2,2,2,2,1,2,2,2,2,3,1,2,1,2,2","96.88,98.11,97.09,99.27,97.01,98.56,98.89,98.92,99.29,99.73,98.03,99.67,96.61,98.36,97.02,99.36,97.81,96.65,96.82,99.37,98.36,98.18,98.71,96.56,98.43,98.29,98.33,97.54,98.26,97.82",64.58155176818236,0.9070922186721404,14.316796144707743,0
"1,1,1,0,2,1,2,2,1,0,0,2,1,3,2,1,2,2,1,3,2,1,1,2,3,1,0,0,2,2","97.39,94.98,94.82,95.69,97.29,95.72,95.61,97.23,93.00,94.28,92.41,99.50,97.40,95.85,99.04,95.22,97.74,98.58,96.82,94.61,96.22,96.08,97.63,95.96,98.49,95.14,98.28,96.05,93.46,96.98",48.85950587979694,1.019865058027224,14.548885802303307,5
"3,2,1,3,2,2,3,2,0,2,1,2,1,1,2,0,2,1,1,3,2,2,1,0,0,2,1,3,2,1","92.90,99.17,95.30,99.03,99.20,96.71,95.00,94.40,98.61,95.05,96.21,93.55,92.23,95.48,96.91,94.80,97.02,95.28,96.91,99.79,93.63,95.09,95.28,95.82,98.37,97.23,94.37,96.27,93.67,98.70",57.92440865389174,0.7839735821056935,14.4224452898223,7
"1,2,2,2,2,2,3,1,3,3,3,2,3,3,3,2,2,2,2,2,3,3,2,3,3,2,1,2,2,3","98.06,97.53,97.94,97.85,96.44,98.66,97.24,97.10,98.27,99.14,98.42,98.30,98.84,97.75,98.29,97.86,98.36,97.25,98.33,98.61,98.64,98.83,99.18,99.24,99.01,99.03,97.78,99.55,97.85,97.67",79.24593713492132,0.753500601787369,14.837956851541241,0
"3,1,2,1,2,1,1,2,1,1,1,2,2,3,2,0,2,1,2,2,2,0,2,3,0,0,1,1,3,1","96.33,95.01,98.70,95.50,97.40,91.18,95.31,94.66,97.58,97.10,95.99,100.00,93.68,95.77,93.48,96.47,95.34,95.67,95.97,94.59,95.74,95.29,96.39,90.87,92.96,94.25,94.40,95.72,98.15,95.42",50.38000560826514,0.9639372567203048,15.03308752717117,5
"2,2,1,3,2,2,2,2,2,2,2,2,2,2,1,1,2,1,1,2,3,2,2,2,2,2,2,2,2,2","96.98,99.17,98.02,98.22,99.21,97.05,98.52,98.01,98.60,98.13,98.30,97.77,97.43,98.62,96.22,96.55,99.05,99.25,98.44,97.46,97.70,96.88,97.80,98.75,97.73,98.15,96.72,99.23,97.08,98.31",81.57572067559934,0.7440655541252297,14.43051570637178,0
"3,2,2,1,2,1,2,2,1,3,2,2,2,2,1,2,2,3,2,1,3,2,2,2,1,3,2,2,2,2","98.65,96.98,96.98,98.29,97.99,99.50,98.98,97.14,97.65,98.21,99.58,97.89,97.32,96.30,98.02,99.16,96.37,98.84,98.96,98.42,95.00,97.97,99.26,97.53,97.97,98.52,96.99,98.34,97.31,99.22",64.18614506931803,0.7742207863801922,15.259700432014531,0
"1,1,1,0,1,3,0,2,2,0,1,3,1,1,1,3,1,2,1,1,1,1,3,1,2,3,2,0,1,0","97.52,97.31,97.02,96.81,93.79,93.98,97.04,98.73,95.05,97.85,97.10,93.99,98.59,95.67,99.26,94.63,95.40,94.86,96.85,95.22,97.88,95.41,97.45,96.62,95.11,95.55,92.72,98.90,94.98,96.16",65.22285283901267,0.5457482539378369,14.614499608838408,4
"2,3,3,3,2,2,3,2,2,2,2,2,2,2,1,2,2,3,2,3,2,2,2,1,2,2,3,2,2,2","98.30,97.84,97.77,99.48,97.60,97.82,98.44,98.37,96.46,97.70,98.62,98.26,97.94,97.96,97.83,95.38,97.67,97.25,99.34,98.68,98.54,99.56,97.38,97.99,98.33,98.09,97.89,98.25,99.05,98.78",74.51839192024559,0.7392219703978953,14.572454913213683,0
"2,3,2,2,2,3,2,2,2,2,2,3,2,2,1,2,3,1,2,3,3,3,3,1,1,1,2,2,1,2","98.27,99.06,98.14,97.53,98.57,98.18,96.74,97.69,97.44,97.53,97.39,97.03,98.71,98.14,99.74,99.01,97.44,97.12,97.84,99.42,97.59,97.34,98.05,98.07,97.90,97.55,98.33,96.62,97.72,96.99",62.87596752228521,0.7631253771546672,15.410154010654708,0
"1,1,1,2,3,1,1,3,1,1,1,2,1,1,1,1,2,0,1,1,1,3,1,1,1,2,0,1,2,2","91.49,92.91,87.32,83.57,91.13,92.18,92.04,93.98,91.59,92.32,91.85,93.48,89.61,95.24,87.46,91.80,89.31,88.35,89.93,90.67,92.21,92.79,90.81,89.61,92.95,92.42,91.98,92.32,90.92,97.80",40.75622486482065,0.7478023464322818,15.156645673369002,1
"3,2,2,1,3,3,2,2,1,1,2,1,2,2,2,1,1,2,1,3,2,3,2,2,2,2,2,2,2,1","97.38,98.18,97.50,98.81,97.04,98.28,98.08,99.22,96.22,96.69,98.16,97.19,97.81,98.16,97.36,98.72,98.79,97.58,98.99,99.77,98.64,98.03,97.83,97.32,97.97,98.18,98.59,97.62,97.41,97.13",66.89653990750166,0.862572682133009,15.024673542305576,0
"1,3,3,2,2,3,3,2,2,1,3,3,1,2,1,2,3,2,1,2,2,2,1,1,1,3,2,3,2,2","99.15,97.97,97.29,98.81,98.24,98.11,97.18,97.71,99.50,98.66,96.92,98.23,97.64,97.77,99.80,98.11,96.73,98.27,98.06,98.12,97.65,97.50,97.66,96.84,98.85,97.32,98.87,98.30,98.53,98.71",86.25156134758764,0.8223250921830013,14.894480515310024,0
"0,1,0,1,1,0,0,0,0,1,0,0,0,1,1,0,0,1,1,1,0,1,0,0,0,0,0,0,1,1","97.35,96.53,97.96,98.18,95.45,97.83,95.88,96.30,96.30,98.55,97.24,98.05,98.47,96.75,97.04,96.27,97.48,95.69,97.77,97.05,96.98,95.02,97.77,95.77,96.98,96.55,96.69,96.50,96.47,98.82",62.42895180621219,0.9531059922691392,14.747710957713082,2
"3,2,2,2,1,2,2,1,2,3,3,2,2,2,2,2,1,1,2,1,2,3,3,2,2,2,2,2,1,2","97.29,98.18,98.65,98.71,98.84,97.97,96.40,98.95,98.03,99.22,96.43,98.12,96.61,97.58,98.30,98.65,98.72,98.26,96.17,97.22,98.92,97.68,97.62,98.79,98.04,98.10,99.09,97.06,97.64,97.92",76.13755926811683,0.7441890882645515,15.148386806912457,0
"3,3,2,1,2,2,3,2,3,3,3,2,1,3,3,2,3,3,3,1,2,1,2,2,2,2,1,3,2,2","99.33,98.59,97.49,96.18,98.07,98.64,100.00,96.56,96.54,97.59,97.91,97.22,97.55,98.12,98.07,97.09,98.20,98.04,97.43,97.53,96.34,96.24,98.43,100.00,98.36,98.72,99.83,98.84,98.32,96.85",64.93030935356123,0.8057740790542901,14.60650184435463,0
"2,0,1,1,2,2,2,1,1,2,2,2,1,3,0,2,2,0,1,1,1,0,3,2,3,2,1,0,1,1","96.21,93.98,94.93,97.96,97.62,96.85,96.21,97.86,97.24,93.59,96.14,92.35,98.13,93.52,95.65,94.75,95.42,94.87,97.09,99.25,97.86,95.95,93.81,95.22,92.85,95.73,95.10,99.40,97.94,94.54",58.66790190206438,0.6588455277527066,15.319172916731292,3
"2,2,2,3,2,3,1,3,3,2,3,3,2,2,2,2,2,2,2,1,2,2,2,2,2,2,1,2,1,3","97.71,98.61,98.64,97.04,98.90,97.52,98.07,98.82,98.51,99.49,97.85,99.62,96.75,96.90,97.71,97.62,97.35,97.51,98.73,97.80,97.78,99.52,98.19,97.74,98.17,98.28,97.40,97.83,98.33,98.49",72.26353896967525,0.5980940118046785,14.881973917232504,0
"3,3,0,1,3,2,3,1,2,2,2,1,1,2,1,2,2,2,3,1,3,2,1,1,3,3,3,1,1,2","96.27,96.56,93.34,97.90,93.82,92.61,94.88,98.42,94.36,94.15,95.63,95.96,98.21,95.63,97.99,95.86,95.84,96.90,93.44,99.15,93.23,95.36,96.49,96.84,95.41,96.07,93.56,96.43,96.73,98.86",68.09583059421553,0.6686069182852343,15.3882150813011,7
"2,3,2,3,2,3,1,2,3,2,3,2,3,1,2,2,2,2,2,3,3,2,1,2,3,2,3,2,2,3","98.40,98.64,97.92,98.80,97.54,98.16,97.31,98.65,97.77,98.23,98.25,97.87,99.07,97.21,97.71,98.26,97.53,98.63,97.22,98.89,97.29,98.03,98.09,97.03,97.18,96.90,96.84,98.77,97.12,98.34",54.16239727481972,0.7593317206408761,14.580478552516922,0
"0,1,1,1,1,0,1,0,0,1,1,0,0,1,0,1,1,1,1,0,0,0,1,0,1,1,1,0,1,0","96.54,99.31,96.05,96.73,96.73,97.08,96.48,97.33,96.86,97.43,97.48,97.26,96.29,96.36,97.59,96.25,96.23,95.12,97.43,97.08,95.61,95.87,97.20,97.17,97.12,95.13,97.32,97.53,95.52,96.24",55.06630550110855,0.7862526331025614,14.85281363651495,2
"1,2,2,1,1,0,1,1,0,2,3,1,2,1,0,3,1,2,3,2,0,0,2,1,1,3,2,0,1,0","99.08,100.00,91.93,96.38,98.34,96.39,96.64,98.28,96.18,98.52,95.38,99.20,97.25,93.53,95.98,96.68,95.75,92.67,95.46,95.43,96.51,97.38,98.92,96.02,98.98,92.48,95.42,95.48,95.20,94.87",68.6979070398498,0.7146791002420257,15.231364576837722,4
"2,2,2,2,2,2,2,2,2,2,2,2,2,2,2,2,2,1,2,2,2,2,1,3,2,3,2,2,3,1","97.21,98.58,97.63,99.14,97.71,98.13,98.88,98.02,98.08,97.99,96.75,97.81,98.99,98.90,97.11,98.10,96.85,97.95,97.67,96.83,98.26,97.12,98.66,96.99,97.53,98.08,98.33,97.36,98.01,96.96",68.83052520690572,0.8466255473485894,15.07736749550809,0
"2,2,3,2,2,2,3,3,3,3,2,2,2,1,3,2,3,2,2,2,2,2,3,2,2,2,2,2,1,2","97.69,98.56,97.99,96.46,96.24,96.53,98.21,97.78,99.37,96.99,98.43,96.49,98.28,99.03,99.34,97.74,97.96,98.24,98.66,99.21,96.57,98.35,98.51,98.80,98.48,98.53,97.43,97.90,97.24,96.62",69.42179190105384,0.7348282519224767,15.729824871756751,0
"2,3,1,1,2,2,3,2,2,2,2,2,3,2,3,2,3,1,2,3,1,3,2,2,1,1,2,2,3,3","98.98,99.30,98.20,97.08,97.52,96.86,97.67,98.39,96.08,97.78,97.38,98.82,97.81,98.37,99.11,98.94,97.57,97.85,96.31,97.68,98.21,97.52,97.26,98.57,96.35,98.09,97.19,97.63,99.17,98.59",57.00274322585952,0.6733175912736103,14.926830060952197,0
"1,2,1,1,3,1,2,2,1,1,2,0,1,3,2,1,3,2,3,1,2,3,0,1,0,1,1,0,1,3","90.86,93.31,88.76,88.67,94.99,93.50,93.44,88.31,94.90,87.74,93.78,94.05,95.78,95.99,97.90,91.16,90.16,95.51,98.27,95.59,88.22,91.46,93.16,94.50,92.76,90.86,98.60,91.36,94.82,93.96",59.802161426367846,0.8646335229005384,15.574491451822057,1
"1,1,2,0,3,1,3,1,3,0,3,2,1,2,1,1,3,2,2,1,1,0,1,1,2,3,1,2,2,1","95.85,95.99,94.04,95.78,94.97,95.60,98.26,96.11,95.85,96.30,92.76,98.21,93.38,95.52,96.70,94.49,96.57,95.28,96.51,95.84,94.33,93.12,96.97,95.87,96.03,95.16,93.98,96.40,98.60,94.26",53.77588631087299,0.688599101645844,15.429719924809955,4
"0,1,2,0,2,2,3,1,0,2,2,2,1,2,1,2,1,3,2,2,2,3,3,2,0,3,1,0,1,0","96.61,97.35,93.95,94.56,95.19,95.13,95.11,97.03,92.70,94.31,94.96,97.61,97.64,97.92,92.79,93.43,95.30,98.85,97.12,95.13,96.09,96.56,95.51,98.20,94.70,94.77,99.48,96.32,94.29,95.84",58.38417667971491,0.9647952976831425,15.274669152426224,3
"2,3,1,2,2,2,2,2,2,3,2,2,2,3,2,2,2,1,2,2,2,2,2,3,2,2,3,1,2,1","98.50,98.50,98.49,97.70,98.59,97.37,96.47,98.04,99.12,97.30,98.37,98.86,98.41,96.94,97.36,98.03,98.05,98.09,96.09,98.46,97.45,98.46,97.92,97.36,96.61,98.79,98.19,98.06,97.07,96.84",76.35721845179914,0.6287176130922043,15.467960726002795,0
"1,2,2,0,1,2,2,3,3,1,1,2,3,1,2,1,1,0,2,2,2,2,1,0,3,3,2,1,2,2","91.51,91.38,86.60,93.78,92.34,94.74,94.48,99.36,94.83,91.19,93.47,91.06,91.18,92.18,92.48,91.16,89.43,88.94,91.56,89.89,91.09,91.94,90.01,90.39,93.86,94.60,94.86,90.15,87.53,91.33",48.31672244738041,0.9062494677784506,15.104768015575722,1
"0,1,1,0,2,2,2,2,2,1,0,1,1,1,0,2,2,1,3,1,1,1,3,1,3,0,1,1,0,3","97.06,94.31,96.80,93.24,95.63,96.82,96.80,94.43,92.35,95.28,96.34,97.00,94.88,97.88,93.85,94.59,95.72,96.28,96.22,94.55,95.76,92.99,98.97,97.13,97.47,97.95,100.00,97.63,95.55,95.61",62.0277969430029,0.8010677448848766,15.38493303552533,3
"2,2,2,1,2,2,2,1,0,3,1,1,1,1,1,0,3,0,0,2,3,1,1,1,3,2,1,0,0,2","96.75,96.45,96.74,96.78,93.01,95.97,97.61,93.87,97.07,91.43,96.14,97.53,96.42,98.43,94.57,98.62,96.33,93.48,96.02,94.11,95.52,92.95,93.49,93.45,95.16,95.94,94.57,98.46,93.72,94.79",55.59584363165111,0.8849528070134098,15.223444224982135,4
"0,1,0,0,0,0,0,1,0,0,0,0,1,0,0,0,1,1,1,0,0,1,1,1,0,1,0,1,1,0","97.04,96.88,96.73,96.46,96.47,95.63,97.63,96.12,96.70,97.48,96.81,97.63,96.66,96.65,97.05,96.51,95.61,97.88,97.59,98.08,97.40,96.83,97.90,96.81,98.60,97.11,97.90,98.02,98.31,98.65",67.45379176638157,0.7152588860784216,14.81603404773571,2
"2,2,1,2,2,2,2,3,2,1,2,2,2,3,3,2,2,2,2,3,3,2,2,3,2,2,2,2,2,1","96.78,98.58,99.02,98.41,97.25,97.87,98.73,98.61,97.21,98.06,97.87,96.25,97.30,97.73,97.00,98.45,97.44,97.99,97.58,97.88,98.58,97.73,98.19,97.95,97.57,98.52,97.14,97.32,98.74,97.96",74.74379066410768,1.0221383094778556,15.211275169346797,0
"0,3,2,2,1,2,2,3,0,1,2,2,1,3,1,0,2,0,1,3,2,3,2,2,3,2,1,1,2,1","92.24,97.15,97.16,95.05,93.03,98.74,97.93,92.06,98.89,93.49,94.33,98.03,96.16,93.43,91.89,93.39,96.33,96.01,100.00,96.62,93.92,97.95,95.05,95.03,92.66,96.19,92.81,94.70,96.03,97.07",60.599103863908645,0.8308681666352288,14.70664782336665,5
"2,3,1,2,2,3,2,2,2,2,2,2,2,3,2,2,2,3,2,1,1,2,3,2,1,1,3,3,1,1","97.65,98.71,98.27,98.15,98.10,98.84,98.10,96.91,98.24,97.32,97.69,97.24,97.14,98.12,97.55,98.23,98.31,98.52,96.99,97.92,97.62,98.22,98.42,98.56,96.95,97.97,97.05,98.66,98.06,97.35",73.59498805598788,0.720898297888643,14.677124422002956,0
"3,2,1,0,2,2,1,1,3,3,3,1,1,1,1,3,2,0,2,2,3,1,2,0,1,2,3,0,2,2","92.37,91.17,90.93,93.46,89.87,90.48,91.86,89.94,91.87,97.15,94.24,84.60,93.71,91.49,87.97,91.05,88.70,96.62,91.06,92.62,90.15,85.99,90.15,90.42,95.42,89.63,91.82,92.49,91.93,92.56",41.00386636736344,0.858374049109575,14.266586933779845,1
"0,0,0,0,1,0,0,0,0,0,1,0,0,0,0,1,1,0,0,0,0,0,1,1,0,1,0,0,0,1","97.44,96.50,96.44,95.09,98.36,96.62,99.25,98.32,96.43,96.55,95.96,94.98,96.51,99.15,96.55,98.34,97.25,96.97,98.85,97.69,96.20,96.61,96.79,97.12,94.90,99.01,97.36,95.65,97.47,97.01",55.76764881420595,0.7334104097878413,14.947041303050208,2
"2,1,0,1,2,3,1,1,1,1,2,2,2,1,1,2,1,3,2,1,1,2,1,0,2,3,2,2,1,2","100.00,94.40,97.68,95.08,97.69,97.99,98.30,95.97,96.63,96.34,96.00,97.44,97.03,95.97,91.93,95.40,98.21,95.74,94.87,96.25,97.51,95.01,94.98,96.38,97.37,95.61,96.47,96.68,93.22,97.82",49.83249662228804,0.8274897235289036,14.752743731424712,5
"0,0,0,1,0,0,1,1,0,1,1,0,1,1,1,0,1,1,0,0,0,0,1,0,0,1,1,1,1,0","97.59,99.38,96.44,96.53,96.25,96.50,97.33,96.91,94.86,97.45,94.80,96.87,95.26,96.63,97.44,97.27,95.86,95.43,97.08,97.37,97.68,96.25,98.34,97.12,99.14,98.36,97.67,97.17,97.64,98.32",51.47407740244399,0.6302850854507575,14.831271784568353,2
"1,0,2,0,3,3,2,1,2,2,1,0,0,0,1,2,2,2,2,2,2,3,3,1,2,2,2,2,0,0","97.24,98.75,96.05,99.54,95.69,93.97,99.76,91.67,95.37,94.99,95.31,95.07,100.00,97.16,91.50,95.38,91.19,93.98,97.15,96.44,95.46,98.11,94.85,97.22,97.20,95.32,98.88,95.65,97.18,95.93",64.78877481065118,0.6992059330574488,15.5594588427845,3
"2,1,2,3,3,3,2,2,2,1,1,2,2,2,2,3,2,1,2,3,2,2,2,2,2,2,2,2,1,2","97.73,98.56,96.99,97.62,99.15,96.22,97.71,97.98,98.52,96.24,98.69,97.81,98.67,98.70,98.53,98.56,97.25,98.82,96.88,97.98,97.68,97.92,99.54,97.39,98.51,98.13,98.75,97.18,97.68,97.95",75.2109442108769,0.9110037627516941,14.633629060250971,0
"1,0,3,3,1,1,0,1,1,3,1,1,0,1,1,1,3,1,2,0,2,1,0,1,0,1,1,2,3,1","92.83,91.96,89.17,86.36,91.52,96.58,93.36,91.45,97.03,88.28,98.88,93.66,92.27,94.74,94.05,93.60,87.69,91.89,94.29,92.44,97.79,89.89,92.31,89.81,96.45,94.29,91.26,89.80,89.93,93.94",48.92187589524223,0.8054030557919745,15.05539367484077,1
"2,2,2,3,1,2,1,2,1,3,2,1,1,2,2,2,2,2,2,2,2,2,1,2,1,2,1,2,2,2","97.51,97.87,99.22,98.28,98.55,98.69,98.03,99.98,98.78,97.60,97.74,98.78,97.00,97.32,98.32,97.72,95.85,99.16,97.97,98.56,96.60,97.33,96.30,97.56,97.50,98.75,98.17,98.43,96.60,98.51",67.58381132204742,0.688346585765023,14.703269282220974,0
"1,1,1,1,2,1,2,1,1,2,2,1,2,1,2,1,2,0,3,0,2,2,1,3,3,1,1,2,1,1","96.94,96.09,94.97,96.61,91.10,98.57,96.96,93.67,95.88,97.59,94.94,94.41,97.61,94.02,94.66,93.13,99.87,95.71,95.86,96.89,99.07,95.02,95.01,96.00,97.88,97.48,95.48,95.30,94.00,97.18",60.12542646744213,0.7808076086096755,14.95907037804258,4
"2,2,1,2,2,3,1,2,1,3,2,3,2,2,3,2,2,3,2,3,2,2,2,3,1,2,1,2,1,1","89.23,91.31,89.62,85.92,82.60,84.58,86.71,89.40,84.34,80.40,90.21,84.90,83.54,85.06,91.45,93.79,91.80,83.21,95.37,78.33,91.34,85.16,87.80,96.15,85.73,90.29,91.41,96.00,95.93,83.32",37.01830567303225,0.9043169002075859,14.336177825149747,6
"3,2,1,3,1,1,1,2,0,0,3,2,3,2,2,3,1,0,1,2,3,0,3,2,1,2,3,0,3,1","94.86,94.14,93.79,96.27,95.31,96.13,94.53,99.26,96.71,97.11,98.37,96.57,93.73,95.88,95.11,92.35,98.81,96.09,97.74,97.37,94.94,94.77,95.12,93.33,96.75,98.76,93.75,98.78,97.93,96.05",85.04697731169537,1.1026010797603605,15.01911668796077,4
"1,3,2,2,2,2,3,2,2,1,1,3,2,2,2,2,3,3,2,3,2,2,1,2,2,3,2,2,3,2","97.59,98.40,98.29,97.85,98.27,98.64,97.83,97.11,99.14,98.24,97.61,98.70,97.27,96.92,98.67,98.59,98.59,97.54,96.65,97.29,97.99,97.70,97.83,98.36,96.89,98.48,97.36,97.89,96.92,96.59",77.33051438058892,1.0124741914565065,15.26686653806005,0
"0,1,1,3,2,0,1,2,2,2,0,2,2,2,2,2,1,2,2,0,0,2,1,2,1,3,2,3,2,1","96.70,98.48,94.67,94.72,95.57,97.26,92.83,98.14,94.33,94.68,95.18,91.48,98.72,98.34,97.18,96.57,93.90,94.57,91.28,99.36,95.51,94.45,94.74,97.03,95.13,95.97,97.36,93.03,92.74,97.97",67.69443051731977,1.1709390242160724,14.674207076030767,3
"1,2,1,2,1,1,2,2,3,2,1,2,1,1,1,2,0,1,3,1,3,1,3,2,3,1,1,2,1,3","93.48,91.31,96.33,92.93,90.95,92.62,92.36,91.09,93.73,92.34,89.80,89.67,93.95,91.52,96.54,88.17,92.32,89.83,92.27,91.70,92.33,92.03,91.81,91.04,91.45,93.52,86.90,88.67,87.81,93.86",66.37599980359954,0.8847242752473866,15.190582389037766,1
"2,1,2,2,2,2,2,2,2,1,3,1,3,3,1,2,2,3,2,3,2,2,2,2,2,2,2,2,2,2","98.30,97.91,97.65,97.90,97.02,98.86,97.19,97.76,97.17,97.79,97.03,97.46,96.71,97.42,98.87,98.11,98.31,97.48,97.66,98.60,97.07,97.73,97.60,97.59,98.98,98.21,97.61,98.41,98.20,97.62",72.77286691841128,1.0145019344298274,14.436620351022375,0
"3,2,0,3,1,1,0,1,2,2,1,2,3,3,3,0,2,1,1,2,3,0,1,1,3,2,2,0,2,2","97.26,95.92,100.00,96.05,93.56,94.72,99.92,97.47,93.87,97.76,97.41,93.89,97.43,94.56,98.37,93.27,99.81,95.25,92.90,92.94,98.01,91.70,95.85,96.39,95.09,94.45,95.58,94.53,91.97,92.57",61.20676302307866,0.7656790419521488,15.252660987851543,7
"1,1,3,0,0,3,1,0,1,1,3,2,1,2,3,2,2,2,3,2,2,2,3,2,1,3,0,1,1,1","95.61,96.42,94.25,96.30,92.62,94.53,97.04,96.24,93.71,94.91,95.61,94.47,97.79,96.29,95.44,97.28,96.72,94.13,95.69,96.99,92.14,94.90,93.57,94.29,96.90,92.95,96.03,97.75,98.51,91.60",57.145531245032416,0.686830105770434,15.139245552124516,3
"1,1,0,0,0,0,0,0,0,1,0,0,1,1,1,0,1,1,0,1,1,1,0,0,0,1,1,0,1,0","97.25,97.27,96.82,98.45,96.66,98.49,97.41,97.34,96.51,96.48,98.15,95.48,97.51,96.90,97.69,97.03,97.79,96.86,97.73,96.41,96.12,95.23,95.43,95.93,98.61,98.15,97.19,99.77,96.13,97.17",40.25808445907565,0.8415533047768938,14.669547218930328,2
"1,3,3,3,2,2,2,2,1,1,2,2,3,3,2,3,2,2,3,2,2,1,2,1,2,2,2,3,1,1","88.68,90.46,90.47,91.89,90.74,76.46,88.87,82.74,89.19,88.83,92.16,82.34,85.85,90.16,88.51,89.68,89.75,86.69,86.58,91.59,89.05,84.59,91.90,90.47,81.38,90.16,89.27,85.32,92.06,77.09",24.829359270173384,0.995239003480066,15.441307213298275,6
"2,2,2,2,3,2,2,2,2,2,2,2,2,2,2,2,3,2,1,1,2,2,1,2,1,2,2,1,3,1","98.00,98.09,97.87,98.50,98.69,98.54,98.83,98.59,97.11,98.31,99.00,97.06,98.17,98.13,98.82,98.39,97.07,98.03,99.93,97.28,99.21,98.34,98.28,97.60,96.62,98.29,97.24,96.74,98.21,97.98",60.48332740671515,0.9908592799530774,14.516931600706382,0
"2,2,2,1,3,2,2,2,1,1,0,1,2,2,3,1,3,2,1,2,1,1,1,2,3,0,0,3,1,0","97.90,99.98,94.37,95.97,93.46,92.96,94.95,97.73,96.91,98.63,96.37,97.06,97.37,98.03,97.32,95.38,97.51,94.27,93.81,95.93,95.30,96.60,96.44,99.36,98.31,95.83,92.95,96.14,94.35,97.31",54.96899599945422,1.0017446749014607,15.858699823914355,3
"0,1,2,1,1,1,1,1,1,3,3,2,2,3,3,1,1,2,3,1,1,2,1,3,1,3,2,1,3,1","92.39,89.81,91.30,94.21,88.94,89.05,89.06,83.18,92.80,93.05,90.51,93.39,94.71,92.26,94.96,92.29,91.00,93.97,93.42,88.19,89.73,95.27,87.45,91.78,90.20,88.21,92.28,90.45,92.88,91.39",64.8435349510866,1.0112297986165069,14.996095949103363,1
"2,1,1,2,2,1,3,2,3,3,2,2,2,1,3,3,3,1,1,2,2,1,3,2,3,2,3,3,2,2","97.34,99.41,98.04,98.21,97.20,98.72,98.30,97.48,97.94,98.48,98.17,97.84,96.19,97.72,97.04,99.35,97.65,98.17,96.93,97.36,99.13,98.25,99.05,98.28,98.55,98.54,98.23,97.31,97.72,97.50",77.5092377190987,0.9877161274285541,14.938355210005101,0
"1,1,0,1,0,1,0,0,1,1,0,0,0,1,0,0,0,1,1,0,0,0,0,1,0,0,0,0,1,1","98.44,97.91,96.64,96.61,96.32,97.42,98.52,97.35,96.03,99.95,96.46,95.75,98.33,96.70,96.64,97.28,96.10,97.36,95.63,95.79,97.51,96.58,96.26,97.72,96.60,96.43,96.03,97.53,96.79,98.62",59.74042833297361,0.9655018771661332,14.92740775655443,2
"1,0,0,0,0,1,0,1,1,0,0,0,0,1,0,1,0,0,0,0,0,0,0,0,0,1,0,0,1,0","97.33,96.43,99.35,96.10,98.25,96.48,96.52,98.39,96.31,96.75,97.26,96.92,94.77,96.49,97.47,96.50,93.56,95.50,98.12,96.74,94.85,96.05,95.83,97.12,94.11,96.45,97.17,97.95,97.69,97.00",62.02975019850701,0.6881656761811128,14.61258952902138,2
"2,3,1,3,2,1,2,3,3,1,0,3,2,1,0,2,1,2,1,2,2,1,0,1,3,2,1,3,1,3","90.90,97.54,95.88,94.84,89.41,85.21,96.57,95.48,89.98,92.97,98.30,89.44,91.20,89.17,92.31,87.09,92.43,95.93,91.81,90.80,94.34,93.12,92.24,87.35,93.59,93.50,93.36,87.58,97.11,91.42",38.346115549210495,0.9016539750127168,14.49299019666248,1
"2,3,3,3,2,2,2,1,3,2,3,2,1,2,1,2,2,3,2,1,1,1,2,2,3,3,2,2,2,2","98.19,97.72,98.27,97.69,98.57,98.52,98.56,97.64,97.92,97.89,97.74,97.27,99.62,96.74,98.19,98.19,98.30,97.32,97.54,97.55,98.95,98.71,97.05,97.20,99.46,99.66,98.48,98.69,98.64,98.13",57.073602576195015,0.7743950410196639,15.070141713769686,0
"2,3,2,2,2,2,2,2,2,2,2,2,2,3,2,2,2,2,1,3,1,3,2,2,2,2,1,2,1,3","99.62,98.53,98.66,98.74,98.45,98.11,98.76,98.39,97.63,98.37,96.87,97.78,97.26,99.18,98.13,96.29,99.46,98.08,98.55,98.14,98.02,97.83,98.91,97.54,98.53,97.38,99.85,98.17,98.68,97.93",82.09304475111718,0.7151105090446895,15.168872687718066,0
"2,3,2,1,2,3,2,1,0,1,1,3,1,0,0,1,1,2,2,0,3,2,1,2,1,2,3,2,1,2","97.34,97.82,93.29,96.00,94.47,96.86,96.33,98.27,92.37,96.69,94.77,94.93,96.96,96.66,95.14,97.62,93.98,91.55,92.58,95.41,97.65,97.22,97.81,96.50,96.78,93.06,94.09,92.46,96.48,98.48",53.91707025965809,0.9076546340738136,14.614876945002347,3
"0,0,3,3,3,2,0,0,3,1,3,0,2,2,2,1,1,0,2,3,2,1,2,2,3,2,1,3,2,1","97.80,98.25,95.97,96.39,97.31,95.00,98.41,95.36,93.46,94.96,96.69,99.01,95.43,96.70,98.58,93.88,94.08,94.64,95.76,93.86,98.07,96.38,93.36,91.95,94.56,96.75,94.91,96.66,94.91,96.71",42.916023376875785,0.6068842925640631,14.913290799438197,5
"3,3,3,2,1,2,2,3,2,3,2,3,1,1,2,1,2,1,2,1,2,2,2,1,3,2,2,2,2,2","90.76,85.89,87.43,89.27,93.28,89.82,81.40,86.78,95.16,89.53,87.89,87.63,85.26,87.03,89.03,95.02,87.87,86.35,88.77,87.27,89.88,86.76,86.48,86.34,85.11,85.94,84.35,93.99,93.49,96.06",33.61180289789855,0.7260001015944249,14.325000730739415,6
"2,1,1,3,1,3,1,3,1,1,1,1,2,1,1,2,3,1,3,1,3,1,1,1,2,1,2,1,3,3","95.34,94.06,94.89,86.65,95.01,85.97,88.55,89.15,88.91,92.75,90.78,91.72,94.51,94.26,91.31,92.21,94.94,90.49,89.78,90.08,89.44,91.39,87.49,90.34,90.37,90.57,96.52,90.62,93.35,92.68",28.610247557450354,0.5255611971979766,15.114667419650285,1
"1,1,3,2,2,2,2,3,2,2,1,2,2,1,1,2,3,1,1,1,1,2,3,2,1,1,1,1,2,2","85.16,86.09,83.99,89.25,89.88,89.59,84.50,83.89,81.83,93.42,90.84,88.36,90.70,80.37,82.80,90.99,86.17,89.50,86.13,90.31,92.63,83.80,86.56,86.69,91.32,84.74,86.14,84.72,86.06,87.22",43.33889161549637,0.6752882881123343,14.711215500663949,6
"1,2,2,3,1,1,1,3,2,1,0,0,2,1,3,2,0,1,0,2,0,2,1,2,3,1,2,0,3,1","96.41,95.48,98.10,91.98,99.18,96.51,96.04,93.19,96.19,94.93,96.37,94.90,95.85,94.19,95.98,96.48,98.07,97.32,93.67,98.02,95.97,93.93,99.20,97.22,94.73,94.75,95.70,95.78,94.22,95.41",58.377766589803585,1.0339178141968075,14.847590020729493,5
"0,0,1,3,3,2,2,2,3,3,2,1,3,2,2,2,3,3,0,1,2,2,1,2,3,2,2,2,0,1","94.27,90.79,88.44,90.03,91.40,94.06,90.50,91.49,95.46,91.56,94.34,94.20,90.36,90.72,86.62,94.55,97.03,94.14,97.40,89.48,92.99,89.43,94.12,93.19,92.23,96.48,88.22,87.79,93.19,92.89",38.52828993771334,0.9004074438353451,14.669429930277401,1
"3,0,0,1,1,1,2,2,1,2,0,2,1,3,1,2,1,2,2,1,3,0,0,1,1,3,2,1,3,1","88.07,89.10,97.29,93.99,88.90,94.90,89.25,91.33,91.41,91.55,93.43,91.30,91.61,100.00,98.07,94.60,97.99,94.96,89.93,92.27,95.78,89.55,91.43,93.77,88.64,96.41,93.21,88.54,93.78,86.46",68.82703189475616,0.7377781898080009,14.482017869855847,1
"3,1,3,2,2,1,2,1,1,2,2,2,2,1,2,1,2,1,3,2,1,1,3,2,1,2,3,2,3,2","97.71,98.88,96.49,96.88,98.90,97.79,98.00,98.16,97.85,97.58,97.56,98.16,97.20,98.96,98.61,98.40,98.75,96.94,98.99,97.44,97.90,98.08,97.30,97.36,98.42,98.34,98.36,97.66,97.81,98.51",66.52958949120422,0.8701762966380728,14.780287613022047,0
"3,1,2,3,2,2,2,2,1,3,2,2,3,1,2,2,1,2,2,2,2,2,2,2,2,2,1,2,2,1","98.79,97.62,96.57,99.94,98.51,96.11,97.61,96.22,97.52,99.15,96.40,97.00,99.16,96.44,97.47,98.07,99.74,98.57,98.60,98.09,97.15,97.68,99.41,98.17,97.72,99.08,97.79,99.46,97.81,97.83",79.97940651218113,0.8254107770081169,15.017482885723995,0
"2,2,1,2,2,2,2,2,2,2,2,2,2,2,2,2,2,1,2,2,2,2,2,1,1,2,2,3,2,3","98.83,96.90,98.43,97.20,97.76,98.17,99.83,96.76,98.98,98.57,98.01,98.15,98.45,99.30,98.25,96.14,97.79,98.06,97.86,98.79,97.58,98.24,98.28,98.92,98.94,98.29,97.95,97.44,99.38,98.25",68.1507847884425,0.6704796737796281,15.006524997113626,0
"2,2,1,2,3,1,3,2,2,2,1,2,3,3,2,2,2,2,3,2,1,3,1,2,3,2,3,2,3,2","96.76,99.07,99.23,98.40,98.61,98.16,96.81,97.39,98.54,96.13,97.15,99.41,98.85,98.31,97.75,98.25,98.81,99.10,99.01,98.11,97.89,97.85,98.13,97.57,97.72,99.42,98.69,96.16,97.93,98.27",60.92399293178313,0.7573155115315814,14.636648259186519,0
"2,2,3,2,3,1,1,2,1,2,1,2,3,2,3,3,2,3,3,3,2,3,1,2,2,3,2,2,1,3","100.00,98.44,98.42,98.01,98.56,96.55,97.59,98.20,96.19,97.41,99.30,97.64,97.59,97.88,98.79,98.05,98.52,98.58,98.81,98.37,98.21,96.39,98.96,97.78,98.37,97.68,96.67,98.94,97.26,97.63",80.12019578536213,0.5342706247382009,14.861288467146174,0
"1,1,3,0,3,2,2,2,3,0,3,2,0,1,0,1,3,3,0,2,1,2,3,3,2,1,3,2,1,1","98.78,100.00,97.92,94.25,94.88,93.69,96.51,94.79,89.06,99.44,97.01,95.03,92.76,96.93,98.85,94.46,99.71,95.07,95.71,95.63,95.17,94.68,96.39,95.15,91.70,100.00,96.32,96.03,96.35,97.15",63.27219362088134,0.5963625044789113,14.673929047675223,3
"2,2,2,2,2,1,2,2,2,1,3,2,3,2,2,2,2,2,2,1,2,3,2,1,2,2,1,2,1,2","98.91,99.02,98.47,96.10,97.54,97.60,98.36,97.75,98.61,97.29,98.02,97.85,98.19,98.14,99.22,99.07,98.61,98.68,97.83,98.37,97.53,98.48,98.05,100.00,98.59,98.74,97.08,98.14,99.18,97.07",58.14069528588532,0.6842641596549223,14.971694388969588,0
"2,2,1,2,2,1,1,1,2,0,1,1,2,1,1,1,3,2,2,0,3,3,1,0,3,1,2,2,0,0","97.44,97.51,95.97,96.53,95.06,95.62,96.71,92.57,95.60,95.70,93.16,94.98,96.04,96.43,96.03,96.71,95.98,96.66,100.00,91.96,96.14,98.09,90.51,96.42,93.76,98.13,94.91,94.32,97.47,94.29",82.1235777410464,0.6543028270117827,14.630474845358913,3
"2,1,2,1,0,2,1,2,2,2,1,1,2,0,2,3,2,3,2,2,2,3,3,1,3,1,0,1,2,2","97.96,95.05,97.47,96.11,93.31,94.21,94.38,95.03,96.79,94.48,97.32,97.10,98.10,96.78,94.51,96.57,92.16,97.74,97.14,100.00,96.20,96.24,95.56,96.95,94.24,96.60,96.32,97.09,95.36,92.47",64.42795078710742,0.7915885753912147,14.2560330219992,4
"1,3,2,3,1,2,1,3,1,3,0,1,1,2,1,2,2,0,1,1,3,3,3,2,1,2,3,1,2,3","88.62,92.42,91.78,90.49,94.86,90.31,91.17,89.66,90.38,88.46,89.55,91.79,87.73,96.25,100.00,92.02,92.00,97.28,89.13,90.43,93.81,93.66,92.29,93.95,95.15,92.56,95.05,92.21,88.10,92.77",29.489381976563543,0.9084508783873972,14.980689054291243,1
"1,3,1,1,2,3,2,2,2,1,2,2,2,2,1,1,2,1,3,3,2,2,1,3,2,1,3,2,3,1","97.53,98.17,97.55,98.55,99.25,99.42,98.47,98.86,99.01,98.16,96.87,98.00,98.52,96.82,98.09,97.32,98.98,98.46,98.49,97.07,98.11,97.81,99.58,98.63,97.51,98.97,98.35,99.19,98.37,99.23",77.23803742642015,0.8122073876768495,14.43890690232353,0
"3,2,3,2,2,1,2,1,1,2,0,2,2,2,3,1,2,1,2,1,1,3,3,0,2,1,0,2,1,0","97.38,98.25,95.54,96.77,95.99,95.69,93.12,96.50,95.46,95.95,99.94,95.00,96.53,93.53,96.40,95.84,95.16,95.64,94.67,94.26,94.75,96.50,92.60,97.09,96.36,97.92,98.04,92.96,98.19,94.22",50.968981675242105,0.9146914832178811,15.53246842928462,3
"2,2,2,1,3,3,1,2,3,2,2,1,2,2,2,2,3,1,1,1,2,2,2,3,1,2,3,2,2,1","96.36,92.29,88.94,87.72,80.70,87.12,85.38,90.46,91.80,84.06,90.20,88.38,84.04,89.18,89.98,89.21,94.54,91.25,88.54,89.29,83.87,90.42,73.78,89.91,85.47,92.82,90.49,87.70,90.55,89.72",48.1919779672957,0.7631953289876435,14.823104740800407,6
"1,3,2,2,2,0,1,1,1,1,0,0,3,2,1,1,2,1,1,0,1,2,1,1,3,3,1,1,2,1","93.70,93.54,93.20,93.39,95.45,89.25,91.36,93.42,88.37,94.87,89.13,96.88,90.43,91.58,87.40,91.04,89.97,94.89,95.96,99.28,87.52,98.39,90.15,92.06,87.80,91.72,87.04,92.80,96.28,95.02",66.17387608057257,0.652004166812168,15.723417967881625,1
"1,2,2,0,1,1,0,3,1,2,1,0,2,2,1,0,1,1,0,3,3,3,1,2,3,3,2,0,3,1","92.71,95.58,94.87,95.69,95.46,99.39,91.32,96.46,94.70,96.54,96.56,97.49,95.85,97.35,94.48,97.18,94.13,96.54,94.31,93.73,97.65,98.53,95.27,97.57,94.21,94.38,97.65,97.21,95.38,93.76",55.35338449669415,0.8865883105292213,15.407600799134048,4
"1,2,1,3,1,1,0,3,2,0,1,3,3,1,1,1,1,2,0,2,3,0,1,0,3,2,1,1,0,1","98.45,98.71,94.62,94.14,95.29,95.50,96.34,96.88,96.00,91.24,92.95,95.86,96.83,94.79,96.59,99.64,97.48,93.93,98.71,96.73,93.59,94.97,99.96,98.60,96.98,93.81,92.33,96.76,96.05,94.96",54.57225860093898,0.9467117744118975,15.629517881183293,4
"2,1,3,3,2,3,2,2,2,2,2,2,2,3,3,3,2,2,1,3,1,1,2,2,3,2,2,1,2,2","97.05,97.28,99.61,98.48,98.39,98.59,98.94,97.80,97.15,99.15,97.91,98.16,97.98,97.62,96.31,97.21,97.62,96.71,99.04,98.24,97.97,98.36,99.17,96.89,97.60,98.79,98.01,98.25,97.94,98.42",71.143460512904,0.898416422262059,14.885295418628925,0
"2,2,2,3,3,1,2,1,2,1,2,1,1,2,1,2,2,2,3,2,2,2,2,2,3,3,2,2,2,2","97.30,97.49,99.39,98.71,98.02,97.75,97.74,98.78,97.92,98.32,97.26,97.13,96.87,98.12,98.45,98.12,99.28,98.71,98.30,99.23,98.51,98.06,98.84,98.39,97.85,98.20,97.84,97.28,97.64,97.82",65.05893996444283,0.8939821802633434,15.002967533741659,0
"1,1,1,2,2,0,2,1,0,0,2,1,1,1,3,1,2,2,1,1,2,1,2,1,1,0,2,2,0,3","98.66,99.87,91.58,95.84,96.11,95.72,95.35,96.08,98.87,94.10,97.93,95.50,97.19,94.84,93.41,92.79,97.13,97.71,92.70,99.66,99.69,96.76,98.01,97.61,96.85,95.27,95.61,97.68,94.26,95.03",69.06973307735022,0.5632688025259467,15.236655645880344,3
"1,0,2,0,0,1,3,1,1,2,0,3,2,2,3,2,3,2,1,0,1,1,3,1,2,0,2,1,1,3","94.41,97.97,95.93,97.53,94.92,94.40,100.00,93.94,95.91,96.11,96.62,90.78,96.25,97.16,94.17,93.82,95.68,91.95,96.71,100.00,95.30,96.48,94.31,100.00,95.03,93.35,98.59,97.37,92.04,97.54",72.38918986301353,0.7256398159906877,14.6653506809857,5
"1,1,2,1,1,2,3,3,2,1,3,2,3,1,2,3,2,2,2,1,1,1,1,2,2,2,2,2,2,2","85.85,80.28,89.68,82.42,82.43,90.84,89.24,84.98,88.17,88.10,88.51,88.41,89.25,75.81,85.12,88.96,88.12,89.41,85.52,86.74,90.34,91.94,93.35,83.73,94.14,90.95,93.23,85.82,81.79,82.46",54.545262177750715,0.9623791912839531,15.347229737584891,6
"2,2,2,3,3,2,2,2,1,2,2,2,1,3,2,2,3,2,2,3,2,2,2,2,2,2,2,1,2,2","97.57,98.03,97.62,98.48,99.51,97.92,97.56,97.74,98.12,97.28,98.14,97.74,99.44,99.35,98.72,97.77,98.32,99.08,97.93,98.24,97.41,97.79,97.69,98.84,97.76,98.17,96.66,97.44,98.18,96.87",65.00498580338993,1.016354257079798,14.64037002129646,0
"1,0,0,0,1,0,0,1,0,1,1,1,1,0,0,0,1,0,0,0,0,1,1,0,0,0,1,0,0,1","96.54,96.36,98.52,97.94,96.70,96.88,97.26,98.72,98.47,96.92,97.48,97.34,96.85,96.51,96.75,97.63,96.78,96.49,95.85,98.38,96.29,97.24,98.01,97.63,98.96,98.27,95.76,98.59,97.88,96.18",46.75619854926451,0.7523060653243846,14.458021655271555,2
"2,2,2,2,2,2,2,1,3,3,2,2,2,3,2,3,1,3,2,2,2,2,2,3,2,3,2,2,2,2","97.10,97.09,97.92,95.88,98.48,98.15,98.97,97.35,99.12,100.00,99.74,98.90,96.86,98.07,97.86,98.35,98.38,99.08,96.21,98.27,97.61,98.60,97.40,97.51,98.52,98.65,99.04,97.64,97.64,97.32",68.92751939590781,1.0019824547875804,15.927253207786938,0
"2,2,2,1,2,1,2,2,3,2,1,1,1,2,3,2,2,1,2,2,3,2,2,2,2,2,1,3,1,2","99.10,97.66,97.94,97.10,96.42,98.42,98.74,97.68,97.51,98.58,98.58,98.31,98.54,97.31,96.86,98.02,97.42,97.93,99.31,99.36,97.61,97.52,97.35,98.56,97.82,97.93,97.05,98.67,97.46,98.32",74.73844678427292,1.0178273371693014,14.847503850120827,0
"1,1,0,1,2,1,1,2,1,0,1,2,2,2,2,0,2,1,3,2,3,1,2,2,3,0,0,2,2,0","98.22,94.48,96.63,92.89,100.00,96.68,98.08,95.54,97.68,94.25,95.90,95.48,95.37,96.46,96.19,97.73,93.40,96.36,96.24,99.12,96.54,95.51,94.39,92.85,93.53,97.83,95.61,93.46,95.67,99.97",54.027964001714864,0.5867294513973758,15.027644028460521,4
"0,1,1,2,2,2,0,1,1,3,3,2,2,2,1,3,3,3,0,2,3,1,0,1,1,1,1,2,2,0","96.81,88.14,92.56,91.50,94.27,88.91,88.85,89.75,93.38,90.58,96.24,86.33,92.37,89.96,90.13,89.99,92.63,89.49,92.33,90.44,90.95,90.10,90.55,92.09,92.79,88.53,88.43,93.60,91.68,92.44",69.02726515279565,0.6850703874501493,15.12961766274014,1
"1,1,1,1,1,1,1,2,2,1,2,0,1,1,2,1,0,1,1,1,1,0,3,2,3,0,2,1,3,2","86.12,94.78,90.10,93.67,91.86,91.70,90.70,91.90,89.45,97.05,91.84,95.16,84.78,92.30,97.04,94.97,87.45,93.54,88.79,91.47,100.00,93.99,92.79,92.30,89.33,94.44,92.31,92.61,90.94,98.85",38.13773044530611,0.9642968459519684,14.82541324058845,1
"0,2,2,3,1,1,1,3,2,1,1,2,1,3,2,1,2,2,2,2,0,1,2,1,0,1,0,1,2,2","98.43,97.33,96.02,94.32,97.01,94.69,99.48,96.73,97.14,95.02,96.91,94.97,96.39,96.45,99.24,96.78,97.80,96.36,96.90,94.97,94.49,95.31,91.81,98.57,96.72,92.82,96.05,96.47,94.64,93.10",59.67760110453757,0.8837396941545005,15.535579332567105,5
"2,1,2,2,3,1,2,2,2,1,2,3,3,2,3,2,2,3,3,3,2,3,2,2,1,2,2,2,2,1","98.91,100.00,97.00,98.68,96.29,97.33,98.33,97.45,98.09,97.01,98.69,98.63,97.13,98.12,98.62,97.61,99.51,98.29,97.76,95.99,97.88,98.09,98.37,96.94,99.50,98.11,97.45,99.22,97.19,97.94",71.34874560798254,1.2230766010592442,15.068058142626679,0
"1,1,1,0,0,1,0,0,0,0,0,0,1,1,0,1,1,1,0,0,0,0,0,0,1,1,1,0,0,1","97.35,96.31,96.89,97.51,98.06,97.59,97.84,95.16,94.61,97.24,97.60,96.19,96.98,96.47,95.89,98.27,97.09,96.45,96.11,96.92,97.41,96.72,98.99,96.89,97.93,96.44,96.17,97.33,96.23,99.15",47.48740159653768,0.9797864730440308,15.073354932247083,2
"2,2,0,1,3,3,2,1,3,1,0,2,2,2,0,1,3,1,1,2,3,2,1,1,1,2,1,0,2,0","94.40,98.03,93.44,94.16,97.36,94.51,96.84,98.77,95.43,95.87,97.85,97.85,97.52,94.36,93.82,96.03,98.72,97.83,97.27,96.63,94.56,99.66,95.46,100.00,99.46,96.47,95.50,96.74,98.61,94.88",66.04237250535168,0.7842944695564215,14.929032855648336,5
"2,1,1,2,2,3,2,2,2,2,2,3,2,2,1,1,2,3,2,1,1,2,1,1,1,2,1,2,2,1","98.19,96.79,97.92,98.55,97.16,97.62,98.69,98.16,98.55,97.48,97.93,98.53,97.84,98.68,98.33,97.73,97.04,97.86,96.80,96.94,98.25,98.67,98.70,97.60,98.82,96.77,97.12,96.77,96.52,97.82",80.5089809083527,0.8337510553219406,14.564348209509403,0
"0,0,0,0,0,1,0,1,1,1,1,0,0,1,0,1,1,0,1,1,1,1,1,1,0,0,0,0,0,1","97.00,96.48,97.73,97.18,96.97,96.24,97.51,96.05,95.40,97.27,95.91,97.14,96.87,97.98,96.13,94.93,95.12,97.68,95.97,97.22,97.15,96.50,98.51,97.52,98.27,96.31,96.31,96.32,96.15,95.48",47.80413605656034,0.8185710777860112,15.507396484452237,2
"1,1,2,2,2,1,2,1,2,2,1,0,2,1,3,2,1,2,0,2,0,0,0,0,0,1,2,0,1,3","100.00,98.43,96.66,97.23,93.73,96.14,95.87,96.44,95.90,94.93,97.28,96.44,94.78,94.41,96.91,96.47,96.95,97.64,96.31,95.61,99.87,93.12,95.20,97.42,98.02,96.69,95.65,93.92,94.63,96.17",42.49595832063572,0.7005792021857328,14.644889554671606,5
"2,1,1,3,1,3,1,2,3,3,2,1,2,2,2,0,0,2,2,2,2,2,3,3,3,1,1,1,3,1","98.45,98.87,96.38,96.78,98.66,96.76,97.25,96.82,96.22,95.06,95.22,93.50,93.22,97.93,92.34,97.22,93.67,97.74,97.16,95.95,96.46,92.99,96.16,94.22,90.89,95.27,92.76,94.29,91.84,95.23",52.80423684823702,0.689185238519123,14.317896717138352,4
"2,2,1,2,2,2,3,1,2,1,2,3,1,3,1,2,3,2,2,2,2,2,1,1,2,2,2,3,2,1","86.19,89.93,82.87,89.57,84.10,85.82,91.60,87.60,90.25,83.89,89.67,81.02,84.42,86.16,82.18,88.11,92.39,91.61,84.65,85.68,96.93,88.55,95.71,88.15,89.07,82.60,91.23,91.88,90.10,85.89",44.77834889005931,0.9699334001864798,15.591855648256168,6
"3,2,2,2,2,2,2,2,2,2,3,3,2,1,2,2,1,2,2,3,1,2,2,3,2,1,2,2,2,2","98.14,98.50,98.89,98.73,97.84,98.30,98.34,97.16,98.04,99.29,97.59,98.51,99.72,98.61,98.38,97.23,98.03,96.60,96.76,97.31,97.14,97.69,97.63,97.06,97.70,98.46,97.10,96.94,97.05,97.60",58.10842595447809,0.8656848760035848,14.633215086234085,0
"3,1,2,2,1,2,2,2,1,2,0,1,2,2,2,1,1,3,3,1,2,3,3,0,3,2,0,0,1,1","95.29,95.54,93.99,93.51,98.04,95.84,92.59,100.00,97.25,97.00,93.24,96.59,92.45,96.60,97.27,98.56,96.49,98.82,93.96,94.49,96.73,95.20,96.12,99.36,95.59,96.26,99.35,95.22,97.75,95.26",68.55928237476115,0.9489746437344515,15.457955106538202,3
"3,2,1,2,2,2,2,2,2,2,2,2,2,1,2,2,2,2,2,1,1,3,2,2,2,2,2,3,3,2","98.16,98.63,97.12,98.42,98.10,98.90,98.47,99.42,98.45,98.22,98.36,98.38,97.15,97.59,98.79,98.89,97.69,97.77,96.23,97.88,96.15,99.51,97.74,96.02,98.32,97.77,98.41,97.01,98.50,97.80",67.13577193558794,0.9778578203187606,14.647179603997927,0
"1,1,0,1,0,0,0,1,1,0,0,0,1,0,0,0,0,1,1,1,1,1,1,1,1,1,1,1,1,0","96.76,96.79,95.32,98.52,98.95,97.21,96.88,97.51,96.83,97.51,97.69,97.51,99.57,98.08,98.39,95.80,97.76,97.35,96.79,98.21,97.53,97.92,96.17,96.53,97.14,95.87,98.43,95.90,96.02,96.35",50.14567050791334,0.8119361113650657,14.776807652961548,2
"1,1,1,0,1,2,1,1,2,1,0,3,2,0,2,2,1,3,1,2,1,3,1,1,3,1,2,0,2,2","93.29,94.00,97.53,95.00,98.62,95.57,94.87,97.20,95.53,98.92,98.37,94.30,91.05,95.37,94.62,93.37,93.92,97.80,95.24,99.94,97.14,97.96,94.47,96.87,92.53,94.38,95.43,98.08,93.64,94.52",69.22807742341956,0.6942769329266524,15.332034481405975,4
"2,2,2,3,2,2,1,2,3,3,1,1,1,1,1,1,3,1,0,1,0,1,2,3,2,1,1,3,3,3","94.08,90.63,94.79,91.85,88.17,90.41,95.61,95.04,91.60,91.09,87.64,90.58,88.78,94.40,90.40,93.86,89.30,90.74,89.45,90.61,89.08,85.97,91.43,100.00,91.72,91.52,87.52,87.80,89.98,91.77",46.7974534135196,0.7066150677193439,15.228608288147354,1
"1,0,2,1,0,1,2,2,2,0,0,1,1,2,2,2,2,2,3,2,2,1,2,0,0,2,2,0,0,3","97.24,97.42,95.77,94.53,95.68,93.95,95.91,94.76,100.00,95.64,94.34,96.13,95.29,93.13,95.97,97.89,94.42,93.34,92.41,92.84,98.91,97.68,96.04,93.34,95.95,98.88,93.13,96.99,96.99,94.60",69.46003614812543,0.7162080834909529,15.011628980736841,3
"2,2,2,1,2,2,2,3,1,1,0,3,1,2,3,1,0,1,3,1,2,1,1,1,0,1,1,1,0,0","96.25,93.55,95.22,91.42,94.63,95.94,96.13,90.47,95.59,96.83,96.63,98.56,98.70,93.06,97.18,99.60,97.20,91.09,95.75,96.67,96.46,98.02,97.20,95.30,98.68,97.38,96.11,97.10,97.17,95.95",67.60970670425873,0.7778843622262454,14.26471158464143,5
"2,3,2,2,1,3,1,3,2,2,2,2,1,3,2,2,3,2,2,1,2,1,3,2,1,2,3,1,1,2","83.46,95.10,91.62,90.89,87.30,87.02,85.02,82.65,92.06,91.06,93.64,96.54,87.21,89.70,82.80,91.19,86.69,82.29,86.86,83.26,81.18,87.71,84.39,87.11,87.07,82.34,81.75,93.06,83.63,81.74",54.01189788439117,0.7995823959001462,14.941576489682507,6
"1,0,0,0,0,0,0,0,1,1,0,1,0,1,0,0,0,0,0,0,0,0,0,0,0,0,0,1,1,0","97.23,96.59,98.81,97.70,95.31,97.42,96.53,96.45,98.73,98.32,94.98,96.95,96.72,95.21,96.43,95.55,98.05,96.70,96.45,96.07,98.57,96.14,97.81,97.87,96.17,96.25,97.14,98.74,96.11,96.54",57.475714079249016,0.7979214497676511,15.246412036191732,2
"2,1,3,2,3,3,2,1,3,2,2,2,2,2,2,2,2,1,2,1,2,2,2,1,1,1,2,2,1,1","98.00,99.11,97.69,96.12,97.19,97.15,99.02,98.42,98.66,98.02,97.56,97.98,98.29,98.80,98.87,98.64,98.65,98.41,97.89,98.84,98.13,98.63,98.83,96.43,98.18,99.43,97.76,99.04,96.78,98.07",69.88691841310025,0.41924237616933885,15.685976581638622,0
"1,3,0,2,2,1,1,1,3,2,2,3,3,1,2,0,0,2,1,2,3,1,1,2,3,1,2,1,1,3","93.46,88.38,95.23,88.23,90.02,93.59,90.37,89.48,91.50,89.86,95.64,91.84,87.38,93.52,92.16,92.64,96.63,94.87,93.47,87.86,94.08,91.86,95.28,92.69,88.12,92.04,95.29,90.13,95.48,92.10",49.59886073280603,0.9414894471426736,15.011720181467503,1
"2,2,1,3,2,2,1,1,2,2,1,1,1,2,2,2,3,1,2,1,3,3,1,0,0,2,0,1,1,3","94.55,92.98,99.95,97.66,92.95,99.20,93.12,99.18,96.61,95.54,96.15,96.61,95.74,95.92,98.35,96.75,97.12,95.04,97.09,95.08,96.62,97.22,96.78,96.21,96.60,98.08,95.43,95.12,95.23,96.34",70.13754167889401,1.2406121014639628,15.54686278846486,5
"3,2,1,2,3,2,2,2,2,1,1,3,3,3,2,3,2,1,2,2,2,1,2,3,2,2,1,2,2,2","97.99,97.13,98.13,97.38,97.48,97.55,99.56,97.52,98.09,98.61,97.82,99.50,97.13,96.64,97.16,99.46,99.32,98.45,98.72,99.66,97.78,97.81,97.35,98.85,97.31,98.40,97.94,98.19,98.74,97.68",64.95910932769935,0.6488426328414032,14.617991360483927,0
"2,2,2,2,1,2,3,1,3,1,1,3,2,3,2,2,1,1,2,2,2,2,1,1,3,1,2,1,3,1","87.33,84.59,88.25,81.42,86.70,88.88,86.30,84.25,84.09,84.69,86.48,87.47,94.60,86.39,85.33,81.28,82.71,93.14,89.60,89.96,87.33,89.15,93.89,92.60,87.95,89.62,83.03,81.86,84.92,91.13",63.877548973501305,0.6888379909121652,15.121049864958563,6
"1,3,2,3,2,2,2,3,2,3,3,3,2,2,2,2,2,3,1,2,2,3,3,3,1,2,2,2,2,1","97.72,97.48,98.08,97.16,98.27,98.04,97.59,97.45,97.83,96.71,98.88,98.02,97.65,97.13,98.31,97.84,97.41,98.72,95.37,97.88,97.18,99.45,98.10,97.93,98.57,98.49,98.85,97.21,98.58,98.46",77.21619252788953,0.8635472956289469,14.97005941449905,0
"1,0,2,2,2,1,1,1,2,3,2,2,3,3,2,2,1,0,2,1,2,3,1,1,3,3,2,0,2,0","96.30,95.55,97.31,99.84,97.52,98.28,96.16,99.59,100.00,96.67,97.08,95.26,94.42,94.52,93.93,96.24,97.56,98.63,97.03,94.86,97.12,92.77,97.46,97.05,94.34,97.79,95.06,97.51,94.33,93.40",54.58719775076437,0.6475309358841248,14.438919424216213,7
"1,3,2,2,2,2,2,2,1,2,2,2,1,2,2,2,1,2,3,1,3,2,2,2,2,2,1,3,1,2","98.26,97.87,98.99,97.97,96.86,97.43,97.09,98.08,97.90,97.90,98.40,97.73,98.97,96.75,98.13,96.91,97.71,97.67,96.93,99.30,96.99,98.61,97.88,99.49,97.14,98.16,97.85,98.52,98.19,99.07",62.202301662162824,1.2107724542512246,15.2650577650152,0
"2,3,2,2,2,2,2,1,2,1,3,1,2,3,2,3,1,2,2,3,3,1,3,2,2,1,2,2,3,2","87.78,92.62,86.71,86.75,86.11,89.16,89.53,84.13,91.68,90.92,86.36,92.66,84.20,89.52,81.89,83.96,95.21,84.04,84.90,91.45,84.73,91.26,95.36,85.76,82.97,92.07,93.35,89.39,91.76,84.93",29.869358677134727,0.7960692786407336,15.060518771817334,6
"0,0,1,1,1,0,0,0,1,0,0,0,0,1,0,1,1,0,1,0,0,0,1,0,0,0,0,0,1,1","96.62,99.24,96.50,97.27,97.49,98.04,98.48,96.17,95.79,97.80,98.25,96.53,96.79,97.05,96.70,96.37,98.64,97.17,96.02,96.86,95.75,98.20,97.66,98.68,96.10,98.01,97.67,96.08,96.41,98.11",37.11672532676888,0.6368545678309737,14.409319794772454,2
"0,0,1,1,0,0,0,0,0,0,0,0,0,1,0,1,1,0,1,1,0,0,0,0,0,0,0,0,1,1","97.47,99.24,96.86,96.36,97.17,97.05,98.41,97.96,97.81,96.50,97.18,98.98,97.42,97.44,95.62,96.82,96.39,96.08,96.35,96.54,98.38,95.37,96.87,97.25,98.62,97.38,97.07,97.21,97.32,99.64",42.9450975783233,1.0399865494200506,14.595719565184355,2
"1,0,2,1,1,1,3,0,2,1,2,1,1,1,0,1,1,2,0,3,2,1,1,1,1,1,2,1,2,1","97.19,97.30,92.82,94.11,98.48,92.90,96.31,94.07,95.01,97.65,98.18,98.65,92.24,95.45,96.07,99.72,98.45,95.26,96.67,97.19,94.88,95.60,94.41,94.00,95.69,94.36,94.79,93.73,97.18,99.45",52.76115787571653,1.0103505111359534,14.403254363404223,7
"1,0,2,1,2,1,1,1,1,2,0,2,3,1,1,0,3,1,1,1,2,1,3,3,0,2,1,1,3,1","95.80,94.81,95.39,99.79,99.46,95.86,93.97,96.02,92.31,95.79,94.16,95.18,96.41,97.86,95.04,97.19,98.07,95.52,99.82,99.92,95.85,97.62,97.08,96.53,99.87,91.23,94.98,93.79,100.00,96.71",40.0554732372606,0.7336021719543735,15.087226355873494,7
"1,3,2,1,1,3,0,2,2,2,2,1,3,1,0,2,2,2,0,3,2,3,3,2,2,1,1,1,3,3","96.86,94.78,95.24,99.38,98.75,94.03,93.40,95.42,96.25,95.96,99.15,93.49,96.45,95.02,97.27,98.62,97.09,92.82,96.42,98.24,99.27,99.27,95.30,94.65,95.15,97.44,96.32,95.24,95.64,95.59",72.85246316171767,0.8868971611956273,14.654178100892114,4
"1,1,2,2,3,1,2,1,1,3,2,1,2,1,2,0,1,1,0,2,1,1,2,1,0,1,1,1,1,2","95.99,95.73,94.07,99.10,93.49,98.63,98.24,95.46,97.80,90.94,95.03,96.63,95.74,94.53,100.00,93.62,95.29,98.77,94.51,99.17,97.29,96.59,96.28,93.03,95.28,92.51,95.58,96.07,97.72,96.04",67.45758417694073,0.885101434493336,14.785947934757708,3
"1,0,2,1,1,1,2,1,2,2,2,2,3,2,2,0,0,1,2,1,0,2,3,1,2,2,1,3,1,1","97.56,100.00,99.02,94.72,96.42,95.58,98.72,96.00,94.86,98.07,97.16,94.19,97.52,93.68,95.36,95.99,100.00,97.16,95.01,95.92,95.89,97.92,97.53,93.49,95.81,96.29,98.04,94.52,94.59,96.51",60.800164985819045,0.5547170046291061,15.505228146256156,3
"3,2,1,3,2,2,3,2,3,3,3,2,2,2,3,2,1,2,3,2,2,1,2,3,1,3,2,1,1,2","96.73,96.44,97.39,98.98,97.70,98.78,96.31,97.44,99.41,97.74,96.71,98.52,98.17,98.40,97.63,98.03,97.45,96.54,100.00,98.33,97.46,97.23,98.07,98.30,98.72,97.50,98.58,97.07,98.99,99.00",69.76629131511287,0.7008489536135546,14.646880572333318,0
"1,2,3,3,2,2,2,0,2,1,3,2,1,1,2,1,1,1,2,1,3,3,0,1,1,0,1,2,1,3","90.61,87.83,93.23,94.78,89.97,94.22,90.40,91.65,88.86,92.88,90.80,94.02,93.90,90.54,92.17,93.42,93.35,92.54,88.71,90.78,88.35,92.34,90.18,88.95,88.62,95.46,90.08,97.90,89.92,92.65",69.93376651897397,0.6107222965436028,14.600003240129489,1
"1,1,1,3,1,2,1,1,2,2,3,1,3,1,0,3,0,3,3,2,2,1,1,1,2,2,1,1,2,2","88.61,94.52,91.06,91.96,93.12,96.59,91.64,96.84,86.96,89.84,92.67,92.47,92.60,94.61,89.96,88.56,92.89,93.80,90.95,94.62,89.58,94.84,92.93,94.40,94.57,89.82,90.44,91.56,90.15,92.56",36.26601804082167,0.8216312756646924,14.425807439869747,1
"1,3,2,3,1,2,2,2,2,1,1,2,2,3,2,2,1,1,2,2,2,3,2,2,1,2,2,3,2,2","98.11,97.71,95.89,98.18,97.41,98.54,97.23,98.86,98.97,98.04,97.00,98.58,99.33,98.31,97.77,96.72,96.27,96.99,98.74,97.55,97.82,97.61,97.33,98.30,97.91,97.56,98.97,96.20,96.23,98.92",63.095695192326176,0.9738763733643778,14.7797298641605,0
"2,2,2,2,3,2,3,3,2,2,2,3,2,2,2,2,2,2,1,2,2,2,1,3,2,2,2,2,2,2","97.36,99.35,97.87,100.00,96.45,95.89,98.19,96.58,97.78,98.93,97.08,98.85,97.14,97.54,99.28,97.18,97.98,98.49,97.78,97.17,98.11,98.37,99.35,98.08,96.99,97.47,97.49,96.38,98.24,97.66",85.89786358845737,0.680973344146793,15.355880648329094,0
"1,2,1,3,3,1,3,2,2,2,2,2,2,1,1,2,3,3,2,3,3,2,2,2,3,1,1,2,3,3","97.02,97.74,96.78,96.67,97.59,97.08,97.81,98.12,96.76,98.55,97.30,98.23,96.21,96.63,98.46,98.19,97.69,98.91,99.23,96.05,98.39,98.01,98.56,96.66,98.37,98.47,99.47,98.81,99.79,98.44",79.75909626141473,0.7802146158972325,15.186834359102763,0
"1,2,3,3,1,1,0,2,2,1,2,2,2,0,1,2,1,0,2,1,1,2,2,2,0,2,2,1,2,0","95.48,92.11,91.52,97.34,97.94,98.53,96.87,95.62,98.57,92.14,95.85,96.14,94.84,97.45,98.21,95.54,99.81,95.90,95.13,94.97,96.35,99.70,93.67,94.34,99.97,96.01,98.74,98.23,95.89,94.05",59.19556573068885,0.946983709188475,15.10735681765665,4
"1,1,1,1,1,3,1,1,1,0,1,2,2,1,1,0,2,1,0,1,2,3,3,3,3,3,1,1,1,3","89.86,91.00,88.80,91.43,90.87,93.00,93.37,93.64,96.28,93.48,93.78,93.79,91.91,89.84,92.41,90.44,93.65,91.88,91.94,92.00,86.41,92.23,90.31,83.39,93.38,91.13,91.25,92.20,91.58,100.00",31.582245489980735,0.7581055395776104,15.267741095923537,1
"3,3,2,1,2,1,1,2,2,1,3,2,0,3,3,1,3,2,2,2,3,1,2,2,3,2,1,3,2,2","93.22,91.00,94.09,92.07,92.21,95.38,91.14,96.33,90.73,95.90,90.62,87.70,93.48,91.54,92.36,92.31,89.38,93.99,85.32,94.33,91.00,85.20,86.80,93.37,90.55,93.08,94.42,96.26,92.12,91.15",35.36350907927087,0.8460508441180685,14.412256625003844,1
"1,2,2,2,2,2,3,2,2,3,2,2,2,3,2,2,1,2,3,3,3,2,1,1,2,2,2,2,3,2","97.01,99.25,98.67,98.30,98.85,98.83,98.34,97.49,98.77,98.84,98.26,98.41,96.91,97.51,98.97,99.15,98.85,96.66,98.52,97.31,98.19,98.01,97.83,97.33,97.01,96.70,97.54,97.83,97.62,97.48",78.5287006176752,0.9411166740824939,15.172461212198108,0
"0,0,1,0,0,0,0,0,0,0,1,0,1,1,1,1,0,0,0,0,0,1,1,0,0,1,1,0,1,1","97.27,96.48,98.22,97.32,95.57,98.83,97.66,96.88,95.32,96.82,95.25,96.72,98.00,95.59,94.62,97.34,97.33,97.75,97.74,95.32,95.98,95.86,95.20,97.99,96.58,99.28,97.38,96.64,97.54,95.83",49.71576126411169,0.8791672733139528,14.925559610293922,2
"2,2,2,2,2,1,2,1,3,1,2,2,2,2,2,2,1,2,3,1,3,2,2,2,2,3,2,2,1,2","98.07,98.98,98.79,97.63,99.03,97.39,97.69,98.78,98.33,98.30,97.41,97.77,96.98,98.84,97.90,97.60,98.35,96.96,97.72,99.60,97.69,100.00,98.10,98.48,98.61,97.72,98.62,98.89,97.47,96.81",61.769603858522615,0.9695248552405903,15.21077222677967,0
"2,2,2,3,1,3,2,2,3,1,2,2,1,2,2,2,3,2,2,2,2,2,2,3,2,2,3,2,2,3","97.48,98.57,97.66,97.18,98.65,97.82,96.63,97.00,98.41,97.68,98.61,97.91,97.95,97.34,98.50,96.99,98.07,97.69,97.51,98.17,98.05,97.43,99.49,97.76,98.09,97.08,99.46,97.50,96.40,97.82",61.55530544881131,0.4977863915320365,15.761263741702606,0
"2,0,3,0,2,2,0,1,1,1,1,1,2,0,2,2,1,3,0,2,1,2,3,1,1,2,2,2,2,0","95.53,100.00,96.44,96.00,93.32,97.04,95.72,99.46,96.43,96.84,94.02,95.37,98.11,94.50,98.44,95.95,93.08,93.17,96.69,93.27,93.88,94.24,99.38,98.69,96.98,97.33,95.04,97.50,96.84,96.43",53.302113901232936,0.7340759077913617,14.540410195930043,5
"2,2,2,3,3,2,3,2,1,3,2,2,3,2,2,3,1,1,2,2,1,3,1,3,1,2,3,3,1,2","98.38,96.34,97.95,95.83,98.09,97.93,97.16,97.71,98.85,97.79,98.68,98.54,97.52,98.81,97.93,97.75,98.57,97.10,99.00,98.05,98.11,98.05,98.65,98.34,99.06,96.33,97.61,97.38,97.28,97.71",72.95844982005949,0.7295155973135778,15.559907015548612,0
"3,2,3,2,2,3,3,2,3,2,3,2,2,1,3,2,1,1,2,2,2,2,1,2,2,1,2,2,2,3","85.65,84.05,83.05,90.13,89.75,79.31,92.64,90.63,92.01,85.90,91.30,85.92,85.21,85.76,83.10,83.87,85.53,95.68,92.55,85.26,84.50,92.28,84.53,89.60,80.53,79.94,87.55,87.88,89.22,82.23",12.094257437925677,0.6115666024002999,15.161197030199816,6
"2,2,1,2,2,3,1,2,2,2,2,2,2,2,2,2,3,2,1,3,2,2,2,3,2,3,2,2,1,1","96.81,98.40,98.97,97.95,97.81,98.58,99.75,98.02,96.78,98.07,98.45,96.90,97.28,97.81,98.06,97.97,97.35,99.11,98.11,97.80,97.45,98.20,98.04,98.83,96.51,98.21,97.41,97.72,98.94,94.81",77.09608205532845,0.6091168879576259,15.285534317432804,0
"3,2,1,2,1,1,3,2,2,2,2,2,2,1,2,1,1,1,2,3,1,3,2,2,3,1,1,2,2,3","92.16,86.43,87.95,81.26,82.27,90.09,81.20,84.97,92.38,91.14,81.50,91.72,89.22,92.19,86.95,93.04,85.50,89.51,83.60,92.20,87.23,93.18,89.52,84.28,84.98,81.07,90.16,87.87,91.20,86.64",15.206758176133523,0.9226436190107709,14.875153426429836,6
"2,2,2,2,1,3,3,2,2,1,2,2,2,2,1,3,3,2,2,2,2,1,2,2,3,1,3,2,3,2","98.21,98.45,97.67,97.96,97.94,97.07,98.10,96.52,98.10,97.89,97.36,99.13,96.67,96.50,96.88,98.39,98.71,98.44,97.06,98.29,97.97,98.94,98.10,98.79,98.17,97.32,98.57,98.71,97.22,98.12",56.712154228774054,0.7085907767027969,15.197466838119091,0
"1,2,3,2,3,2,2,2,2,2,2,2,2,2,2,2,2,2,2,3,2,1,2,1,2,2,2,1,1,3","99.08,98.76,98.19,97.61,97.99,96.80,97.96,97.27,98.41,97.90,97.50,98.02,97.11,98.82,98.83,97.70,97.52,97.11,97.43,98.66,97.84,99.35,98.13,99.65,99.70,96.89,97.86,98.44,95.93,96.57",67.69836404828843,0.6308972499841717,14.848777753543361,0
"0,1,0,1,0,0,1,0,0,0,1,0,0,0,1,0,0,0,0,1,1,0,0,0,1,0,1,0,0,0","98.92,97.93,97.57,96.20,96.89,97.40,98.67,94.67,97.02,96.82,95.64,96.46,95.69,96.48,95.61,97.26,94.55,97.57,95.73,97.59,98.46,97.28,98.13,96.51,95.63,98.17,95.96,96.53,97.01,97.27",47.523088340856475,0.7982347431331286,14.926543522403373,2
"2,1,3,1,2,3,2,2,1,1,3,2,2,2,1,2,2,2,1,1,2,2,1,2,2,2,2,3,1,1","91.48,95.61,89.02,91.90,85.75,89.90,88.97,90.74,89.35,79.99,87.30,96.29,89.12,84.32,87.41,97.50,86.65,87.46,95.94,85.41,93.79,93.14,84.33,84.45,89.13,88.31,90.50,85.17,85.85,89.59",69.20881330188634,0.9032573779461635,14.77839363563819,6
"2,2,2,1,2,3,1,2,2,2,1,1,2,2,2,2,2,2,2,2,2,3,1,2,2,1,3,2,3,3","98.46,97.74,97.27,99.05,99.03,97.57,97.40,98.12,97.81,98.36,98.83,99.12,97.21,98.34,98.35,96.99,99.43,98.51,97.97,97.32,96.96,98.97,97.98,99.18,98.41,97.95,97.97,98.13,99.11,97.47",81.82817838968695,0.7998565816527086,14.76254746421153,0
"2,2,3,2,2,2,2,1,1,0,3,1,2,1,1,2,1,2,1,2,2,1,0,2,2,2,1,3,2,0","96.43,91.60,94.92,95.34,95.29,99.29,98.21,95.40,95.87,93.86,93.57,96.14,94.71,97.14,95.29,95.76,96.95,96.78,95.65,95.16,97.94,96.92,98.41,97.07,96.99,94.45,97.55,97.21,95.92,90.17",55.5473171676501,0.8838492654340006,15.064485280975305,5
"1,0,1,1,0,1,0,1,1,0,1,0,0,1,0,0,0,1,0,0,0,0,0,0,0,0,1,1,1,1","97.35,97.90,95.11,96.31,99.09,97.53,98.01,97.69,96.48,97.76,96.12,97.44,95.78,96.26,97.47,96.23,95.33,96.14,97.71,97.66,97.90,97.41,98.54,97.79,95.73,96.39,96.62,97.74,97.81,97.38",52.62355973724657,0.9941276449712025,14.894260444720263,2
"0,1,0,0,0,0,0,0,0,0,0,0,1,0,0,0,1,0,1,0,0,1,1,0,0,1,0,1,1,1","95.57,97.76,98.42,97.65,98.67,95.01,98.04,96.60,96.48,96.16,97.17,97.36,96.65,96.76,96.90,95.80,97.19,98.14,96.74,96.61,97.30,97.01,97.36,98.88,97.14,97.26,98.12,98.42,95.85,98.02",58.66243817192996,0.718629337723054,15.401157049885427,2
"1,0,2,1,3,2,2,2,2,1,1,2,2,0,1,1,1,3,1,2,2,2,1,1,1,0,2,1,1,0","94.44,99.51,98.31,95.46,96.37,96.73,93.49,96.62,98.34,97.80,93.50,98.11,96.59,94.85,95.68,95.03,99.20,94.51,95.54,95.80,93.19,94.37,94.24,96.35,95.14,96.95,94.87,95.74,95.67,95.43",58.914441442772656,0.6831739386016753,15.266902831303927,7
"1,2,1,2,2,2,2,2,1,2,2,1,3,2,2,2,2,1,2,1,2,2,2,2,2,1,1,3,2,2","97.84,98.19,97.91,99.51,96.94,98.81,98.11,98.16,98.06,98.23,98.13,97.82,98.27,96.94,98.25,97.67,97.92,97.23,98.29,97.66,96.82,99.37,98.30,99.21,97.11,99.01,96.82,97.74,96.72,98.27",59.20660784128228,0.8047022047817354,14.789429431435916,0
"3,2,3,1,1,1,1,1,2,2,2,2,1,3,1,0,1,1,3,0,0,1,3,1,1,2,1,1,3,1","87.76,94.37,90.32,91.48,95.53,93.89,98.32,95.09,93.07,90.80,88.08,95.91,93.87,93.24,93.06,96.14,93.17,92.28,92.94,86.53,90.86,85.00,100.00,92.66,90.42,94.40,88.94,96.10,90.51,90.60",42.494659420798214,0.7489746318136696,14.806520890724196,1
"0,1,0,0,1,1,1,1,0,0,0,0,0,1,0,0,1,1,0,0,1,0,0,1,1,1,1,0,0,1","97.74,96.69,97.83,97.66,95.44,96.41,96.48,97.66,97.89,96.05,95.29,97.56,98.28,96.95,95.98,96.75,97.80,95.40,96.54,96.17,95.44,96.70,98.69,96.85,98.31,98.43,95.60,97.82,98.05,97.07",41.802982729036565,0.7108982169203301,14.806175324829217,2
"0,1,1,0,0,0,1,0,0,0,1,0,1,0,1,0,1,0,1,1,0,0,0,0,0,0,0,1,0,1","97.82,95.94,99.09,95.42,97.33,96.12,98.24,97.50,95.99,97.21,96.62,96.61,96.23,98.28,96.19,97.83,96.45,97.63,96.74,97.53,96.71,96.65,97.19,96.06,97.10,99.58,97.66,97.40,96.37,97.86",42.21444635699409,0.7744425893827461,14.541409761229522,2
"2,3,2,2,2,2,2,2,2,3,2,2,3,1,2,2,2,1,2,3,1,3,3,2,1,3,2,2,3,1","97.07,95.83,97.48,97.67,98.24,99.15,98.00,98.82,98.79,97.40,99.30,98.74,97.89,98.80,98.05,98.59,97.51,97.75,98.04,98.20,98.22,98.86,97.74,98.20,97.37,97.99,97.32,97.15,98.66,97.49",71.36787698245315,0.6149113737551141,15.208638650518443,0
"2,1,3,2,1,1,0,2,0,2,2,2,2,2,1,2,3,2,1,3,1,2,1,2,1,1,1,1,1,2","96.66,96.59,100.00,96.05,99.52,97.73,94.94,96.15,99.41,97.62,96.50,98.05,94.90,97.65,100.00,95.28,96.31,99.10,95.19,95.78,99.05,98.43,93.36,100.00,98.26,93.93,95.58,96.96,95.38,97.42",71.96867364975495,0.8889609016530956,15.004497870762394,3
"2,2,1,1,3,2,2,2,2,2,2,1,2,1,2,2,2,1,3,2,2,2,2,3,2,2,2,1,1,2","99.04,97.68,97.44,95.67,97.51,97.11,96.30,98.85,97.93,99.07,98.90,98.18,97.30,96.47,98.30,97.67,97.77,97.76,98.60,98.05,97.57,97.23,97.05,98.88,99.29,98.80,98.76,98.65,96.98,97.50",66.81983845904439,0.8571230395484839,15.675435240918022,0
"2,1,2,2,2,2,3,2,2,2,2,3,2,2,1,3,2,2,2,3,3,2,2,2,2,2,1,2,2,2","97.99,98.92,98.02,97.53,98.53,98.55,98.69,98.07,97.72,97.68,98.61,98.53,99.51,96.79,97.55,97.28,95.93,98.00,97.27,98.50,97.14,97.77,97.91,98.30,97.08,98.24,98.11,98.66,98.01,98.93",82.29729123556966,0.7816123025530805,14.560677949163912,0
"3,3,2,2,3,2,3,2,1,2,2,3,2,3,2,2,2,2,2,3,3,2,3,2,2,2,3,2,1,2","97.83,98.36,96.54,99.41,99.40,98.09,98.71,97.97,98.42,97.92,98.55,98.57,98.90,98.85,96.81,99.12,97.66,98.60,97.46,98.11,98.72,97.28,98.02,98.62,97.97,98.73,96.98,98.00,97.40,98.45",77.68602675310912,0.7259621820538354,14.573989759375854,0
"1,3,0,1,0,2,1,1,1,1,1,2,1,1,2,1,3,0,3,1,2,2,2,0,0,1,2,2,1,2","96.55,91.57,95.32,96.58,100.00,94.78,99.21,94.75,95.84,97.00,99.25,96.22,94.52,98.23,96.29,97.90,96.10,96.09,97.17,95.10,96.60,93.71,98.85,93.57,96.23,90.77,94.44,100.00,96.03,95.54",45.475980851803754,0.7439501239587236,14.253217351017836,4
"2,1,1,2,1,2,2,1,2,1,3,2,2,2,1,2,3,3,2,2,2,2,2,1,2,1,3,2,2,3","95.49,91.38,93.93,86.19,88.28,82.91,88.23,84.20,88.03,93.21,98.42,87.03,85.60,84.56,87.21,94.41,93.04,96.76,94.26,83.82,82.96,85.52,88.60,84.86,91.25,84.89,87.80,94.24,85.38,88.62",39.738289474437636,0.9276704484192042,15.541514806131966,6
"2,1,2,1,2,1,3,1,2,1,3,0,2,0,2,1,3,1,3,3,1,1,0,3,2,1,2,1,2,0","96.68,96.70,96.20,93.55,93.58,92.21,93.56,97.32,99.41,96.02,96.49,97.83,93.68,96.66,97.91,96.11,91.90,96.93,95.76,95.86,97.05,93.74,94.50,99.83,97.18,95.62,96.03,98.34,94.35,95.69",63.446319609363464,0.7833252779048379,15.06934620516762,4
"2,2,2,2,2,2,1,1,1,1,1,2,2,1,2,2,2,1,2,2,3,3,1,2,1,3,2,2,3,3","99.22,98.77,97.58,96.91,97.46,98.24,98.91,97.47,98.43,99.57,98.57,97.24,99.75,99.58,99.89,98.84,96.78,98.37,97.82,97.08,98.93,97.84,98.08,96.98,98.78,97.51,98.75,97.50,99.13,97.35",84.97508222476768,0.6370902386557433,15.10759462791932,0
"3,3,2,2,1,1,3,2,2,2,3,2,2,2,2,1,2,1,1,2,2,3,2,1,3,2,2,2,2,1","98.14,97.82,98.17,99.08,97.33,98.99,97.91,96.05,98.32,97.57,99.03,95.98,98.63,97.08,99.16,97.71,98.74,96.92,97.73,97.40,100.00,98.71,97.28,97.79,98.35,97.75,98.51,97.23,97.13,99.33",72.8095751389165,0.9018446707880365,15.104454372895466,0
"0,1,1,0,3,3,3,2,2,2,1,3,3,1,1,3,3,0,1,1,2,2,0,2,1,1,0,0,1,1","93.13,97.04,99.85,100.00,97.99,97.15,96.82,97.51,94.08,92.69,93.34,95.43,96.37,97.43,94.46,99.35,95.00,97.09,91.95,95.06,95.20,93.98,96.39,95.38,95.74,95.26,97.33,95.06,94.96,100.00",66.26006751435278,0.7026059749748325,15.061077998254445,3
"2,1,2,2,1,2,2,2,1,1,2,3,2,3,2,2,2,1,1,2,2,2,3,3,3,3,2,2,2,1","96.30,96.89,98.30,97.39,98.36,98.11,98.81,97.59,96.70,98.02,97.16,98.02,97.45,99.17,98.95,98.53,97.50,96.24,97.65,98.55,98.36,98.46,97.77,98.51,97.47,97.67,98.67,95.50,98.02,98.17",75.1524279676769,0.8525596814898315,15.175544566243788,0
"3,2,2,2,3,2,0,3,1,2,2,2,3,1,1,3,2,2,2,2,1,1,1,2,3,2,1,1,1,1","95.14,90.47,96.24,95.04,93.32,90.12,92.29,90.13,93.22,90.20,92.47,93.08,90.24,92.97,92.51,89.38,88.04,93.53,94.61,93.28,92.46,96.50,93.31,91.39,93.19,92.52,95.59,90.58,88.02,91.97",30.013198051704485,0.5904348579753449,15.281805153715274,1
"1,2,2,2,2,2,2,1,2,3,3,2,2,2,2,2,3,2,2,2,3,2,1,2,1,3,2,2,3,1","97.63,99.46,97.02,96.91,99.43,98.92,96.60,96.64,97.90,98.49,98.34,97.02,98.48,97.15,97.07,96.71,97.85,97.95,97.52,97.72,99.35,97.96,97.44,98.93,98.97,97.61,98.28,98.45,98.40,98.35",70.12433310191379,0.9039564381315421,14.831703262509759,0
"0,1,1,0,0,0,1,1,0,0,1,0,0,0,1,1,0,0,0,0,0,1,1,0,1,0,0,0,0,1","95.70,97.79,96.62,95.62,98.93,97.29,97.63,95.92,97.22,98.21,96.56,97.90,97.37,97.31,97.21,98.23,97.75,97.54,94.73,94.79,96.75,96.86,97.13,97.50,97.24,96.51,97.96,96.76,97.89,96.45",63.97208128667249,0.6966728755953936,15.152844378961333,2
"3,0,2,3,1,1,1,1,2,3,2,3,3,0,3,2,1,2,2,1,2,3,2,1,2,0,2,2,1,3","95.58,97.04,96.66,99.52,98.68,95.08,97.45,90.91,95.46,96.33,98.45,98.41,92.63,95.95,98.22,95.32,94.09,98.96,95.70,97.16,97.63,97.43,96.36,99.38,100.00,95.04,96.40,94.08,97.96,96.18",54.821030752403146,0.8681428412930902,14.922245405976541,5
"2,3,2,2,3,1,1,2,3,1,2,3,2,2,2,2,2,2,3,1,1,2,3,2,1,2,2,2,1,2","97.38,97.61,98.27,99.35,98.80,96.84,98.95,97.87,98.57,97.91,98.23,98.75,98.41,99.57,98.18,98.45,98.45,98.16,98.86,97.65,97.48,99.32,97.37,98.62,97.04,97.83,97.42,96.68,99.95,97.97",71.48731033968488,0.8572896655992363,14.842086806060978,0
"1,0,1,0,0,1,1,1,1,0,0,1,1,1,1,1,1,1,0,0,0,0,1,0,0,1,1,0,0,0","98.16,97.28,97.38,97.68,97.40,95.43,97.31,98.12,97.56,97.65,97.39,97.89,96.25,98.55,97.17,96.74,96.87,97.97,96.26,95.96,98.70,97.38,95.57,96.88,98.59,96.45,97.33,98.39,97.95,97.94",46.832607798698085,0.8277907424674881,14.865541389886973,2
"2,1,0,3,3,2,1,1,1,2,1,2,1,2,1,3,1,1,2,2,0,2,3,2,1,1,0,1,1,2","95.81,99.02,94.84,95.03,94.73,96.02,92.02,97.09,99.50,93.55,96.41,93.08,96.98,95.16,97.40,93.67,93.15,94.92,97.13,93.19,96.11,94.92,98.93,94.24,97.36,99.04,95.27,97.41,97.95,96.89",63.35100921000844,0.8864915892503588,14.412769046950359,3
"3,2,2,2,1,2,1,1,2,2,3,2,3,1,2,3,1,2,3,2,3,3,2,2,1,2,2,2,3,3","99.09,97.22,99.24,97.72,97.29,99.13,98.86,98.66,98.39,97.79,98.04,98.40,98.94,99.37,97.01,99.41,98.56,98.44,97.30,98.66,97.72,99.28,98.03,99.19,98.20,99.03,98.71,97.35,96.81,97.79",60.36112795186237,0.7920636469082398,15.284175228386763,0
"2,1,2,2,2,2,2,2,2,2,3,1,2,2,2,2,2,2,2,1,2,3,1,2,2,2,1,3,1,2","97.84,97.54,97.97,97.91,96.95,98.95,98.39,98.87,98.70,98.32,97.92,98.80,97.92,97.53,97.97,96.48,97.58,98.18,97.46,97.53,98.71,99.18,98.22,98.48,98.84,98.13,98.88,97.08,97.76,97.69",72.89698545907224,0.7649385655301637,15.413381753460325,0
"1,0,1,1,1,0,1,0,0,1,1,1,0,0,0,0,0,0,1,0,0,0,1,1,0,0,0,1,0,1","97.26,98.11,97.71,97.89,96.69,97.99,96.33,96.84,98.35,97.59,97.41,98.13,96.78,97.67,96.07,97.17,98.12,97.06,96.25,97.50,97.15,98.96,96.15,97.76,98.37,97.22,96.80,96.27,95.66,95.90",36.122882759859195,0.8854589662608864,15.040434523258964,2
"0,2,0,2,0,2,2,0,1,0,2,1,0,2,1,1,3,1,0,3,1,0,0,1,2,1,2,1,1,2","92.07,97.24,95.82,92.15,93.61,95.06,96.33,97.98,97.75,97.71,93.33,95.00,96.86,97.64,94.90,93.24,96.39,94.52,95.73,97.95,99.25,95.40,94.87,98.54,98.58,96.98,96.76,97.13,91.98,95.62",34.74482181677595,0.8315327530381462,15.05191104365934,5
"1,2,2,1,3,2,1,2,2,2,2,2,1,1,3,3,2,2,3,2,2,2,3,1,3,2,1,2,2,2","97.27,99.32,98.76,97.94,98.94,97.95,98.34,97.89,98.88,98.67,97.63,97.15,98.63,98.03,96.73,98.92,98.13,98.42,97.31,96.75,98.32,98.23,97.61,99.34,97.35,96.06,97.73,99.08,98.36,98.45",65.5461961361603,0.7855820551429031,15.314449871598889,0
"3,2,1,3,1,2,3,2,2,3,2,1,2,2,1,1,2,2,3,2,3,2,1,1,2,2,2,2,3,2","92.26,87.74,92.76,85.21,91.65,86.76,90.00,86.96,88.32,90.77,94.91,96.88,87.41,81.23,85.03,83.77,86.32,85.87,93.15,88.02,86.00,81.64,90.08,88.01,94.70,85.16,90.07,92.77,85.55,86.34",30.667466280954873,0.8663297414512464,14.879582544948416,6
"2,1,2,2,1,2,0,0,1,2,0,3,2,2,2,1,3,2,1,3,2,0,1,0,2,1,1,2,2,0","95.88,95.62,98.01,95.35,97.34,98.31,95.82,97.66,94.81,93.68,91.70,97.54,98.52,96.75,95.60,97.63,94.98,96.89,97.40,100.00,94.17,92.62,96.62,93.07,94.72,95.00,98.94,94.85,96.58,99.07",64.73174803519623,0.6151007626334261,15.007799462986627,5
"0,2,2,1,3,1,2,3,1,2,3,0,2,2,1,2,2,2,1,1,1,2,1,1,2,0,1,3,2,3","87.19,97.61,96.34,87.68,94.17,87.79,94.06,96.66,96.87,90.53,88.76,95.41,92.94,95.47,90.83,87.99,88.80,93.40,90.22,86.88,94.77,92.62,93.42,96.05,91.60,94.93,88.27,94.37,84.71,91.03",50.8502355530723,0.8592009399979654,14.5837911526678,1
"2,2,1,2,2,1,0,2,1,1,2,1,1,1,1,1,3,2,2,3,0,1,1,2,0,2,0,2,2,0","95.18,95.57,94.37,96.56,95.46,98.38,94.93,93.57,95.94,98.37,95.98,97.76,93.53,93.34,97.30,99.07,95.30,92.32,95.20,92.90,94.68,96.89,95.51,97.17,96.29,98.76,93.45,92.73,98.07,99.39",81.3705697715333,1.027629419942556,14.953316585349336,5
"3,2,1,1,2,2,2,1,2,0,0,1,1,2,3,1,1,0,1,1,0,0,0,3,3,1,1,1,2,0","98.13,99.58,99.73,95.91,95.64,94.32,97.74,99.77,98.18,95.82,95.31,96.47,95.89,99.17,95.57,97.34,99.04,98.29,93.55,97.55,97.65,97.88,96.13,91.98,93.02,93.26,96.62,95.76,98.86,99.00",61.10504164804923,0.6662950290650403,14.793428297415083,5
"2,2,2,3,2,1,3,2,2,1,2,1,1,3,2,3,1,3,2,2,3,2,1,2,2,2,3,3,2,2","97.05,98.84,97.72,99.23,98.59,96.44,98.93,97.46,97.95,98.48,98.25,98.01,96.92,97.73,98.27,99.32,96.73,98.83,97.26,98.40,98.17,98.30,97.98,99.12,97.30,98.28,97.83,98.43,97.89,97.95",67.99981486946423,1.018233131030208,15.25104559341639,0
"3,1,2,2,2,3,1,2,2,2,2,2,2,2,2,1,2,2,2,2,2,3,2,1,2,2,2,2,2,2","98.34,96.55,98.27,96.79,98.07,97.71,99.17,99.72,97.08,97.48,97.61,99.42,97.14,98.25,99.15,100.00,98.84,99.00,97.13,99.00,97.37,97.74,98.11,98.64,98.10,97.42,97.36,98.22,96.89,97.42",85.37407867288411,0.5856284529948733,15.049743774723456,0
"2,2,1,3,2,2,2,1,1,2,3,2,3,3,2,2,2,3,1,1,3,2,2,1,3,2,1,2,2,2","98.92,99.28,97.51,97.47,98.42,98.79,99.07,97.16,97.04,98.65,99.04,98.28,96.60,97.63,99.18,97.49,99.28,98.74,98.00,96.76,98.79,97.67,97.79,97.69,98.50,97.00,98.71,97.97,96.69,99.31",70.80512715349442,0.5559671638919735,15.32504933809556,0
"1,3,1,1,1,1,1,3,2,1,2,2,2,1,1,2,1,3,2,2,2,1,3,1,3,1,2,2,2,1","84.70,91.94,83.88,86.36,82.54,80.73,87.67,87.04,96.09,89.81,85.42,90.85,88.92,94.94,89.57,91.59,89.66,93.64,86.91,95.89,83.34,85.31,79.42,88.54,87.45,87.97,83.77,87.98,86.37,95.90",57.277904173661284,0.549990831400523,14.711705167666214,6
"1,3,0,1,0,1,0,0,2,3,1,3,1,1,1,2,0,0,1,3,1,0,2,1,3,3,0,1,3,0","96.84,91.58,90.90,93.07,88.80,96.73,86.27,90.01,87.45,93.35,93.59,92.74,95.14,92.11,90.60,90.21,92.29,96.13,92.02,91.26,90.89,90.61,90.46,93.88,88.48,85.56,93.40,88.96,88.76,94.78",29.24617447512582,0.9147947958190392,14.653811236127293,1
"2,3,2,2,1,2,3,1,2,0,1,2,1,2,0,2,3,2,3,1,1,1,2,2,2,3,1,2,1,1","93.78,95.49,97.68,93.62,96.68,93.16,92.46,93.64,98.25,96.12,99.60,95.27,96.64,97.69,93.86,97.70,97.77,95.37,98.02,100.00,98.28,95.96,97.33,96.58,93.94,93.86,95.28,93.56,96.14,96.76",63.92478915615432,0.8706718272316222,14.955396718947997,3
"2,1,3,2,2,0,1,1,1,2,0,3,2,2,3,2,2,1,1,3,1,0,1,1,1,0,3,2,1,2","92.93,89.85,89.25,92.53,86.23,92.03,90.74,87.97,91.07,92.15,94.02,92.42,97.67,91.30,90.17,95.69,89.30,90.12,96.83,92.21,86.52,90.23,91.98,91.90,98.44,93.60,90.40,86.71,92.73,86.11",49.84311201113941,0.7821442481197607,15.111219888050034,1
"3,2,3,3,0,1,1,1,3,1,1,2,2,1,1,1,1,2,0,2,1,2,2,1,1,2,2,3,1,1","95.96,97.72,94.65,94.77,96.51,94.52,91.17,93.47,95.98,96.57,100.00,94.55,96.64,96.55,91.95,96.25,99.68,93.83,97.38,94.63,94.75,96.24,97.82,94.25,97.98,97.21,97.75,93.06,96.38,96.08",60.13982113482927,0.7892083403881262,14.895950934332827,4
"0,0,1,1,2,2,1,1,2,2,2,0,2,1,2,1,0,3,3,2,0,1,0,1,2,3,3,0,2,0","93.12,95.58,96.45,95.97,96.17,96.19,96.73,95.90,95.79,93.93,92.39,92.72,98.52,94.77,98.44,99.22,96.04,92.40,96.51,95.16,96.38,95.37,93.60,95.72,94.90,91.22,97.40,95.44,95.11,97.81",60.14149869320006,0.48527380564933875,15.429618821778858,5
"2,1,2,2,2,2,2,3,3,2,2,1,2,2,1,1,3,3,2,3,1,2,1,2,2,2,3,2,2,2","87.28,89.39,84.77,91.53,87.58,87.10,99.17,92.12,89.83,90.52,88.90,84.35,77.80,94.37,95.52,84.83,94.57,89.37,91.26,88.21,85.53,91.92,91.77,83.21,84.87,90.34,89.71,82.35,88.70,82.91",33.60263464432815,0.9227488343525555,15.32217783699748,6
"1,0,0,0,0,1,0,0,1,0,0,1,0,0,1,1,0,1,0,0,0,0,1,1,0,0,1,0,0,0","96.76,99.00,96.74,95.85,98.45,95.98,96.75,96.46,94.95,95.84,97.04,97.24,94.79,97.95,98.86,98.53,97.42,95.68,97.60,96.27,97.75,96.45,95.67,96.66,96.10,96.71,95.95,97.33,96.39,96.06",34.38594382630528,0.45793862307553673,15.1389421362677,2
"1,1,1,1,3,2,2,1,2,1,1,3,1,2,2,3,3,2,3,2,2,2,2,1,3,1,2,2,1,2","86.79,90.79,91.52,83.41,86.46,86.54,84.02,85.15,80.05,95.06,87.13,84.36,92.31,90.53,87.04,84.91,94.56,85.08,93.10,88.42,87.28,83.95,90.12,84.50,85.18,89.94,89.21,82.33,89.57,87.43",22.618644354962463,0.8117839276380471,15.462873811735625,6
"2,1,2,2,2,0,3,3,2,3,0,2,2,1,1,1,1,1,2,2,0,1,3,2,2,2,3,3,2,3","95.17,91.65,94.14,99.13,93.06,96.69,96.22,95.63,95.17,98.06,93.32,92.80,99.02,96.44,96.38,98.83,96.43,95.26,97.31,91.85,96.01,100.00,94.72,96.84,99.27,97.80,98.48,94.54,93.85,97.90",67.08214844924127,0.6217843071241276,14.817790347377496,5
"3,3,2,1,3,3,1,1,3,2,2,1,2,1,2,2,3,3,1,3,3,1,2,3,1,2,2,2,2,1","97.54,98.12,97.61,98.47,97.45,97.79,98.40,99.41,99.10,97.49,97.96,96.50,97.78,97.89,97.94,97.81,97.95,98.36,97.61,97.93,97.76,97.35,98.33,98.25,98.87,98.67,97.87,97.75,99.51,97.27",61.58714134208545,0.7866045476115356,14.4555974816321,0
"0,0,0,1,1,1,0,0,0,0,0,1,0,1,0,1,0,1,0,1,0,1,1,0,0,1,0,1,0,0","97.54,96.49,96.46,95.42,98.16,97.16,98.57,95.65,98.52,96.46,97.86,97.70,97.44,96.47,96.70,97.50,97.37,95.17,95.91,95.90,98.48,98.49,97.08,96.40,96.95,97.50,96.68,97.82,97.37,96.43",44.165540086012776,0.9671778585889055,14.982932482287557,2
"2,2,2,3,3,2,3,2,2,1,2,1,2,2,2,3,2,3,1,3,2,2,2,1,1,2,2,2,2,2","99.50,97.29,98.70,99.38,98.30,97.69,98.41,98.56,98.40,97.74,96.65,98.15,98.60,97.06,99.14,98.80,99.50,96.03,98.36,98.59,98.18,98.24,97.60,97.47,98.29,98.51,96.76,96.45,96.92,98.33",65.69352639401006,1.033444069768014,15.37631646241499,0
"1,1,0,1,0,0,1,0,0,1,1,0,1,0,1,0,1,1,0,1,0,0,1,1,1,1,0,1,0,0","97.98,96.20,95.30,95.85,98.03,95.54,96.62,98.04,97.29,96.76,97.35,97.02,96.32,98.18,97.46,95.95,98.40,96.39,96.73,97.65,96.83,96.96,97.70,96.89,96.83,98.94,95.22,95.94,97.42,96.88",56.184014518827176,1.024776807205628,15.255471602612726,2
"3,2,1,1,2,3,2,3,2,2,1,2,2,3,1,2,2,1,3,2,2,2,2,2,3,1,1,3,3,1","80.58,89.15,85.11,85.40,86.60,91.77,85.25,91.49,86.25,78.78,86.39,87.34,88.54,94.05,88.15,81.90,89.05,88.80,92.98,91.83,83.80,86.84,85.66,88.15,82.50,89.41,96.34,87.88,96.42,89.76",43.59926582676467,0.8796666154433883,15.335246945457023,6
"3,1,1,0,2,2,1,3,1,2,2,3,2,1,2,1,1,2,1,1,3,1,0,1,2,3,1,2,3,1","97.07,94.30,93.15,92.31,92.20,90.69,91.75,90.65,88.06,89.66,91.95,93.93,95.86,91.15,92.69,90.34,94.73,89.70,94.04,94.88,92.40,88.09,91.47,91.38,93.25,94.84,90.99,94.24,92.47,93.23",47.48236361954824,0.8024338158917924,15.444966370582641,1
"3,0,2,0,2,2,3,2,0,0,1,1,1,3,2,2,0,0,2,2,3,0,2,2,2,1,1,1,2,0","94.90,97.68,98.92,91.16,93.76,97.57,97.75,95.12,96.28,95.69,97.08,98.12,98.59,97.53,96.18,100.00,92.96,96.61,95.13,93.56,91.31,93.47,99.30,92.53,99.20,95.31,96.33,93.54,95.58,97.51",46.1952673458845,0.7568325939576088,14.868375219293865,5
"2,2,3,1,2,1,3,2,1,2,1,2,2,2,2,2,2,2,2,1,2,3,2,1,2,3,3,2,1,2","97.73,98.22,98.04,100.00,97.93,97.40,99.29,100.00,98.66,97.18,98.21,97.78,97.33,98.31,97.10,99.78,98.08,99.23,97.84,98.47,98.29,98.63,98.09,97.42,98.45,98.13,98.40,99.30,98.26,97.47",59.764260558844306,0.7630810831783565,15.238929354523881,0
"2,2,3,1,2,0,2,1,1,2,3,1,3,1,0,1,3,2,1,0,1,2,1,1,2,0,1,1,1,2","95.60,94.25,95.91,96.49,98.14,94.85,100.00,95.34,95.70,95.31,94.90,94.54,95.12,95.73,96.73,96.78,95.26,94.35,95.91,93.15,94.01,97.06,95.64,95.13,94.25,98.88,96.21,95.11,94.82,96.49",71.39970433490403,0.9106777553994007,14.790625428958405,5
"2,2,2,2,1,2,1,2,2,3,2,1,2,3,2,2,2,3,1,2,3,2,2,3,2,3,2,1,1,1","90.35,88.82,89.23,93.34,84.09,91.20,94.13,90.73,88.13,82.33,90.35,86.51,95.23,83.60,78.92,99.69,84.72,90.20,90.34,84.64,84.44,92.19,87.79,90.92,86.61,90.17,93.26,91.18,89.03,92.20",31.195467409059717,1.1691609982613336,15.558991302627437,6
"2,1,3,3,3,2,1,2,3,3,2,2,2,2,2,2,1,2,2,2,3,2,3,2,2,2,2,1,2,2","98.40,98.53,97.59,100.00,98.43,98.11,96.69,98.44,98.03,97.22,99.29,97.52,98.16,98.00,98.10,97.58,96.79,97.56,97.54,97.83,97.77,98.53,98.63,98.22,97.91,98.51,98.22,98.55,97.95,98.12",76.78239079130762,0.8874689817399462,14.859124018258926,0
"2,0,3,3,3,2,2,3,2,1,2,1,2,2,3,0,1,2,1,3,2,0,2,1,0,0,1,2,2,1","95.37,96.57,97.85,98.46,96.56,94.33,93.49,94.29,92.06,95.53,93.91,98.51,97.18,95.15,96.61,96.31,96.99,95.01,95.66,98.24,97.66,96.27,96.30,90.72,97.12,94.05,99.41,98.77,94.90,97.67",49.35285302969926,0.769889000490772,14.972520166647138,3
"1,0,1,1,2,2,2,3,1,0,2,2,1,3,2,2,1,0,0,2,3,2,3,1,2,1,2,2,1,0","95.66,94.34,92.52,95.66,97.33,96.57,96.60,93.45,95.03,94.45,96.49,97.81,97.39,98.61,92.83,96.88,96.29,95.95,94.80,96.09,94.26,95.20,97.16,95.12,96.09,97.85,97.43,94.67,98.09,95.51",78.98606949129515,0.9695416647140587,15.500594068045524,5
"3,2,3,2,2,3,2,2,2,1,1,1,2,2,1,2,2,3,2,3,2,2,2,2,2,2,2,3,1,2","99.00,97.72,97.18,98.98,97.90,97.06,99.49,98.47,97.64,97.06,98.31,97.68,97.48,98.90,98.67,97.21,99.08,99.11,97.22,98.79,97.87,97.55,98.36,98.27,98.70,96.74,97.78,98.13,97.24,97.24",66.5145250327505,0.6308852123498205,15.092115817560515,0
"1,2,2,1,1,0,1,1,1,1,0,0,1,1,1,1,1,0,1,3,2,2,0,1,1,3,3,1,2,2","94.74,92.48,91.98,88.78,91.20,92.78,89.58,89.74,93.81,91.88,94.34,90.15,94.69,87.63,90.57,95.37,91.40,93.69,92.11,90.66,90.20,96.20,97.22,94.05,97.94,93.42,95.31,90.85,86.67,92.36",39.226591578825925,0.6363873399629221,14.902549939363094,1
"2,2,2,2,1,2,2,1,2,3,1,2,2,3,2,2,2,2,2,2,2,2,1,2,1,2,1,2,2,2","96.50,97.48,97.18,97.99,97.51,99.12,99.28,97.22,98.03,99.82,97.63,97.00,98.35,98.74,98.28,97.94,96.90,98.15,98.44,98.06,97.20,98.96,98.62,97.96,98.63,98.95,96.31,97.75,97.93,97.52",61.83848106414427,0.6595727241416728,14.549343428973724,0
"3,2,0,3,2,1,0,0,2,1,2,3,1,3,2,3,1,1,1,3,0,2,3,1,0,2,1,3,0,1","95.90,94.43,95.16,95.34,93.36,96.72,98.00,99.65,93.88,95.22,96.83,91.51,97.59,97.63,96.01,95.30,98.92,93.66,95.93,95.95,94.82,97.50,96.50,97.89,91.93,94.49,94.42,93.47,99.08,96.64",66.8975156495828,0.9923894971136663,14.962840387287532,4
"1,1,1,0,3,1,0,0,2,1,1,1,1,1,0,0,1,1,3,3,2,3,1,3,2,2,3,1,1,1","96.46,93.32,97.42,94.17,91.27,90.43,98.26,94.73,89.81,96.88,91.95,87.59,88.55,94.21,93.71,93.25,95.31,90.33,99.41,92.10,87.50,86.50,92.88,94.79,89.28,93.05,88.03,91.98,94.08,93.00",59.68314929355151,0.7538208835855968,15.101687276327551,1
"3,2,1,2,2,1,3,2,1,1,1,1,3,3,2,2,2,1,3,3,1,2,2,2,2,2,3,2,1,2","97.60,98.23,98.01,97.22,98.61,99.46,97.19,97.64,96.55,98.11,97.35,97.96,97.27,97.81,100.00,98.34,97.86,96.56,97.44,97.04,98.53,97.97,99.24,97.89,97.69,97.96,98.73,97.90,97.97,97.92",57.72312221484749,0.830635080450931,15.459243031032486,0
"3,1,3,1,3,2,1,2,2,1,2,2,3,2,2,3,2,2,1,2,2,1,3,1,2,1,2,2,2,3","96.93,99.00,97.04,97.63,96.53,96.83,96.86,97.89,98.92,97.82,98.56,97.74,98.73,98.47,96.86,98.05,98.31,98.99,97.89,97.75,98.91,97.31,99.16,97.42,98.03,98.60,97.28,96.41,96.69,98.29",75.93326272817755,0.7871193827016917,14.78010865882221,0
"3,2,2,2,3,2,2,2,3,1,2,3,2,3,2,2,2,2,2,2,3,1,1,2,2,3,2,1,2,3","97.06,98.41,98.55,97.06,98.13,97.26,98.91,97.45,98.98,98.30,97.78,98.46,97.88,96.50,98.61,97.32,97.93,96.31,96.99,95.84,96.90,97.70,96.74,97.90,98.44,98.43,97.54,97.17,98.69,97.94",76.5511219716563,0.9309059655363577,15.02431225734324,0
"2,3,2,2,2,2,3,2,2,3,1,2,2,2,2,3,3,1,3,2,2,1,2,2,2,2,2,3,2,2","97.55,98.30,97.89,97.00,98.50,99.12,97.82,97.98,99.19,99.15,98.41,97.56,97.70,97.67,98.37,98.35,97.59,96.26,98.90,98.75,97.46,98.00,98.59,97.05,97.31,98.00,98.84,96.70,98.48,97.79",75.0987310862141,0.5399314040799649,14.617564074348387,0
"1,0,0,1,0,1,1,1,1,0,1,0,0,0,0,0,1,0,1,0,0,1,1,1,1,1,0,0,0,0","96.40,96.43,97.86,97.09,96.01,95.69,97.84,97.26,97.56,96.65,96.24,97.72,97.07,96.15,96.20,95.95,97.67,97.48,96.87,96.46,96.56,95.87,97.02,98.69,97.20,96.88,97.16,96.01,97.89,95.99",72.63888632026973,0.7379009984296487,14.879157843326304,2
"2,2,2,2,3,2,2,3,2,3,1,2,3,2,1,2,1,1,2,2,2,1,2,2,2,1,2,2,2,1","98.02,96.74,99.17,99.05,98.92,97.73,97.23,97.54,100.00,96.79,96.87,98.21,97.25,98.92,97.63,96.95,97.89,98.39,98.07,98.31,98.91,97.10,97.45,96.97,97.41,99.05,97.18,99.10,99.48,97.29",87.58843922492292,1.0465870761509364,15.160044631521592,0
"2,3,2,3,2,3,3,2,1,2,2,2,2,2,2,2,2,3,2,2,2,2,2,3,2,1,2,2,3,2","97.02,98.35,97.50,98.93,96.88,97.75,97.53,98.27,98.84,97.81,96.71,96.52,98.19,97.98,98.30,96.52,97.89,97.55,96.83,97.65,99.53,98.45,99.30,98.41,98.66,97.49,98.56,96.99,97.65,96.14",68.00510137095428,0.7499378311126426,14.966988141785405,0
"3,2,1,3,2,2,2,3,2,2,2,2,2,2,2,2,3,3,2,2,2,2,1,1,1,1,2,1,2,1","88.06,89.81,97.24,88.96,90.51,92.71,87.63,89.71,91.48,91.38,85.17,88.59,87.45,89.40,82.89,87.35,87.10,93.99,80.93,92.24,93.25,83.46,90.99,92.08,88.61,86.40,89.96,85.84,91.60,82.28",32.46264443782824,0.7749957892262038,15.139732464938605,6
"3,1,2,2,2,2,3,2,3,2,2,3,1,2,3,1,1,2,2,3,3,2,2,2,1,2,2,3,1,3","97.86,99.41,98.30,98.94,98.17,98.41,98.70,97.82,97.70,97.29,99.20,97.12,98.36,97.81,97.86,97.59,98.78,98.50,98.51,97.89,99.07,98.63,97.36,98.91,97.66,98.55,97.93,98.91,97.00,98.74",73.73305889592905,0.9878955227773115,15.86680597523132,0
"2,2,2,3,2,1,1,2,2,1,2,2,3,2,1,2,2,2,3,1,2,2,1,3,1,1,2,1,2,3","98.03,98.05,97.96,97.86,98.75,98.15,98.74,98.73,96.78,98.08,98.43,97.77,98.91,98.93,98.06,96.18,96.61,96.79,97.83,96.81,98.04,98.92,98.20,98.36,98.21,97.82,97.94,98.42,97.58,97.31",63.089012880494884,0.600869266068635,14.816030775743604,0
"1,1,0,1,0,0,0,0,1,0,1,0,0,0,0,0,1,1,0,0,0,0,1,0,0,1,1,0,0,1","98.98,96.54,96.87,96.69,97.86,95.17,96.44,98.49,96.65,96.73,96.18,98.02,98.12,98.17,97.68,97.75,98.78,96.45,96.11,99.33,96.99,95.57,95.83,96.45,98.89,95.74,97.37,96.73,96.78,96.33",63.59459656236185,1.0774450490298793,15.159381986291669,2
"3,2,1,2,2,3,2,1,2,2,2,1,2,2,2,2,1,2,3,2,2,1,3,3,2,1,1,2,2,2","91.70,85.97,81.95,88.18,91.77,93.90,87.71,85.02,78.91,90.27,84.83,87.51,91.86,89.82,88.29,89.11,89.36,88.30,87.03,82.39,85.14,85.45,91.19,97.71,89.11,86.69,85.27,95.47,85.15,86.35",33.40177917615765,0.8285893395953704,14.655044825277344,6
"1,2,2,1,1,2,2,1,1,2,2,1,2,1,2,0,0,0,0,2,2,0,1,2,1,1,2,0,2,1","95.85,97.87,95.72,95.97,94.38,92.80,93.82,97.62,94.85,97.11,97.06,96.02,96.28,96.30,98.48,97.60,93.19,93.75,96.60,97.97,100.00,94.30,94.91,92.80,96.29,89.95,94.79,95.01,92.60,93.44",41.10123156689731,0.8329509098109837,15.199723393852233,4
"3,2,2,3,3,2,1,1,2,2,3,2,2,2,3,3,1,2,3,2,3,1,2,1,3,2,2,2,1,3","97.14,97.46,98.48,98.90,99.35,97.25,97.86,97.28,98.22,98.90,99.06,96.43,98.12,98.65,95.93,97.39,96.72,98.11,99.38,97.73,95.78,96.88,98.75,98.57,98.01,97.23,98.01,97.90,97.79,98.33",74.2702813972677,0.7474661118538966,14.861496094245915,0
"2,2,2,1,2,2,1,2,3,3,2,2,3,2,3,2,2,2,1,2,2,2,1,1,1,2,2,1,2,2","96.52,98.35,97.62,98.47,98.34,97.83,98.37,98.49,98.49,97.90,97.98,98.62,99.23,97.76,97.27,97.53,97.99,98.12,98.47,98.20,98.92,97.56,98.06,99.72,96.32,98.01,96.45,98.99,97.01,98.05",64.44439363456765,0.736224018693078,15.333622131454275,0
"3,2,3,2,2,1,2,1,2,2,3,2,2,1,2,2,2,3,3,3,1,2,2,3,3,2,2,2,2,1","99.20,97.02,98.22,98.32,97.17,98.40,98.83,99.12,97.48,98.53,98.18,97.55,97.45,98.43,97.62,99.31,99.02,99.50,96.61,97.21,97.50,96.90,97.68,97.41,98.71,97.45,98.05,97.41,97.42,97.53",73.1871138301738,0.7684443178011332,14.690383730421441,0
"2,3,2,1,1,1,1,1,1,2,2,2,2,2,2,2,2,1,2,3,2,1,1,2,2,2,1,1,2,2","91.75,91.45,91.21,87.32,92.08,77.48,90.33,88.89,84.76,85.22,81.40,82.60,92.29,87.03,84.70,86.99,87.72,90.16,90.06,87.65,85.81,89.70,82.55,93.14,84.43,88.42,90.36,84.73,88.46,86.14",33.47558419507897,0.8083197794446731,15.587164238765332,6
"2,2,2,2,1,2,1,2,2,2,1,2,2,2,3,2,3,3,1,2,1,2,2,2,3,2,1,2,1,3","98.09,98.32,98.56,98.20,98.25,98.59,99.07,98.06,97.79,97.64,97.61,99.86,97.26,97.32,98.15,97.10,98.28,98.54,97.04,96.70,98.60,97.99,98.22,97.08,98.67,97.99,98.49,97.56,97.38,95.81",66.8247585091133,0.7131867086197571,15.263057210852617,0
"1,3,3,1,2,2,2,2,2,2,2,2,1,2,2,3,2,3,2,2,1,2,2,2,2,2,1,3,2,2","97.10,97.23,97.25,98.82,98.56,97.53,97.71,97.81,98.15,97.92,97.79,97.76,98.29,97.58,97.40,96.75,97.04,97.06,97.45,98.26,98.73,97.58,97.04,98.36,97.96,97.42,97.51,97.98,96.70,98.85",60.086293012379315,0.8150708663879976,14.780922506458705,0
"3,0,3,1,1,2,1,1,2,2,2,3,2,3,2,0,1,3,1,1,3,2,2,1,2,0,1,1,1,3","89.66,98.08,90.94,87.05,92.64,93.56,92.64,93.79,93.64,97.39,96.47,89.17,89.92,88.17,92.89,86.27,89.20,86.86,88.86,90.05,92.76,93.68,96.47,92.95,91.93,86.63,92.91,93.94,95.90,91.70",67.89610510628259,0.7377009276056614,14.528748429859304,1
"0,0,1,0,1,1,0,0,1,1,1,0,1,0,1,1,0,1,0,0,1,0,1,1,1,0,1,0,0,0","96.48,96.95,96.12,97.01,97.23,96.34,99.07,96.58,98.19,96.41,98.59,96.64,96.94,98.55,96.13,96.28,96.58,97.35,95.92,98.33,99.43,97.68,95.69,95.60,97.66,96.23,95.86,96.94,98.95,97.18",49.45806032047666,0.7210340462705488,14.574685128110753,2
"2,2,1,2,2,2,1,2,1,2,2,2,2,1,3,2,2,3,1,2,2,2,3,2,1,2,1,1,2,2","97.18,98.51,98.91,97.14,96.60,98.45,97.20,96.72,96.79,97.69,97.39,97.78,98.93,98.50,97.40,97.18,97.69,98.20,97.20,97.79,98.10,97.38,96.61,98.13,99.06,98.53,96.29,96.47,98.05,98.45",64.52205343850576,0.9543128596738415,14.920452030704086,0
"2,2,2,3,3,2,3,3,1,2,3,2,2,2,3,2,1,3,1,2,2,2,1,1,1,3,2,2,2,2","98.33,98.44,96.72,98.81,97.67,98.64,99.02,98.57,97.08,97.61,98.66,97.94,98.12,98.33,98.00,96.59,97.55,98.85,97.26,98.95,98.20,98.43,98.67,97.60,98.72,97.92,97.67,96.95,97.00,97.14",65.10557450212104,0.6413009432904827,14.702592825946573,0
"2,2,2,3,3,3,2,3,3,2,1,1,2,2,3,2,2,1,2,2,2,3,2,1,2,3,2,2,3,2","97.65,98.06,98.40,98.06,98.25,97.79,97.66,96.95,97.27,97.61,97.95,97.17,98.34,98.69,98.34,97.28,97.51,96.95,99.30,98.21,97.81,97.63,97.40,98.36,98.62,98.63,98.47,98.27,98.23,97.76",64.93032137772441,0.7260520308337183,15.382359118818624,0
"1,1,0,1,3,0,0,3,2,0,1,1,1,3,2,1,0,1,3,3,1,0,2,0,1,2,2,2,1,1","94.38,98.71,96.15,93.66,94.43,93.48,94.54,98.43,97.93,94.87,93.42,96.10,94.32,95.91,92.09,94.40,98.21,93.48,94.92,97.40,96.90,99.04,97.03,98.37,95.20,97.97,94.65,96.36,96.50,96.87",48.14160898798336,0.622148083483293,14.44806111519073,3
"1,1,3,3,3,1,2,1,2,3,2,2,2,2,2,2,2,2,2,3,1,2,1,3,1,2,3,2,2,1","98.77,97.84,98.30,98.48,97.68,96.02,97.43,96.79,98.23,97.67,98.74,98.37,97.82,97.82,97.41,98.65,98.30,97.26,97.84,98.88,96.77,97.63,96.12,96.08,99.12,96.95,98.21,98.25,97.41,96.26",71.40171610530086,1.009222737424808,15.34318959918597,0
"3,3,1,2,2,3,2,3,3,2,2,2,3,2,2,2,1,2,2,2,3,1,3,2,2,2,2,2,3,2","99.44,98.34,98.65,97.08,96.30,99.10,100.00,97.68,99.18,99.53,98.44,99.24,96.14,96.94,97.29,98.58,96.78,97.24,98.08,99.32,98.42,96.85,97.56,97.05,99.26,97.24,97.91,97.44,98.77,97.51",66.31804428881792,0.883997902300041,14.919791170038668,0
"2,3,2,0,2,2,3,1,3,0,2,1,2,2,1,2,1,3,0,2,1,2,1,0,2,2,1,1,3,1","93.11,91.93,97.23,92.99,94.31,97.55,90.59,99.97,99.63,94.28,97.99,96.95,93.57,94.10,97.70,93.73,93.29,98.19,98.77,96.03,95.07,96.86,95.33,95.74,96.74,95.13,97.70,96.59,95.45,99.30",87.38681182388115,0.8216682872764448,15.317174479724711,3
"2,3,1,2,1,1,1,1,1,1,3,1,3,1,2,1,2,2,1,2,1,1,2,2,3,2,2,3,2,1","88.42,92.08,86.85,91.23,89.30,87.57,94.70,82.65,91.92,86.51,93.02,93.13,88.55,87.27,90.08,84.53,93.08,83.18,89.73,93.33,83.75,87.28,86.83,91.27,83.43,84.20,86.46,92.06,84.08,87.71",10.0,0.7781465473779217,15.448200462588378,6
"1,2,3,1,3,2,0,0,0,0,0,3,0,2,2,2,2,1,2,0,1,1,3,0,0,1,2,2,1,3","97.40,95.04,100.00,95.68,96.31,94.89,94.00,94.18,96.73,98.94,98.79,97.32,95.98,96.61,96.30,98.58,95.05,96.00,96.73,95.89,93.02,94.45,96.66,93.42,97.35,94.29,93.97,97.04,95.50,99.58",78.46177908961785,0.6265527087421137,15.12257568487544,7
"2,3,1,3,0,1,3,2,0,0,0,3,1,1,3,3,2,3,1,2,2,3,2,3,3,2,2,1,2,1","92.17,89.63,88.61,85.15,93.61,96.33,91.20,92.81,91.48,91.97,90.46,94.61,93.50,88.23,94.11,86.92,90.66,93.77,100.00,93.97,91.30,88.24,93.02,92.73,92.63,91.24,91.62,85.26,89.24,90.58",14.703293052183248,0.6000491367432913,15.264725955690016,1
"1,3,1,2,1,3,2,3,2,1,2,2,1,2,2,2,2,3,2,3,2,2,2,2,2,2,2,2,2,1","97.20,97.20,98.88,97.74,97.49,98.46,97.94,97.63,98.06,96.19,97.11,96.50,98.13,96.82,97.63,99.38,98.70,97.79,98.20,98.25,99.47,96.17,97.89,98.66,97.21,98.55,98.45,98.22,97.21,98.27",79.93330811230729,0.8051590329251312,14.295005524141528,0
"1,2,0,1,1,2,2,1,3,2,0,1,2,2,1,1,1,0,3,2,0,3,0,1,0,1,2,1,0,1","93.52,94.62,96.35,97.07,93.99,96.76,92.49,97.33,94.48,99.58,98.04,99.96,95.80,94.73,97.78,95.27,97.26,94.79,92.27,92.86,93.70,93.06,95.11,98.78,96.29,95.50,96.63,94.22,100.00,98.84",59.29221728053381,0.9043918248656659,15.167265997467464,4
"2,1,0,2,2,1,1,2,3,0,1,2,2,3,1,1,1,1,2,2,0,2,2,2,3,1,1,3,1,1","98.85,98.18,95.69,92.07,93.62,94.88,96.06,93.17,91.95,98.49,96.94,92.92,95.41,96.91,95.84,95.37,96.27,91.08,96.04,94.34,98.62,92.59,95.30,94.59,94.32,91.34,98.43,98.51,97.18,98.33",73.20536148453924,0.8117052619648406,15.248261276190249,3
"0,1,3,2,1,2,0,1,2,0,1,1,3,1,2,1,1,1,0,0,0,2,1,2,2,2,0,2,1,0","98.09,94.83,94.31,98.60,97.17,97.31,95.89,95.60,95.62,97.68,100.00,96.08,91.95,96.23,99.28,100.00,95.52,96.03,93.56,97.14,97.00,96.33,95.90,97.78,100.00,94.12,97.44,97.12,98.42,95.88",47.89321269137393,1.031978885675369,14.90929685473743,7
"3,2,2,2,2,2,2,1,3,1,2,2,2,3,3,3,2,2,2,2,2,2,2,2,2,2,3,2,2,2","98.64,97.97,97.80,98.07,97.92,98.54,96.99,97.62,97.88,96.66,99.08,98.83,98.74,97.58,99.06,98.95,98.20,96.77,97.00,98.05,99.51,97.51,98.30,98.38,96.79,97.10,96.98,97.61,97.68,97.18",61.11802481752973,1.0804742720071536,14.827572821638922,0
"2,1,2,1,2,1,3,3,1,1,2,1,1,2,2,3,3,2,2,1,1,1,2,2,3,2,1,1,1,3","89.93,81.14,88.55,83.76,90.91,86.21,92.34,85.90,83.71,88.92,88.75,85.47,90.61,90.88,87.70,86.79,99.42,91.33,80.42,87.35,82.89,90.57,90.83,92.73,86.54,87.98,89.26,92.65,90.16,87.05",36.466655190639074,0.8711274658917141,14.978568148710147,6
"2,1,2,3,1,2,3,2,2,1,3,2,2,2,3,2,2,2,2,2,3,3,3,2,1,3,3,2,2,2","98.05,97.28,97.22,96.52,97.14,98.49,97.17,97.62,97.18,97.80,96.73,98.47,98.50,99.18,98.33,96.19,97.69,97.24,96.83,98.06,99.79,97.33,98.23,97.86,99.01,96.65,98.12,98.04,97.86,98.73",72.15734050669663,0.8968333034344199,14.472574940504524,0
"3,0,2,1,1,1,3,0,2,2,0,2,0,1,1,2,1,0,1,1,1,1,2,1,2,2,1,2,2,1","94.73,97.92,95.34,95.67,92.66,94.47,93.25,94.92,96.66,97.03,94.42,95.98,98.05,94.74,93.76,96.92,97.81,95.51,90.60,97.38,95.92,95.72,95.55,98.84,96.11,95.64,95.33,95.12,94.19,93.60",49.196784072787224,0.8845367268710498,14.782597865894074,4
"2,3,0,3,2,2,1,3,3,1,1,1,2,0,2,2,1,1,1,3,3,0,3,3,2,1,0,2,2,3","97.77,95.85,95.32,97.18,99.24,96.86,95.53,95.41,95.85,93.28,98.12,98.34,95.01,93.04,93.45,97.31,97.36,97.10,94.03,93.45,93.83,94.98,92.41,90.35,97.40,95.85,96.37,95.22,98.40,94.08",75.01510498416937,0.8275219585842721,14.713644950318892,7
"1,2,2,3,2,3,2,2,2,2,1,2,2,2,1,2,2,3,2,3,2,3,2,2,2,2,2,2,3,2","98.25,98.84,97.71,98.29,99.64,98.26,97.19,96.93,96.98,99.41,98.48,97.88,98.85,98.74,97.35,99.08,97.91,97.97,98.16,97.50,96.53,100.00,97.89,97.69,98.52,99.15,98.10,98.15,99.46,98.72",68.0065215410374,0.6046405751672648,14.558815581014791,0
"1,1,1,2,1,2,3,1,3,1,1,1,2,3,0,3,1,2,0,1,1,2,3,2,2,1,1,3,1,3","95.19,95.33,93.17,95.72,96.78,95.93,96.90,91.03,96.00,94.53,94.55,99.95,93.71,100.00,96.40,98.31,95.67,96.31,94.25,90.81,95.14,93.70,95.54,95.01,97.22,98.04,94.50,93.78,96.97,95.12",65.36223899900348,0.9436671847439677,15.654479128195314,4
"2,1,1,1,1,0,2,3,1,2,2,1,2,0,2,1,0,2,2,2,1,0,2,2,0,2,1,0,3,3","95.15,95.70,97.42,91.67,94.91,96.54,100.00,95.26,97.23,94.46,99.83,96.22,98.32,95.95,96.34,99.33,94.56,95.37,100.00,90.20,92.35,92.99,97.09,96.78,96.18,97.88,96.93,96.27,93.81,94.04",63.809205344678766,0.8381605509106606,14.991769806135922,4
"2,3,3,1,2,1,2,3,2,2,2,2,2,2,1,2,2,2,2,2,1,2,1,2,1,3,1,2,2,3","97.92,98.86,97.42,98.35,98.94,96.59,97.46,97.86,98.29,97.70,98.72,97.66,98.15,97.55,98.05,97.98,97.60,97.87,96.76,98.84,98.01,98.58,97.39,98.41,97.89,97.55,98.38,97.73,99.46,97.60",79.76630222626198,0.8085025352267932,15.248397525567215,0
"1,2,2,2,3,2,2,2,2,2,1,1,2,3,1,2,2,2,1,2,2,3,2,2,2,1,1,1,1,1","85.99,77.49,89.19,88.94,91.74,87.34,85.61,90.52,93.04,86.33,88.15,92.28,94.35,88.63,92.37,92.73,84.10,95.09,94.27,85.15,90.95,78.86,90.12,86.52,89.21,89.65,85.94,84.60,90.06,84.61",27.202437515618293,0.6788823982852656,14.492278637635401,6
"2,3,3,3,2,2,3,2,2,2,2,3,3,2,2,2,2,2,2,2,3,2,2,2,2,3,1,2,3,3","97.54,99.21,97.03,99.76,97.56,96.05,96.77,98.59,98.23,97.45,96.97,97.35,98.55,98.63,98.08,97.67,98.98,96.55,98.66,97.84,97.95,98.22,96.54,98.01,98.03,97.64,97.39,98.32,97.79,97.70",74.26597854847157,0.8278927552271649,15.033699819208842,0
"1,2,2,1,2,2,2,3,2,3,2,1,1,2,2,2,3,2,1,2,3,3,2,2,1,2,1,2,2,2","97.53,98.47,99.36,96.88,96.74,96.51,99.09,98.95,96.98,98.33,98.56,97.84,97.95,98.02,98.27,98.53,98.98,98.07,98.09,98.02,97.40,99.01,98.94,97.47,97.23,98.01,97.62,98.18,97.98,97.77",91.4607828442185,0.7128854667972582,15.466952739345519,0
"3,2,2,2,2,2,1,2,2,2,2,2,3,3,2,1,2,1,3,2,1,2,1,1,2,3,1,2,2,2","97.68,98.99,97.41,98.74,96.96,98.67,98.95,97.35,99.72,98.43,98.53,98.59,97.38,98.80,95.90,97.78,98.87,99.32,98.40,98.07,99.42,97.14,97.66,97.03,98.26,98.45,97.46,96.07,97.23,98.54",83.51121117493291,0.666792244899315,14.868928034656653,0
"1,2,2,1,2,2,1,2,2,3,3,2,3,2,3,1,2,1,1,3,2,2,2,2,2,2,2,2,1,2","98.81,97.94,98.36,97.63,98.49,96.84,97.23,97.88,99.21,98.18,99.19,97.22,98.40,98.33,99.38,98.38,97.46,97.28,97.30,98.93,98.47,99.74,97.70,97.61,98.21,98.50,98.38,97.12,97.81,97.45",74.58005132404647,1.1198198706104336,15.347110794345651,0
"2,2,2,1,1,2,2,2,2,2,3,2,2,1,2,3,2,3,1,2,2,2,3,3,2,1,1,3,2,2","97.64,98.14,97.96,99.07,97.23,98.46,97.57,98.72,97.21,98.01,98.53,96.71,97.69,98.64,96.88,98.72,99.81,97.37,97.88,96.48,98.22,97.54,97.92,98.68,97.59,97.61,97.75,96.95,97.60,98.96",72.3126934038916,0.7647609344964883,14.872162715369853,0
"2,2,1,3,1,1,2,0,2,2,2,1,0,2,3,1,3,0,1,2,1,0,2,0,0,2,2,2,0,2","99.03,98.10,95.88,94.84,96.11,95.02,99.39,96.10,98.84,95.41,94.96,96.44,100.00,96.58,94.84,94.17,95.62,98.26,95.15,98.13,99.18,93.36,99.67,94.73,94.27,95.32,95.11,99.84,92.64,94.47",53.29251653898752,0.7740410419675918,15.26438238031618,4
"1,3,2,2,2,3,3,3,2,2,3,1,2,3,2,3,2,2,2,1,2,2,3,2,2,2,2,2,1,2","98.13,98.29,99.13,98.89,98.04,99.52,97.15,95.46,98.42,98.84,98.27,98.03,97.65,99.86,98.77,97.47,97.43,96.90,98.59,97.14,98.74,97.07,97.20,97.69,97.52,97.05,97.62,98.28,96.94,97.48",72.60117775333924,0.7132476495500527,15.384694237138717,0
"0,0,1,1,0,1,0,0,0,1,1,0,1,0,1,1,1,0,0,0,0,1,0,0,1,0,0,0,0,0","96.96,96.65,97.27,95.96,95.97,96.28,98.23,96.79,97.34,96.38,97.07,96.05,96.39,95.83,96.73,96.74,97.79,96.54,99.67,97.36,98.02,98.79,95.58,96.91,97.54,98.14,96.60,98.34,97.66,96.99",53.51579757436246,0.7098173287932855,14.270011254766727,2
"1,1,2,2,3,2,2,3,2,2,1,3,2,2,2,1,2,2,1,1,2,1,2,3,2,2,1,2,2,1","97.78,98.62,97.99,99.81,98.94,97.79,97.12,98.47,98.89,97.70,96.96,98.66,98.42,98.02,98.23,98.91,98.55,97.19,96.83,97.20,96.07,97.99,99.00,97.44,97.96,98.03,99.52,97.37,96.57,98.17",64.01369258598592,0.655974997996022,14.637202948561187,0
"1,0,1,1,0,0,0,0,0,0,1,1,0,0,1,0,0,1,0,0,0,0,0,0,0,0,0,1,0,1","96.44,97.65,96.00,97.48,97.11,95.58,97.36,96.79,96.87,95.69,97.29,97.57,97.08,96.29,95.44,96.65,96.35,97.81,98.00,95.65,97.06,96.83,98.76,97.17,97.00,96.52,97.85,99.49,96.73,96.62",48.545530253542324,1.064408103139447,15.23679337790128,2
"1,0,1,0,0,1,1,1,0,0,0,0,0,0,0,0,1,1,0,0,0,0,0,1,1,1,0,1,1,0","97.10,97.42,95.81,96.56,97.65,96.57,95.97,97.78,96.42,96.31,96.26,95.19,98.27,96.35,97.38,97.86,97.56,96.51,98.38,95.80,96.61,97.18,97.03,97.70,97.26,97.31,98.24,96.98,98.01,97.52",72.56809777664114,0.8196142380310524,15.287870862502484,2
"2,1,2,2,2,1,2,2,3,1,2,1,2,1,2,2,3,1,3,2,2,1,2,3,2,2,2,3,3,2","98.85,96.81,97.55,96.93,98.27,97.94,96.47,98.62,98.93,97.74,98.73,98.96,97.54,98.35,97.98,97.55,96.98,98.72,98.27,97.21,97.73,98.64,98.14,96.95,96.88,97.79,95.78,97.77,96.33,97.76",56.50926414519767,0.6751153022262275,14.362830533046047,0
"2,3,2,3,2,1,2,2,2,2,3,1,1,1,3,2,2,2,1,3,2,1,2,2,2,2,2,2,3,3","97.99,97.65,97.95,97.92,99.63,97.41,98.48,97.49,97.82,96.91,99.34,97.48,97.13,98.87,99.22,97.17,98.13,96.97,97.07,98.92,96.82,97.78,98.58,97.19,98.00,97.33,97.74,97.01,99.55,98.85",63.81921351440537,1.0788088044476731,14.66964826654155,0
"2,2,3,2,2,2,1,2,2,1,2,2,1,2,3,1,2,0,3,0,0,2,3,0,0,1,1,2,1,0","96.02,94.87,92.25,94.74,92.01,100.00,94.36,96.98,93.23,94.15,97.73,96.89,97.74,94.58,93.05,93.52,95.32,94.03,94.66,95.53,92.50,96.22,95.65,95.55,95.55,95.38,91.62,92.47,97.58,94.38",46.74883644190345,0.749719511038012,15.35388354549471,3
"1,1,1,1,1,0,1,1,0,0,1,0,1,0,0,0,0,0,1,0,0,0,1,0,0,1,1,0,0,1","95.21,98.05,95.59,98.05,97.66,97.21,95.65,96.78,95.65,98.52,94.67,96.91,98.40,97.25,97.11,96.42,94.14,96.37,97.50,96.26,98.24,96.74,97.66,95.94,97.38,97.74,95.07,98.00,96.49,97.33",61.22984211194397,0.7805205690158191,14.885345306374472,2
"2,2,3,2,3,1,1,1,3,2,3,3,3,0,1,2,3,1,1,2,3,2,3,0,0,1,1,2,2,2","94.78,88.84,95.73,92.87,96.18,90.31,93.16,88.91,86.64,93.38,93.29,90.89,96.12,92.79,91.88,97.89,91.81,95.24,92.95,89.90,94.44,88.28,92.78,93.81,96.00,91.04,90.87,89.99,88.99,95.84",36.24826184855308,0.8972886745006609,14.632006689016785,1
"1,3,2,2,3,2,1,1,2,3,3,2,2,1,2,2,1,2,1,2,1,2,1,1,2,1,1,1,1,3","92.93,89.85,92.97,87.09,83.89,92.97,87.89,84.36,87.20,83.86,84.45,93.23,87.67,89.23,83.27,79.82,83.41,88.51,84.16,87.00,83.28,88.81,88.41,94.94,80.25,94.08,88.01,85.94,83.96,87.24",25.38770677094925,0.6516715531349304,14.824828918051924,6
"3,1,2,2,3,2,3,3,2,0,3,3,2,2,2,2,2,2,2,2,2,3,1,2,3,2,1,2,1,2","96.00,91.23,95.69,95.50,97.49,97.58,92.78,98.61,93.86,95.42,98.68,95.20,96.21,96.70,96.06,95.28,93.25,94.81,94.74,96.28,96.05,93.66,94.81,95.26,93.39,97.46,95.84,91.40,97.03,98.57",43.31243701573673,0.7563121051898479,15.055389349392584,7
"1,1,0,1,2,2,2,2,1,3,2,0,2,0,0,2,2,0,1,1,2,2,3,1,3,1,1,2,2,1","94.58,96.27,97.75,96.95,97.89,94.84,97.86,96.15,97.26,100.00,96.00,97.00,95.33,95.85,99.55,93.87,96.05,97.19,97.09,92.04,98.91,97.95,99.13,95.23,93.85,96.12,93.25,96.65,95.57,93.16",59.94966227230276,0.8014309159956869,14.248869197605465,4
"1,3,2,1,2,1,1,2,3,3,2,2,1,2,1,1,0,1,1,3,1,0,1,1,1,1,1,2,3,2","99.09,99.59,93.40,95.47,95.65,94.45,96.47,93.26,98.36,98.40,95.13,95.70,96.55,96.09,99.08,97.35,95.37,98.59,94.02,94.60,93.74,97.42,95.83,95.57,94.51,92.70,96.94,95.65,94.89,95.15",70.48345283939211,0.8251456048201481,14.69021897214918,7
"1,3,1,3,3,3,2,2,2,2,2,2,2,1,2,2,1,1,3,1,3,2,2,2,2,1,2,2,2,3","97.39,96.27,97.73,98.75,98.41,97.14,97.02,98.72,97.06,98.24,97.34,98.87,98.64,97.84,98.64,98.32,97.40,97.66,99.06,96.91,97.59,99.02,98.17,98.69,95.53,97.31,97.72,99.26,98.64,97.89",66.1642830854781,0.9796058047132786,14.715763549922526,0
"1,3,3,2,2,2,2,2,2,2,1,1,3,3,2,3,3,2,2,2,2,1,2,2,2,2,2,2,2,1","97.76,97.88,98.93,97.43,98.36,98.46,99.05,97.01,97.65,97.04,98.06,98.15,97.86,98.61,97.66,96.41,98.12,97.49,98.21,99.85,98.72,97.84,97.01,99.13,98.52,97.41,98.29,99.08,97.07,98.51",67.36426526059614,1.1118227137448593,14.764801157739928,0
"2,0,2,1,2,1,2,1,0,0,2,1,1,2,2,2,1,2,1,2,2,1,2,1,2,2,1,1,1,1","97.40,97.50,95.05,94.30,98.54,94.40,94.53,97.60,95.23,96.56,97.27,94.68,94.28,94.11,98.45,97.44,100.00,96.66,95.09,96.55,98.76,99.19,93.95,91.90,94.96,95.27,96.54,98.14,96.48,95.02",56.70423064545578,0.6389552117129335,15.143774250726462,7
"1,1,3,1,3,0,0,1,0,1,2,3,0,1,3,1,0,1,3,1,1,2,1,1,1,1,3,2,3,1","91.05,95.12,91.46,95.02,92.00,93.07,89.27,89.15,91.53,92.92,89.66,94.36,93.65,92.24,90.53,94.11,89.53,92.80,91.95,89.83,93.87,93.74,97.33,97.34,93.52,92.90,91.61,86.92,93.56,88.07",52.28017996545778,0.7536147405471424,15.193216897670906,1
"1,0,1,0,0,1,0,1,1,0,1,0,0,1,1,0,1,0,1,0,1,1,0,1,0,1,0,0,0,0","97.31,99.18,97.16,96.22,96.72,98.14,96.74,99.31,96.22,97.26,96.04,97.01,96.67,98.00,97.21,96.87,96.13,97.89,97.70,96.32,98.48,96.62,95.76,96.77,97.47,97.53,95.46,97.00,97.15,97.77",64.70018880085922,1.1731199783120423,15.062089970977146,2
"2,2,3,3,3,2,1,1,2,3,2,2,2,1,2,3,1,2,1,3,2,2,1,2,2,1,2,2,3,1","86.38,90.08,85.05,89.16,87.61,95.11,86.57,91.26,87.09,86.33,82.23,92.30,85.49,90.43,92.46,91.75,85.17,86.42,87.03,90.64,88.56,85.23,90.05,86.20,90.81,87.97,84.91,85.44,96.19,94.24",29.49637755573804,1.013516393875597,14.98396694238906,6
"0,0,1,1,1,0,1,1,1,1,1,0,0,1,0,1,1,1,0,1,0,0,1,0,0,0,1,1,1,0","96.46,97.46,97.95,97.97,96.89,95.94,95.65,96.66,97.38,97.46,97.07,96.05,95.93,98.49,96.47,97.50,97.98,97.84,97.95,96.04,98.06,95.86,99.26,95.85,97.74,97.71,95.20,97.53,95.96,97.14",51.62229795863313,0.7256507082022013,14.983152280187749,2
"2,2,1,1,2,2,2,1,2,2,2,2,2,1,3,2,2,2,1,1,3,3,2,1,3,2,3,1,3,3","89.34,86.46,89.05,85.93,88.41,82.87,88.95,86.31,86.96,92.60,91.25,92.23,79.14,87.74,92.47,78.44,82.08,87.86,86.15,81.73,91.41,91.76,89.91,89.62,87.86,85.03,84.40,87.96,88.93,89.13",39.538134246959146,0.8548539115640162,14.639295548027697,6
"2,3,1,2,2,3,1,1,1,1,1,1,1,0,2,2,2,2,3,1,1,2,2,1,1,1,2,2,3,1","93.69,97.40,95.07,98.35,95.85,94.30,99.37,95.21,94.57,92.52,94.92,96.59,98.01,95.19,95.77,98.11,97.13,92.39,98.97,96.44,91.87,94.87,94.68,98.38,97.48,96.25,97.71,96.00,95.86,93.89",59.43429807298273,0.9601461062335791,14.868434172665472,3
"2,0,3,1,2,1,0,0,2,0,2,0,2,1,1,2,1,1,0,1,1,3,0,1,1,2,0,3,3,2","94.44,94.23,95.07,98.26,95.79,95.86,96.74,92.27,95.49,97.88,95.51,95.96,93.15,98.38,94.89,95.05,97.47,91.94,96.61,95.60,97.44,96.97,91.74,96.27,95.28,96.08,95.79,99.06,93.24,100.00",48.83471805215815,0.8754400633582988,15.181361707141216,5
"2,1,2,1,2,2,2,1,1,2,2,3,1,1,1,2,1,2,1,1,3,1,2,1,0,0,1,2,3,2","94.27,89.34,96.35,96.45,92.90,88.86,90.78,93.72,85.87,93.37,90.32,90.12,92.39,96.41,97.36,91.00,93.82,90.99,88.84,90.97,92.80,93.51,94.17,93.36,85.22,88.98,95.23,93.20,90.83,91.82",50.70026886419427,0.626432828052388,14.148410596934934,1
"1,1,2,3,2,2,1,3,3,2,1,1,3,2,2,1,2,1,2,2,1,2,2,3,2,1,1,2,1,1","85.23,88.73,87.89,84.88,83.06,82.92,82.53,89.51,88.82,88.67,84.95,84.59,84.50,93.68,87.33,85.50,79.95,91.33,90.76,85.05,85.00,91.93,84.74,90.42,78.68,89.30,81.72,82.60,86.50,79.05",37.73004673776864,0.8276877058164595,15.20778383270259,6
"1,2,3,1,1,2,2,2,2,1,2,1,2,1,2,3,2,1,2,1,1,3,2,2,2,2,1,2,2,1","99.36,97.96,97.94,97.47,98.52,98.22,96.73,97.07,97.57,98.12,97.79,97.91,98.86,98.31,97.13,97.95,97.88,97.29,97.78,98.34,98.43,97.19,96.74,98.59,98.05,98.48,97.65,98.81,97.66,98.06",69.86688279115312,0.8502001972196797,15.823106851379068,0
"1,1,2,2,1,3,2,0,3,3,1,3,2,1,1,2,0,2,2,2,0,1,0,1,2,3,3,1,1,1","92.11,97.39,95.74,98.41,96.14,93.74,94.91,89.93,95.05,95.24,95.00,96.33,98.09,92.50,96.84,91.81,96.43,96.41,94.52,97.90,93.46,96.30,97.82,94.69,95.83,95.00,96.64,95.05,95.97,99.15",59.847679846177904,0.893098438595224,15.133646659253897,5
"2,2,3,1,2,1,2,2,2,2,1,1,2,3,2,1,2,2,2,2,2,2,1,1,2,2,3,1,3,3","99.34,96.92,97.10,97.93,98.19,97.78,98.73,98.50,96.78,99.07,97.92,98.42,97.52,97.88,98.67,96.77,98.77,98.58,97.31,98.78,99.11,97.20,98.55,99.20,97.40,99.08,97.55,97.46,98.06,96.95",47.543376801316455,0.7497317092708566,15.383431415336668,0
"0,1,1,0,0,1,1,0,1,0,0,1,1,1,0,0,0,0,0,0,0,0,0,0,0,0,0,1,0,0","95.13,96.77,97.32,97.27,98.23,97.12,98.21,99.31,96.10,95.80,96.06,98.01,96.48,98.04,96.56,97.53,96.27,96.52,96.78,97.40,98.23,95.76,97.87,96.07,98.14,96.62,97.14,97.69,96.85,96.49",57.17103787247575,1.032807024664452,15.436406370335892,2
"3,1,1,3,2,2,1,2,2,0,1,3,1,1,2,2,2,3,3,1,1,0,0,1,0,0,2,1,1,2","92.21,98.07,96.43,99.27,94.53,99.49,98.12,95.32,95.56,93.84,97.56,95.32,97.51,94.36,94.67,95.21,97.81,94.19,93.64,96.08,95.84,94.14,95.62,95.49,96.91,95.94,97.51,100.00,96.99,97.22",42.06120525785643,0.6272479792190713,14.910783832002059,4
"2,2,2,0,0,2,1,3,2,2,2,1,2,3,1,3,1,0,2,3,2,1,0,2,3,1,3,3,2,2","94.16,94.12,99.66,96.88,97.10,98.02,95.82,95.09,97.12,94.17,95.55,95.68,99.38,97.79,99.13,96.73,98.21,97.98,100.00,96.56,100.00,96.04,95.08,93.84,93.42,98.27,96.22,95.82,94.67,98.58",73.70227423879093,0.7715680885303929,15.05499060264084,3
"0,1,1,3,3,2,2,1,1,1,2,2,1,3,2,1,1,0,3,0,1,3,1,1,2,2,3,2,3,1","92.62,91.41,94.19,92.10,90.55,96.73,89.73,95.25,89.93,88.53,92.75,88.15,92.82,89.99,88.09,89.85,95.82,93.04,93.21,90.77,94.31,96.92,96.79,86.37,91.20,86.77,95.89,89.29,93.67,89.27",44.4239441335516,0.6780865358631728,15.764728676490243,1
"2,2,3,1,1,2,2,2,1,2,2,3,2,2,2,2,2,2,1,2,2,2,1,1,2,3,2,3,2,2","90.96,82.69,95.55,89.49,83.46,85.12,92.50,88.52,86.82,88.56,90.86,83.15,84.35,81.06,88.31,91.00,89.25,84.12,85.31,90.96,86.29,90.44,86.17,90.50,86.35,89.59,86.81,96.53,86.50,92.78",42.16487381281413,0.7930517971942724,14.67805989801673,6
"2,2,2,3,2,1,3,1,1,1,2,2,2,2,1,1,2,3,2,2,1,2,3,1,2,1,2,3,3,1","98.14,98.39,97.04,98.40,98.32,99.37,97.11,97.82,97.88,96.57,98.57,98.88,98.50,97.59,97.53,97.12,97.78,97.66,96.45,98.85,96.78,98.41,98.14,97.49,98.63,96.89,99.61,99.24,97.24,98.46",78.77763027046907,0.8757989574673554,15.070380169478494,0
"2,1,1,3,1,1,1,1,2,1,3,1,2,1,3,2,2,3,1,2,3,2,1,1,3,0,0,1,0,1","99.11,96.36,98.01,96.17,99.75,97.62,96.10,95.81,98.82,94.51,94.63,93.61,95.11,94.59,94.87,92.94,95.44,95.87,95.18,94.86,96.99,94.56,96.95,94.72,97.23,96.53,96.41,96.29,95.53,97.95",36.77266646201205,0.957919625047727,15.413454538992593,3
"1,2,2,2,3,2,2,2,2,3,3,3,1,2,1,3,2,3,2,2,2,2,1,2,2,3,2,3,2,3","97.56,97.81,99.40,98.42,99.00,97.18,97.66,96.85,98.96,96.91,97.24,98.67,98.43,98.53,97.43,96.01,99.04,97.54,97.54,99.04,98.11,97.81,97.42,97.26,98.18,96.98,97.58,98.52,99.41,97.78",70.45509570834672,0.9865577134054013,14.990932097049097,0
"3,0,0,1,2,2,0,0,1,0,2,2,0,2,2,1,1,2,3,1,1,1,3,0,3,2,3,2,2,3","96.49,96.96,95.91,95.62,95.28,92.88,94.54,95.24,92.29,96.12,95.45,95.12,94.52,93.73,95.72,97.21,95.16,93.46,91.23,95.45,100.00,96.13,96.30,95.96,95.62,95.25,94.08,96.85,96.17,96.21",38.57730629317788,0.6630293804266696,14.801311355017583,3
"2,2,2,2,2,2,2,2,2,2,2,1,2,1,2,2,2,2,2,2,2,3,3,2,2,1,2,1,3,2","98.02,99.39,97.95,96.68,97.10,98.01,96.79,98.17,99.35,99.32,97.61,96.73,97.59,98.38,98.04,97.23,97.09,98.51,97.60,99.79,97.40,97.35,98.71,98.97,97.87,97.96,99.28,98.06,97.60,97.75",68.87945861687204,0.8278591839848162,15.763465155058356,0
"2,2,3,1,2,2,2,1,2,3,1,2,2,2,2,2,2,3,3,2,3,2,1,1,1,2,2,3,2,3","98.43,97.66,97.87,97.96,97.78,97.99,97.22,99.26,98.82,97.54,97.88,97.65,98.44,97.29,98.61,98.03,96.45,98.01,97.58,98.41,98.10,96.46,97.18,99.36,99.67,98.31,97.18,97.99,97.62,97.91",64.8429505124031,0.7456000604639418,14.85890991643531,0
"0,2,0,2,1,2,2,1,2,1,1,1,1,2,1,3,2,0,2,0,1,2,1,3,1,2,1,2,2,0","98.15,97.29,98.00,96.14,96.33,96.09,98.11,97.64,96.33,98.64,94.55,96.37,95.25,97.58,95.29,95.29,92.30,96.82,95.89,96.47,92.93,95.91,93.33,97.23,92.72,94.95,93.76,96.79,96.76,95.46",69.07816847776554,0.793443104912829,14.774013351433586,4
"1,1,1,2,1,1,3,2,0,3,2,0,2,2,1,0,2,2,2,2,0,1,3,2,1,2,3,1,1,2","96.42,96.70,97.01,95.79,95.82,99.58,93.97,95.50,97.06,93.61,94.30,96.72,96.74,98.19,98.27,97.76,96.45,94.40,95.89,93.56,95.44,95.26,95.89,93.61,96.72,95.71,99.18,96.25,97.74,94.36",67.10710283262321,0.6561753503242354,15.268830249497258,5
"2,3,3,2,2,2,3,2,2,2,2,1,1,1,2,2,2,2,1,2,2,3,2,2,1,3,2,2,2,1","97.17,96.82,97.58,97.76,98.04,98.39,99.12,98.15,96.98,97.99,96.75,97.56,97.68,98.57,97.72,97.79,98.08,96.83,96.85,98.60,98.91,96.85,97.53,97.46,97.29,98.46,98.62,97.54,96.19,98.04",66.53802022652116,0.587041292383296,14.271431957232794,0
"0,3,2,1,1,0,2,0,1,0,0,2,3,2,2,2,1,2,1,2,1,0,2,1,3,1,2,2,0,1","99.20,95.97,96.33,95.44,95.20,97.30,96.23,97.79,95.39,94.38,96.52,94.24,96.84,96.26,94.85,93.81,96.88,98.31,97.16,94.65,94.75,98.13,98.61,96.38,94.40,96.70,95.17,95.89,97.37,94.46",66.33785750958933,0.9028005929897407,14.826062184141104,5
"1,3,2,1,2,2,2,1,1,2,2,2,2,3,1,2,3,1,2,3,3,2,1,1,2,2,3,2,2,2","98.26,97.07,98.23,97.65,98.63,98.59,96.55,98.90,97.42,98.48,96.44,99.14,98.82,98.50,97.44,97.76,97.29,98.02,98.61,97.90,96.86,95.90,95.66,98.27,97.42,98.38,97.09,98.20,97.38,97.63",67.40404349182234,0.7416142426747044,14.438164790442638,0
"0,1,1,0,0,1,1,0,0,0,0,0,0,1,1,0,1,1,0,0,1,1,0,1,0,1,1,0,1,0","97.07,95.46,96.68,97.78,96.93,98.70,97.83,98.56,97.14,98.47,97.56,96.92,96.85,98.72,95.72,97.29,96.67,97.55,97.04,97.66,98.39,98.20,98.63,97.31,96.52,96.02,97.49,96.90,98.98,96.09",47.43058664112323,1.1946670995545796,15.113468861406064,2
"0,0,1,0,0,1,0,0,1,1,0,1,1,1,1,1,0,0,1,1,0,0,0,0,1,0,1,0,1,1","95.70,95.48,96.78,96.96,98.11,95.76,97.15,98.08,97.32,95.86,98.87,97.51,97.64,96.84,98.39,97.29,96.60,96.83,97.62,96.23,98.39,97.85,96.35,97.95,96.12,96.25,96.49,96.82,97.24,95.76",55.580693901529024,0.8628616041855721,14.9366355588594,2
"1,1,3,2,1,1,2,2,1,2,2,2,2,2,1,2,2,2,2,2,2,1,1,2,2,1,1,2,1,1","90.64,88.63,87.62,85.15,91.91,87.17,95.30,85.90,80.33,94.16,90.32,81.63,81.36,89.72,85.54,87.83,92.65,82.38,82.64,89.02,87.15,80.61,89.68,87.43,89.94,88.33,84.93,90.16,90.17,84.88",38.837822371756126,0.7165179688272112,14.945727690843903,6
"1,1,1,1,1,0,1,1,1,1,0,1,0,1,1,0,1,0,0,0,0,0,1,0,0,0,0,1,1,0","97.49,98.80,95.54,98.06,97.37,97.80,96.56,97.29,95.70,96.18,96.11,97.24,97.23,97.10,96.47,97.69,95.70,97.26,96.67,98.14,97.03,96.21,97.07,96.71,97.99,97.35,96.34,98.07,97.51,97.58",37.75415824232448,0.7146166299388222,14.393609405242534,2
"2,2,2,2,2,2,2,3,1,3,1,2,2,3,1,1,2,1,1,2,1,2,1,2,2,3,3,2,3,1","97.96,97.43,97.75,93.84,93.81,97.50,96.50,94.23,94.96,97.64,95.15,95.34,95.51,93.75,92.90,97.25,93.35,94.43,99.42,93.13,98.39,94.70,98.43,94.20,95.08,94.89,93.66,97.64,95.44,97.09",68.58677399735213,0.799538853715243,14.796429426822643,5
"1,2,1,1,1,2,1,3,1,0,0,0,3,1,1,2,2,2,2,0,2,2,0,1,3,3,1,1,0,0","92.56,90.52,92.81,91.47,91.32,92.15,92.32,92.68,88.97,94.88,91.48,91.19,92.75,87.75,95.81,97.03,89.98,92.86,95.38,90.90,90.17,89.72,87.70,92.81,91.76,94.18,84.95,94.23,95.07,92.85",60.322500262473156,0.7358540241389357,15.329296816106469,1
"1,1,2,1,0,0,0,1,2,0,2,3,2,2,0,2,3,2,1,3,0,3,2,1,2,0,1,3,2,1","99.53,95.61,96.78,96.62,94.53,96.11,92.80,97.72,95.35,95.03,93.84,93.53,94.96,97.45,92.77,95.47,93.44,95.85,100.00,96.24,95.50,94.59,94.06,97.68,95.96,93.99,95.31,100.00,99.43,97.13",67.33354273369034,0.7922165024888046,15.05719273497311,3
"3,2,1,2,2,2,2,2,2,2,3,1,2,3,3,2,2,2,2,2,2,3,3,2,2,2,1,2,2,2","97.80,98.69,97.40,98.08,100.00,97.29,97.23,97.13,96.07,98.53,96.72,97.95,97.21,97.27,98.62,96.95,97.46,97.84,98.66,97.97,97.83,96.51,97.44,99.51,97.13,99.73,96.91,97.95,98.98,98.78",71.2583900726295,0.8220666972461228,14.900700527995742,0
"2,3,2,2,3,0,0,2,2,3,3,1,0,1,1,1,1,3,2,2,3,2,2,0,2,1,1,1,3,0","98.55,93.58,95.51,96.13,96.04,96.21,97.31,95.19,98.58,96.48,100.00,97.01,92.98,94.86,96.31,95.82,94.48,94.27,96.28,100.00,96.61,98.01,95.96,98.40,96.76,93.19,95.83,97.26,94.93,91.02",63.07295189085788,0.8894422925599333,15.165503190105735,3
"2,2,2,2,2,1,2,2,1,2,3,1,2,3,2,3,2,3,3,1,2,2,2,2,3,2,1,2,3,2","86.42,85.19,88.10,84.93,85.55,82.89,85.20,84.77,85.08,87.98,86.86,82.03,86.35,94.40,88.05,87.77,86.15,93.43,87.22,94.48,92.92,85.45,84.79,81.52,89.65,87.30,92.04,92.37,82.38,84.32",37.14813311586911,0.9876843010646723,14.520575171795183,6
"0,1,1,2,1,2,1,1,1,3,1,2,2,1,1,3,0,0,2,0,1,0,2,2,1,2,2,2,2,1","97.93,92.08,97.04,95.71,88.56,95.33,89.77,93.45,89.84,93.54,90.53,92.43,93.29,91.42,86.74,91.99,90.82,96.05,95.35,91.15,93.49,93.76,98.17,93.30,93.80,96.81,95.50,91.66,95.76,95.81",50.6095193162286,0.7881986080881421,15.082666800717739,1
"1,0,1,0,0,0,1,0,0,0,0,0,1,0,1,1,1,0,0,0,0,0,0,0,0,0,0,1,0,1","96.29,97.21,96.72,97.61,97.78,97.66,96.27,97.29,96.27,95.65,96.49,96.78,96.85,99.54,95.80,96.27,97.41,96.47,96.97,96.91,95.80,97.37,96.58,98.16,95.53,97.21,96.11,97.66,95.98,97.29",51.02081671274165,0.5684527408445542,15.418618383747132,2
"0,1,0,0,1,0,0,0,1,1,0,0,1,0,0,0,1,1,0,1,0,1,0,1,0,1,0,0,0,1","98.02,97.43,97.57,96.70,95.58,95.73,98.74,98.73,97.58,97.43,96.37,97.80,97.26,98.36,98.47,95.50,96.66,98.41,97.51,97.54,96.99,97.14,97.05,96.85,97.69,96.22,97.45,97.55,97.98,97.11",43.787898524858335,0.5911939394281835,15.458904156679099,2
"3,2,2,3,2,2,3,2,2,2,2,2,2,2,1,2,2,2,2,3,2,1,2,3,3,2,2,1,2,2","98.39,99.24,98.20,97.30,98.14,98.72,96.46,98.23,97.03,97.44,98.64,97.93,97.37,98.57,96.83,98.77,98.17,97.24,97.12,96.98,99.21,97.59,98.57,98.24,98.65,97.38,98.46,97.98,98.17,97.09",69.5712452905148,0.9218067229576893,14.620682722745965,0
"3,2,1,3,3,2,2,1,3,2,2,1,2,3,1,1,3,1,2,1,1,2,1,2,1,2,1,2,1,2","84.81,89.58,79.83,84.17,96.32,88.29,92.15,84.40,87.48,93.31,89.50,83.61,82.96,90.13,95.09,89.25,82.93,82.31,93.38,87.97,85.60,87.15,84.64,90.28,82.65,87.70,83.75,93.99,83.23,84.66",37.907057372228685,0.7241875518003618,15.40940322227652,6
"1,1,1,3,2,0,2,2,1,1,2,1,1,0,1,2,1,3,0,3,3,1,2,1,3,3,0,1,3,1","93.67,95.02,96.01,99.54,93.48,97.79,96.54,97.76,97.10,94.85,91.84,96.55,96.61,95.84,95.20,98.34,95.92,95.34,91.10,98.67,95.96,93.73,95.29,99.23,98.41,97.63,96.68,94.99,97.29,97.27",42.58315824113835,0.6549694153271517,14.731982705012836,5
"1,2,1,2,2,3,3,2,2,2,2,3,2,1,2,2,2,1,1,1,3,2,2,1,2,3,3,2,1,2","89.98,97.60,92.23,90.46,91.84,89.55,96.88,90.01,94.50,91.23,89.26,99.04,94.41,87.35,91.98,90.94,93.86,96.69,95.31,92.90,95.16,93.19,92.73,95.08,91.81,96.68,90.88,94.38,89.28,92.04",38.86767116334194,0.8161797385857305,14.776721239805662,1
"2,1,1,2,2,2,1,2,2,2,2,3,2,3,2,2,3,2,2,2,1,2,2,2,1,1,2,3,2,3","99.42,98.25,98.56,97.35,97.71,98.91,99.35,98.64,98.16,98.82,98.34,97.92,97.87,97.15,97.77,99.37,97.69,99.17,96.04,98.95,98.22,98.66,98.40,98.50,97.74,99.37,96.73,97.59,98.45,98.14",70.08451593988534,0.8185331036780251,15.081342127484955,0
"1,1,2,2,1,1,3,1,0,1,3,3,3,3,2,2,1,2,2,0,3,1,1,3,0,1,3,2,0,1","89.58,94.31,92.25,90.71,92.16,93.67,94.32,88.64,87.96,93.31,96.09,87.24,93.27,89.92,90.43,95.06,94.84,96.35,92.11,91.98,91.54,92.64,93.72,92.19,90.58,95.24,95.68,95.14,88.96,88.71",57.415849677148266,0.5792906684091962,14.834202150583629,1
"0,1,1,1,0,0,1,0,1,0,1,0,1,0,0,0,1,1,1,1,0,1,0,0,0,0,0,0,0,1","96.30,97.26,95.66,97.70,95.28,97.28,97.81,95.18,98.90,96.21,96.17,98.06,98.54,97.75,98.33,98.23,97.98,97.97,96.00,96.41,96.65,96.03,95.51,96.56,98.87,98.39,95.94,95.57,96.39,95.74",48.83185789177419,0.6294589400204089,15.667980424298637,2
"2,2,2,2,2,3,3,2,2,2,2,2,1,1,3,2,2,3,2,1,1,2,2,2,2,1,2,3,1,2","98.64,98.04,98.13,98.10,98.22,97.04,97.76,99.70,99.11,97.65,96.81,98.34,98.87,97.85,97.55,98.09,98.77,97.56,95.55,98.09,100.00,98.90,97.53,96.20,97.08,98.68,98.06,98.02,98.64,96.30",87.68176182741851,0.588581144503691,15.036890599414075,0
"0,1,0,0,3,2,1,1,3,2,2,3,0,3,3,2,1,1,2,1,2,2,1,2,2,3,1,2,1,1","95.64,94.98,93.86,93.64,98.28,91.62,93.97,99.42,94.33,94.27,100.00,91.78,98.04,96.35,95.88,99.02,94.51,95.18,97.12,95.79,97.64,93.86,97.27,96.82,97.47,92.76,96.24,95.23,95.52,95.78",53.18017997678851,0.8616705836597615,15.50998265600153,5
"3,2,3,1,1,1,2,2,2,2,3,2,2,2,2,2,2,2,2,2,3,2,2,2,2,2,3,2,2,1","97.95,98.36,97.91,98.42,99.09,97.65,97.60,96.80,98.29,98.22,98.76,98.58,97.72,96.47,98.36,98.02,97.35,98.91,98.16,98.29,97.44,97.15,99.77,99.21,97.88,97.86,97.06,97.87,96.95,100.00",66.69904564582873,0.6606749212645938,14.371123427075469,0
"1,2,2,1,1,2,2,1,1,2,3,2,2,2,3,2,2,2,2,3,2,2,3,2,2,2,3,2,1,2","97.05,96.34,98.49,98.50,96.93,97.86,96.99,98.04,97.43,98.29,99.32,98.26,97.72,98.22,96.94,99.69,99.92,96.45,97.41,99.04,97.84,97.90,98.41,97.95,97.87,97.92,96.63,96.84,98.54,97.59",55.46586344689168,0.978908675399924,14.010010336905088,0
"2,1,2,2,3,2,2,2,2,3,3,3,2,2,2,1,2,3,2,2,2,2,1,2,2,3,2,3,1,2","98.17,98.66,99.21,98.40,97.03,97.82,99.23,98.55,97.76,98.81,98.60,98.09,97.89,98.51,99.07,99.66,98.36,98.29,98.16,98.55,97.68,98.08,97.19,98.03,97.43,96.44,98.94,99.06,98.69,98.60",72.29125267943513,0.6354147036186616,14.978295038059324,0
"3,2,2,2,0,2,2,2,2,0,0,0,2,3,0,2,2,2,2,1,1,1,3,2,2,0,1,3,2,3","94.04,94.95,97.99,93.65,97.84,99.69,93.86,98.05,98.83,99.55,93.68,97.82,97.22,98.06,93.80,89.93,97.02,98.63,98.66,96.28,98.01,91.21,93.14,93.89,97.72,97.54,95.99,94.51,93.85,93.85",54.5725940718656,0.574220057655811,14.954379870034009,3
"1,0,0,0,1,1,0,0,0,0,1,0,1,1,0,0,0,1,0,0,1,1,1,0,0,0,1,0,0,0","97.23,98.08,96.07,97.84,97.88,94.73,96.77,97.07,96.93,95.32,95.47,96.54,96.26,97.68,96.03,98.93,97.24,98.73,97.27,95.34,96.05,98.24,96.28,94.83,95.80,96.11,98.79,98.52,96.59,97.14",39.126894224846495,0.8117479571652436,14.694740473677617,2
"3,2,1,2,2,2,1,1,2,2,0,3,2,0,1,3,1,2,2,3,1,1,0,1,0,0,1,2,3,2","97.49,93.44,97.28,94.42,98.32,96.11,99.56,97.06,94.01,98.37,94.88,100.00,95.34,98.51,95.50,94.81,94.63,98.62,95.76,97.19,97.66,94.18,93.90,94.82,96.59,94.78,97.53,93.88,95.44,94.28",55.70718116481601,0.6638974179145526,14.947506546303218,3
"2,1,3,2,2,1,2,1,2,3,2,1,2,1,2,2,2,2,2,3,2,2,3,1,3,3,3,3,2,2","98.51,98.45,98.58,96.44,96.37,99.03,99.93,97.42,99.85,97.92,99.09,98.40,99.77,97.75,97.39,97.31,97.30,96.91,98.95,97.67,97.78,98.68,97.90,97.50,98.36,99.00,97.80,97.21,98.35,99.43",67.17394362183863,0.9269330095957246,15.379699012743067,0
"1,2,1,3,1,2,2,3,2,2,0,1,1,1,1,3,1,1,1,1,2,2,1,2,0,2,1,1,1,3","96.11,89.66,91.60,91.99,91.96,92.34,96.03,90.81,86.96,91.20,95.07,94.12,95.53,90.43,94.11,91.96,92.35,97.57,88.20,92.11,89.33,90.69,91.34,89.35,94.53,95.56,90.81,92.39,93.15,91.52",53.80345527779192,0.8081853726340872,14.884635326585453,1
"1,2,2,1,1,2,2,2,2,2,2,2,3,3,2,3,1,2,2,2,1,1,3,1,1,3,2,2,1,1","83.12,84.04,83.06,85.37,86.44,86.51,90.15,90.69,90.57,86.07,90.64,89.79,87.02,85.49,86.89,87.04,79.35,79.65,90.21,81.90,85.46,90.16,84.48,85.00,86.44,86.22,88.12,90.54,85.67,89.64",47.62483631810472,0.7858877967201103,14.683593536116833,6
"3,2,2,2,2,2,1,2,2,2,2,3,2,2,2,2,2,2,2,2,2,2,3,2,2,2,3,3,3,2","97.95,98.38,97.77,98.18,97.88,98.04,96.64,98.48,98.63,96.94,97.11,97.68,98.10,97.72,98.65,97.17,97.30,98.02,97.92,98.09,97.81,97.44,98.48,97.64,98.41,98.83,96.92,98.15,98.48,97.86",64.04732801659169,0.8298447915714673,14.445833853657415,0
"1,1,2,1,2,3,1,2,1,2,1,1,2,2,2,2,2,3,1,3,3,3,2,2,2,3,2,3,2,1","88.97,86.88,88.03,88.65,93.96,89.83,86.65,87.47,84.37,84.27,85.18,83.31,88.21,86.59,78.69,88.87,89.12,88.33,83.77,85.42,90.04,84.89,87.18,83.41,93.33,89.92,90.45,82.14,92.96,89.16",14.846343304024352,0.6088202961554469,15.040552984640387,6
"3,2,0,2,2,1,0,0,3,3,0,1,2,2,2,1,3,1,1,3,2,0,0,1,1,2,3,3,0,3","97.93,95.87,96.34,96.78,96.89,97.92,98.86,94.74,95.60,94.61,95.47,94.26,98.13,95.46,95.29,97.19,92.88,94.44,94.51,91.15,93.47,99.05,96.39,95.79,93.13,96.18,97.26,96.37,98.16,96.67",52.40126412254746,0.6667568377270319,15.582354319537309,7
"2,2,3,2,2,2,2,2,2,2,2,1,2,2,1,1,3,2,1,2,2,2,2,3,2,2,3,2,2,2","98.01,98.06,98.72,98.13,97.19,98.55,96.68,98.46,96.94,99.22,98.44,97.51,98.77,96.58,98.11,97.96,97.94,98.93,98.65,96.53,99.07,98.34,96.79,97.60,98.45,96.93,97.58,97.78,98.82,98.50",75.27402511326301,0.877228900172458,14.109428308990191,0
"1,0,1,0,1,0,2,2,1,1,3,2,3,1,2,1,1,3,1,2,1,2,1,2,2,2,2,0,2,0","94.76,88.63,97.61,92.61,88.05,89.62,88.71,91.76,91.83,92.48,91.26,90.40,91.53,92.91,93.69,95.35,96.50,94.69,88.30,95.33,89.75,90.31,94.27,89.37,91.51,92.50,92.06,93.99,93.19,93.97",59.57405220015764,0.5704245912525491,14.391488554408204,1
"0,1,0,1,0,0,0,0,1,0,0,0,0,1,0,0,0,0,0,0,1,1,0,0,1,1,0,0,0,1","96.86,97.35,97.66,97.09,97.14,96.03,96.47,96.61,97.79,98.06,96.63,95.88,95.25,95.91,97.37,98.70,95.19,97.61,96.88,98.64,95.98,97.79,98.65,96.95,96.45,96.48,98.86,97.96,96.53,96.60",57.619958565980376,0.7307449967990063,14.863694549326205,2
"3,2,2,1,3,1,3,2,1,3,2,2,2,2,2,2,2,1,2,2,3,3,3,2,2,2,2,1,3,3","97.90,97.02,98.28,98.62,97.11,98.13,97.16,96.28,97.58,98.17,98.88,97.56,98.13,98.15,96.96,98.73,99.19,97.23,98.07,97.93,97.94,98.36,97.67,97.61,97.81,98.06,97.69,98.46,98.51,97.99",92.07472800125984,0.7659000007834845,15.200005455639378,0
"3,3,1,2,2,3,2,3,1,2,3,2,1,3,2,3,3,1,1,1,2,1,1,3,0,3,1,2,1,1","89.31,98.04,93.49,91.30,93.08,92.02,92.32,90.66,93.97,90.75,94.17,95.33,93.67,94.35,92.66,88.53,91.50,90.17,94.10,86.97,93.87,90.46,90.09,85.84,93.08,95.08,90.46,91.91,91.66,92.03",49.950609962876406,0.8418327995323376,14.781254349179903,1
"1,3,2,2,2,1,3,3,2,3,1,2,2,2,2,3,2,1,2,2,2,1,2,2,2,2,1,2,2,3","97.98,98.54,100.00,98.32,97.52,96.51,98.29,97.52,98.30,96.99,97.16,98.96,97.46,98.16,98.40,98.61,98.83,98.85,98.82,97.52,98.19,99.85,98.17,98.42,99.06,98.13,98.72,98.81,98.30,97.60",84.44053955277124,0.788775785685329,15.425751536510699,0
"0,1,0,0,0,1,0,0,1,0,0,0,0,0,0,0,1,1,0,1,0,0,1,0,0,0,1,0,0,0","97.41,94.99,97.91,96.71,97.70,95.28,96.64,98.86,97.68,96.67,97.97,95.75,97.26,96.93,95.38,97.50,97.36,95.48,96.42,96.48,96.05,97.01,94.69,97.20,96.43,100.00,98.03,96.60,96.15,95.89",47.08909683186071,0.5709005684839342,14.056872513987908,2
"1,3,1,3,2,1,3,3,0,3,3,2,2,2,2,1,3,2,2,3,0,1,1,2,2,1,1,2,2,3","95.92,98.86,89.18,89.04,89.81,90.14,90.30,91.81,90.57,93.98,93.87,87.00,91.77,88.81,96.26,93.37,89.06,94.18,93.68,96.74,86.75,93.45,86.75,92.89,97.15,93.72,90.07,92.73,89.01,87.15",55.5030822002584,0.8769183140920034,14.784095728758324,1
"2,2,2,2,3,3,1,2,2,3,2,2,3,2,2,3,1,2,2,2,2,1,2,2,1,2,2,2,3,2","98.39,97.58,98.08,98.88,97.52,99.33,97.61,98.46,99.71,98.20,96.75,96.46,98.79,98.32,96.36,98.31,97.46,97.00,98.06,96.79,97.85,97.93,99.03,98.20,99.45,98.35,98.39,98.28,97.98,98.63",88.43899849370787,1.078134451158419,14.636712556071108,0
"2,1,1,2,3,0,1,3,1,2,3,2,2,2,2,1,2,1,1,1,3,2,1,2,2,2,2,1,0,2","95.28,94.74,96.24,94.54,92.55,93.16,98.29,95.08,94.85,93.61,94.93,96.13,94.19,98.94,95.63,95.46,96.91,97.13,100.00,92.45,99.00,94.87,94.66,97.84,96.25,96.67,100.00,98.90,95.04,92.86",63.965520447474645,0.6083204633058592,14.892040853338045,4
"1,0,1,0,1,0,1,0,1,1,0,0,0,1,0,0,0,0,0,0,0,1,1,0,1,1,0,0,1,1","95.22,97.11,95.67,96.98,96.21,96.11,97.17,98.40,98.05,97.17,97.08,95.60,96.76,96.58,96.81,97.05,98.32,97.56,95.40,95.92,96.72,97.02,97.79,97.31,97.31,97.34,96.37,95.69,98.20,95.73",46.79995501977897,0.9281379636282925,15.67589657229761,2
"2,3,2,2,3,2,2,1,2,2,2,2,2,2,2,2,2,2,1,1,2,2,3,2,1,3,1,2,2,2","97.13,98.90,97.06,98.04,97.96,98.91,97.07,97.76,98.56,97.33,98.21,97.78,98.05,98.69,98.70,97.21,99.08,97.91,98.65,98.30,98.92,96.75,98.41,97.89,98.90,97.90,97.56,98.14,97.44,99.35",66.57666791984707,0.8239267596955153,15.042694499152427,0
"2,2,2,2,1,2,2,2,1,2,3,2,2,3,2,1,1,2,2,1,2,1,2,2,1,3,2,2,2,2","89.19,88.94,88.81,86.82,91.29,82.97,89.10,85.33,85.45,82.31,97.72,86.43,89.51,89.45,91.59,95.42,79.61,88.54,87.92,93.99,90.89,88.07,87.43,85.40,89.77,83.04,91.17,91.45,91.97,87.71",26.066562982016492,0.7642662696153634,15.185385230100321,6
"1,2,1,1,2,2,1,3,0,1,0,0,3,2,2,1,2,1,3,2,0,2,2,3,2,2,0,0,2,2","96.18,91.77,94.96,93.17,95.47,91.63,95.89,97.61,94.48,98.34,95.59,94.29,95.49,96.57,97.21,92.98,96.90,98.02,98.10,92.90,96.58,93.38,95.60,97.14,96.37,92.98,98.08,94.08,93.50,96.84",52.343576239392824,0.8675078481702887,14.336926063341616,7
"2,2,1,2,2,3,3,2,2,3,3,2,2,2,1,2,2,2,2,1,2,2,2,2,2,3,2,3,2,2","97.87,98.07,97.76,98.77,98.07,97.07,99.39,97.55,97.37,98.59,97.55,98.88,97.09,98.18,98.98,98.23,96.37,98.93,98.06,98.11,98.20,97.18,97.99,99.27,96.41,98.14,97.91,99.15,97.11,97.50",50.201853111638876,0.735895561369334,15.35644044404163,0
"2,1,1,2,1,1,2,1,2,2,2,1,2,1,0,3,2,1,2,1,1,1,2,2,3,3,2,0,1,1","97.19,91.60,96.52,94.72,95.59,95.30,98.81,95.18,95.63,95.76,95.44,93.84,98.97,100.00,95.41,96.12,90.82,94.29,93.46,96.97,99.45,95.70,100.00,95.37,91.68,92.27,97.15,96.07,95.68,97.70",56.07662577320684,0.860935941846551,15.04972931768421,7
"0,0,1,0,0,0,0,1,0,0,0,1,0,1,1,1,0,1,0,0,0,0,0,1,1,1,1,0,1,0","98.37,98.10,95.08,97.69,97.06,96.90,95.22,96.31,97.18,95.98,96.09,96.38,96.36,97.51,96.11,97.52,95.67,97.01,96.35,96.68,98.16,98.07,96.84,97.77,96.56,97.71,97.88,95.90,96.31,94.99",50.3310464976541,0.6001197876777071,15.654351823931318,2
"1,2,3,1,2,2,1,3,1,2,2,1,2,2,1,1,1,1,1,2,3,2,1,1,2,3,2,2,1,1","82.99,85.67,86.68,95.34,85.13,88.93,89.81,90.26,88.46,84.76,83.51,85.42,87.40,78.60,86.13,91.11,92.96,89.47,90.84,89.84,85.41,90.42,85.75,90.95,93.56,95.61,89.82,83.29,87.61,85.96",18.040063846798372,0.7418127057045921,14.902102075847399,6
"1,2,2,2,2,2,2,3,1,1,2,2,2,2,2,3,3,2,2,2,3,2,2,2,2,3,1,2,2,2","98.91,98.08,98.08,98.80,97.68,99.01,98.71,98.97,98.56,96.93,98.43,98.01,97.41,97.48,98.51,96.96,97.63,99.38,99.53,97.79,96.68,96.36,99.28,99.31,98.21,97.86,98.16,99.19,99.35,97.54",76.998030823201,0.6766098587619526,15.60489407965542,0
"2,2,1,3,2,2,2,1,3,2,2,2,1,1,1,2,1,1,3,3,2,3,1,2,1,1,3,1,2,2","97.17,98.00,98.62,98.23,97.69,99.23,98.50,99.97,99.04,98.73,98.89,98.13,97.54,98.63,97.38,97.48,97.50,98.62,99.27,97.39,96.78,99.31,97.23,97.77,98.55,99.53,97.57,98.03,98.59,99.13",81.61275082073182,0.6902422343786431,15.001883128005899,0
"2,2,3,2,3,1,2,2,2,1,2,1,1,2,2,2,2,2,2,2,2,2,1,1,2,2,1,2,2,3","97.83,98.46,97.06,96.60,97.87,96.59,98.41,97.08,98.75,97.75,98.32,99.09,97.95,98.77,99.90,98.08,99.88,97.67,96.71,99.28,96.94,97.43,98.40,98.46,97.16,99.77,97.04,98.15,98.32,97.52",52.53031181631367,0.717250636586605,15.667882641198494,0
"2,1,2,2,2,2,1,1,3,3,3,2,1,1,3,3,2,1,1,1,1,1,3,3,2,1,1,3,1,1","91.27,88.44,96.27,95.57,92.17,98.50,93.07,92.39,91.99,93.26,89.77,90.55,92.17,89.13,99.11,91.46,90.88,89.29,92.28,90.82,90.32,92.04,96.39,85.32,95.47,95.60,91.69,90.51,89.03,93.60",38.14320361254522,0.8299755180502704,15.146291916649862,1
"2,3,2,3,2,2,3,2,1,3,2,1,2,1,3,2,2,2,3,2,2,2,2,1,2,1,2,2,1,2","98.31,96.92,98.25,97.10,99.42,96.99,97.53,99.59,96.87,98.70,99.72,97.71,98.09,97.03,98.29,98.84,98.89,99.43,97.36,97.40,99.25,99.24,98.85,98.67,96.49,99.40,97.98,98.93,97.70,97.51",73.90350719509904,0.7641489114349939,15.015016854706403,0
"0,3,3,2,1,2,3,1,3,2,2,1,1,0,3,2,3,3,3,2,1,2,3,3,1,2,2,2,1,1","90.53,93.03,94.66,91.52,93.97,89.55,87.78,94.92,90.06,91.98,90.34,90.81,88.11,93.44,91.28,90.55,84.86,93.00,89.22,88.48,92.10,92.34,86.85,93.62,90.17,94.07,91.73,90.75,84.79,95.64",42.929918648547066,0.8546394111693592,15.198337326437674,1
"3,1,1,1,2,3,3,2,3,1,1,1,2,0,1,1,2,1,0,3,2,1,0,1,1,1,1,0,1,2","93.68,92.96,97.04,98.40,95.48,96.43,98.01,91.32,96.64,97.68,95.93,94.32,95.35,97.41,96.58,100.00,95.43,96.14,94.13,97.17,90.31,98.92,96.62,90.44,99.34,97.39,95.80,96.75,95.86,95.18",54.38015063665783,0.6181298575703802,15.080274077373307,4
"3,0,0,0,0,1,1,3,2,0,1,1,3,0,1,2,0,2,1,3,0,1,1,1,1,2,1,1,1,1","97.08,94.43,95.71,95.78,95.00,98.17,94.38,97.01,95.93,100.00,94.15,97.79,96.69,94.91,98.95,91.95,94.83,93.33,93.38,96.79,96.27,95.21,98.17,96.86,94.75,97.32,96.35,94.79,95.97,94.24",55.77072840483317,0.9438485385711404,16.016911038278202,3
"1,1,2,1,2,2,0,0,1,3,2,2,1,1,3,2,2,1,1,3,0,2,0,2,1,1,2,1,1,3","93.95,93.73,93.47,93.85,92.94,96.56,95.70,94.88,92.41,95.69,92.18,92.86,96.97,92.83,95.64,95.69,95.94,96.16,100.00,91.16,94.87,96.30,92.18,93.31,97.46,94.12,95.60,97.54,99.58,99.79",51.36589186076556,0.8977960239151344,15.061062112569145,4
"0,0,1,1,1,0,0,0,1,0,0,1,1,0,0,1,0,1,0,0,0,1,0,1,1,1,1,0,0,0","95.34,97.86,97.37,96.01,96.14,97.48,95.90,96.90,95.76,97.24,99.09,97.45,97.18,97.46,96.73,96.57,95.61,97.11,96.91,96.00,96.44,97.27,96.95,97.90,98.48,98.01,97.68,97.64,98.42,97.82",47.44453875604271,0.6717704838053372,15.09567002945242,2
"1,1,1,2,2,1,0,2,3,1,3,1,1,1,0,0,1,1,0,2,2,3,0,2,3,1,0,3,1,0","95.46,93.69,94.89,93.40,95.78,97.10,92.41,96.86,98.73,98.02,100.00,93.76,98.51,96.45,96.51,95.46,96.75,96.90,92.23,93.78,98.20,96.37,93.86,98.40,95.17,94.99,97.58,92.88,95.52,98.32",62.623532115516745,0.8789988893207804,15.644653961654864,7
"1,1,2,2,2,2,3,2,2,2,2,1,2,2,3,2,2,2,3,2,2,1,2,2,2,2,3,2,2,1","97.77,98.25,98.60,98.42,96.54,98.68,97.70,98.33,99.15,96.98,96.98,98.39,97.51,97.65,98.22,98.95,99.36,97.85,99.73,98.92,98.45,96.77,97.32,98.40,97.57,98.82,98.24,99.06,98.91,97.90",84.27664635307443,0.8685018697119349,14.694156656808975,0
"2,1,2,3,2,1,1,2,3,3,2,2,2,1,2,1,2,2,2,1,3,1,2,2,3,1,1,2,2,3","89.12,95.54,91.78,95.44,85.52,90.05,84.01,87.08,91.79,92.98,91.66,94.21,82.00,87.85,92.36,96.81,88.95,86.31,87.59,85.14,88.91,88.13,90.13,90.65,92.85,86.72,94.00,88.96,80.70,86.67",30.80143772875155,0.8707160205283226,15.591788550427657,6
"0,0,1,0,1,1,1,3,2,1,1,1,0,1,1,0,2,1,2,2,2,2,2,3,0,2,2,3,2,3","97.84,90.85,99.65,95.84,92.53,94.65,95.69,96.81,95.39,94.82,96.70,95.73,95.69,100.00,94.44,94.80,97.98,97.31,94.88,96.87,98.22,91.51,100.00,98.57,98.05,99.27,96.68,97.11,96.86,97.47",59.814084635136204,1.2286730647685196,15.317839561433084,7
"2,1,2,3,2,2,1,3,2,1,2,2,2,3,2,2,2,2,1,2,2,2,3,2,2,2,1,3,2,2","97.41,99.10,99.31,95.94,99.30,97.90,97.84,97.86,97.59,98.76,97.49,96.21,98.54,97.91,97.95,98.72,96.91,97.04,98.72,98.94,96.78,98.10,97.66,97.12,98.61,97.04,96.44,98.42,97.94,97.88",69.99635068399859,0.8430092429796648,14.554733573131434,0
"3,2,2,2,2,2,3,2,2,2,1,1,2,2,3,3,1,3,2,3,1,1,3,0,0,0,0,0,1,2","95.51,91.88,90.98,96.59,93.98,90.38,95.09,86.28,83.90,89.01,87.01,90.84,89.69,93.88,93.40,87.94,93.76,88.12,93.36,93.84,92.74,94.70,93.01,91.31,95.62,94.09,93.16,88.64,89.03,93.53",35.25184011544809,0.642690751817567,14.476307774424772,1
"1,3,3,1,0,1,2,2,2,1,1,1,0,1,2,1,2,2,1,1,1,1,1,0,1,2,0,2,1,0","94.49,94.87,95.72,94.85,99.91,95.38,99.00,99.54,97.39,98.35,96.79,97.45,97.99,93.61,96.22,97.05,97.08,96.18,99.29,94.52,95.42,96.37,95.14,97.04,92.84,93.04,92.74,94.23,93.97,95.98",72.2490782983702,0.8397826464770415,15.042928119398688,3
"0,1,0,1,0,0,0,0,0,1,1,0,0,0,1,0,0,0,1,1,0,0,1,1,0,0,0,1,0,0","96.32,97.64,95.59,97.39,96.38,96.54,97.19,98.75,97.99,97.11,99.79,97.34,98.04,96.38,95.24,97.06,96.15,97.06,96.85,96.58,96.58,97.38,95.82,95.70,97.54,96.98,96.52,97.38,96.50,96.88",31.556216226303917,0.7619390830722019,14.888906057656843,2
"2,2,2,3,2,3,1,3,1,2,3,2,2,2,1,3,1,1,1,0,1,1,1,2,3,3,3,1,2,2","91.82,94.48,99.21,96.69,97.27,95.82,92.57,98.34,94.45,97.11,94.57,98.01,96.93,96.56,96.84,92.57,94.95,93.22,94.17,93.72,96.70,97.71,100.00,94.58,94.62,97.60,95.98,97.16,96.26,96.50",41.23571951984076,0.9264626907630248,14.900342107970449,7
"2,0,3,1,1,0,2,0,2,2,0,1,2,1,1,3,3,2,2,2,2,1,0,2,2,1,1,3,1,0","97.52,99.24,94.06,93.35,95.15,95.46,92.78,99.49,96.83,94.98,97.46,96.89,95.24,91.23,95.49,93.37,94.24,94.00,97.93,95.87,96.32,93.61,96.51,94.62,98.11,97.00,97.17,96.79,96.51,99.58",48.04667982673061,0.9483489350274484,15.130497974757136,3
"0,0,1,1,0,0,1,0,1,0,1,0,1,0,0,0,0,1,1,0,0,1,1,0,0,1,0,0,0,1","98.41,97.79,96.03,98.30,96.51,97.25,95.61,97.57,96.77,97.19,95.18,97.25,96.34,97.04,96.15,97.07,96.77,98.31,96.37,96.47,95.83,97.25,97.95,96.31,96.22,95.45,98.18,94.95,96.20,96.29",55.74021754715209,0.8575369842268953,15.92085690014994,2
"2,1,2,2,2,3,2,1,3,2,2,1,2,1,1,3,1,1,2,3,2,1,1,1,1,2,2,2,2,2","93.92,90.09,87.50,86.93,94.26,83.97,89.55,92.21,86.78,89.84,88.62,90.31,96.42,89.35,87.66,82.64,88.39,90.02,90.05,86.80,87.15,87.78,94.16,80.85,83.57,90.68,84.79,89.53,96.90,86.25",35.66476648263902,0.8038840102829824,16.038402101966373,6
"3,1,1,2,1,2,2,2,2,2,2,3,2,2,1,1,2,1,2,3,1,1,3,1,1,1,2,2,2,3","87.88,90.08,88.76,84.79,89.09,91.82,80.43,81.14,93.57,80.78,87.69,87.96,91.81,96.87,87.78,94.75,85.77,86.77,85.59,85.93,89.58,88.19,88.56,89.95,90.54,82.18,92.70,85.45,91.31,87.93",49.27992647870359,0.8791495619349863,14.30641491330119,6
"0,2,1,2,2,3,3,2,2,1,2,3,3,2,0,2,3,2,3,0,1,2,1,2,1,0,2,3,2,1","94.78,95.94,94.73,94.76,96.64,98.17,95.18,97.45,90.71,98.50,94.36,96.87,95.04,99.46,95.73,94.35,97.13,95.96,99.78,95.47,96.90,94.94,96.49,95.00,95.26,93.71,94.17,96.55,92.27,95.01",61.36125408555566,0.8534641586851313,14.981006499823314,5
"1,1,2,1,2,2,2,3,3,2,0,3,3,2,3,2,0,3,1,1,2,0,3,2,1,2,2,3,2,1","89.31,92.53,91.05,91.19,91.66,95.15,95.06,92.06,98.40,94.61,93.45,87.73,85.91,93.58,91.75,93.71,88.46,91.67,95.49,93.06,87.32,95.18,89.79,94.46,89.52,95.53,86.93,95.71,89.99,93.14",39.12453838049831,0.9010094543957197,15.192392688822213,1
"3,1,1,2,1,0,2,0,2,2,2,1,3,1,0,3,0,1,3,3,2,2,2,3,2,1,0,0,2,1","96.88,95.19,96.06,95.68,94.67,97.24,96.25,96.98,94.09,96.13,95.75,96.22,96.96,97.79,99.53,94.99,99.00,95.11,96.82,97.59,94.52,93.42,95.57,95.79,92.61,96.94,95.80,95.89,94.47,93.43",58.56344471787223,0.9117602553230566,15.349981700816299,3
"1,2,0,1,2,1,2,1,3,0,3,1,1,1,2,2,2,1,1,0,2,3,2,3,1,2,0,3,2,0","93.73,94.46,96.36,95.35,94.29,95.79,97.18,92.75,96.07,94.69,96.36,94.99,96.03,96.16,94.80,99.31,93.47,94.53,97.67,95.53,98.71,97.55,95.74,96.94,93.79,93.46,96.27,99.72,96.17,93.72",75.99535425993105,0.5705079061342331,14.590123502019274,7
"2,3,2,3,2,2,2,2,1,1,2,1,2,3,3,3,3,2,3,1,2,2,1,3,3,2,1,2,2,2","98.14,98.35,98.11,97.25,99.19,99.02,98.37,98.23,97.77,97.94,97.18,97.85,96.49,97.32,97.82,99.08,97.83,98.11,97.57,98.96,97.20,98.28,97.70,97.96,97.28,97.50,97.74,98.48,98.22,99.59",61.5766387897789,0.8688152800417895,14.87592167948384,0
"0,1,3,2,1,2,1,1,1,1,3,1,2,1,2,0,0,2,2,1,1,3,3,1,2,1,3,3,2,1","88.59,94.22,94.37,91.14,94.81,84.17,96.02,95.39,96.36,91.29,93.02,94.05,90.69,93.95,89.23,89.48,91.12,94.12,95.72,94.10,99.57,96.32,91.47,91.69,97.44,90.29,88.31,89.29,90.36,91.01",63.384373188798236,0.5874321072101262,14.987198089211791,1
"2,1,3,1,1,2,0,2,2,3,2,0,2,3,3,0,1,2,2,1,3,3,3,1,2,2,0,1,2,2","94.68,100.00,97.73,94.65,92.07,93.60,96.57,97.26,98.98,100.00,98.15,95.41,96.97,95.83,99.26,98.03,98.02,97.10,96.48,92.75,95.04,95.11,97.63,97.61,99.71,94.89,98.83,95.83,97.36,93.30",49.94440856887412,0.9431498716058626,15.184129621502223,4
"0,0,0,0,0,0,0,0,1,1,1,1,0,1,0,0,0,0,1,1,0,0,0,1,1,1,0,1,1,1","96.48,97.08,97.89,96.08,96.32,97.39,96.31,97.34,96.81,97.85,96.45,96.51,97.90,96.87,97.12,97.50,96.70,95.92,96.09,98.15,96.57,98.88,97.22,94.81,98.13,95.08,97.31,97.67,96.41,95.95",64.56586924373755,0.5717286652141903,15.179229700625992,2
"2,1,3,1,1,1,1,2,1,1,2,2,2,1,1,2,1,2,0,3,3,2,2,1,2,0,2,2,3,2","98.41,94.99,94.46,97.29,95.60,95.75,94.52,93.47,98.50,95.35,95.07,94.14,96.51,100.00,93.27,97.43,95.62,100.00,93.65,95.47,91.60,95.27,98.21,97.95,97.11,100.00,96.61,95.80,98.03,94.57",62.27068602924146,0.7931313746740329,15.204657833909913,4
"2,2,2,2,2,1,2,3,2,2,2,1,2,2,3,2,3,2,2,2,3,2,2,2,3,2,1,3,2,2","98.82,97.71,98.54,97.31,96.49,98.77,97.02,97.97,97.52,98.18,96.64,97.42,99.58,97.34,97.54,97.79,99.10,99.20,97.88,98.58,97.38,96.43,97.61,97.46,96.37,98.88,97.29,99.00,98.37,98.16",68.64473731271266,0.8952531727551648,15.360334085747576,0
"1,1,1,1,3,2,2,2,1,1,2,2,3,2,1,3,1,2,2,2,2,3,1,3,2,2,3,2,3,2","97.53,96.90,98.34,97.37,98.28,97.39,97.41,98.71,96.48,97.21,98.51,98.85,98.98,98.38,97.79,97.83,98.71,99.54,97.91,97.10,96.60,98.12,98.06,97.39,98.28,97.22,97.55,98.51,97.44,97.10",73.18743345312186,0.8977531115325671,15.236768930021684,0
"2,3,0,2,3,2,2,1,1,2,1,2,1,2,1,2,2,1,3,3,1,2,1,1,2,1,1,0,3,1","94.90,94.37,96.39,91.22,93.15,92.64,93.38,90.60,94.89,89.72,88.03,90.53,94.68,95.13,89.54,88.86,86.18,91.75,90.31,93.19,90.81,95.86,94.99,94.69,93.17,92.83,93.96,93.19,94.80,92.83",68.65975342237904,0.8627513791273874,14.317970086891398,1
"1,2,2,2,3,2,3,2,0,1,0,2,1,2,1,2,2,1,1,1,0,3,3,2,2,2,2,2,1,0","95.64,99.67,94.49,97.09,96.41,95.74,100.00,90.93,97.42,94.43,94.21,97.76,97.46,94.52,97.23,96.27,96.36,93.97,95.25,95.88,95.33,95.91,94.33,95.08,96.22,96.37,97.51,97.26,97.63,93.07",75.49745502954248,0.7258748502580771,14.256212185179143,3
"0,1,1,1,1,0,1,0,1,1,1,1,0,1,0,0,1,1,0,0,0,1,0,0,0,0,0,0,0,0","97.60,99.12,97.51,96.66,97.78,96.60,97.12,97.52,96.53,96.74,97.59,98.03,96.72,95.00,97.78,96.54,98.15,98.55,95.54,95.38,98.92,96.71,96.45,96.92,96.71,97.54,95.60,97.01,94.33,96.53",73.59981457417985,0.6918408349255011,15.052790913626808,2
"0,0,0,1,1,0,0,0,1,0,0,1,0,0,0,0,1,1,0,0,0,1,0,1,1,0,1,0,0,1","95.65,98.60,97.55,96.50,95.58,96.05,99.59,96.73,97.06,95.72,97.88,97.99,96.70,98.52,97.95,97.58,97.14,96.50,96.31,97.37,96.59,96.11,97.16,96.40,95.79,95.68,97.76,96.48,96.67,96.81",73.00624521833248,0.7020616807197156,15.234737302439447,2
"2,1,3,2,1,2,2,3,1,2,2,2,1,2,2,1,3,2,1,1,2,2,1,2,2,3,2,3,2,2","98.23,98.60,99.19,97.95,98.84,99.28,98.04,96.98,98.59,97.43,97.73,98.61,98.22,98.41,98.17,99.44,97.61,96.76,97.91,98.56,97.56,98.10,96.61,98.03,98.43,97.53,96.96,99.26,97.84,97.90",74.9460630348021,0.7532189587283843,15.414466395251424,0
"1,1,2,3,1,1,1,1,3,1,1,1,1,3,2,0,2,1,3,2,3,2,1,2,3,1,3,1,2,0","95.48,87.46,98.83,89.16,95.33,93.78,93.44,96.14,96.94,91.45,93.45,95.54,91.13,94.22,95.94,92.90,93.67,89.46,90.98,100.00,90.73,98.39,91.27,96.00,88.79,85.82,99.73,91.79,88.20,92.06",59.04578024082557,0.9885318683946003,14.728188038044348,1
"2,1,1,2,1,1,2,2,2,2,2,1,2,2,2,2,1,2,3,1,2,1,2,1,2,3,3,3,2,2","98.34,97.97,97.74,97.98,98.17,97.58,98.97,99.38,99.01,97.50,98.18,97.30,96.98,97.43,97.45,98.29,97.21,98.93,98.02,97.39,98.85,98.75,98.93,98.19,97.66,98.62,98.36,97.47,98.61,97.95",67.61907489452906,0.566804436555644,15.612504078169852,0
"2,2,0,3,1,2,2,1,2,0,2,2,0,2,3,2,2,2,1,1,2,2,1,3,1,2,0,1,2,3","94.32,95.56,98.20,93.52,94.53,94.64,99.21,98.98,95.76,96.23,98.41,98.12,98.13,96.98,100.00,95.84,98.35,95.30,95.39,91.89,94.85,97.41,94.33,96.43,95.71,94.21,98.72,97.69,96.47,97.44",36.07841942441654,0.8308913857328193,15.434185084732205,3
"0,0,0,0,0,0,1,0,1,1,0,0,0,0,0,0,0,0,1,1,0,0,0,0,1,1,1,0,0,0","98.32,96.59,97.72,96.24,96.44,97.01,96.76,94.56,98.33,97.00,97.70,97.99,95.96,96.44,95.71,96.02,97.19,96.90,97.16,95.50,97.10,96.76,96.47,96.80,96.76,99.08,98.26,97.21,96.86,95.85",42.30367650559257,0.7444874783395152,15.00467504087167,2
"1,1,0,0,0,1,1,0,1,1,0,1,1,1,0,1,0,1,1,1,0,1,1,0,0,0,1,1,0,1","96.34,97.76,97.38,96.67,96.77,97.43,96.59,95.92,96.62,96.54,96.16,95.83,94.86,97.42,95.66,96.78,96.64,95.54,95.56,95.44,97.66,97.66,95.74,96.48,97.23,97.43,97.24,97.51,96.86,99.35",59.97046974789774,0.7852782688855207,14.920271136280457,2
"0,0,0,1,0,0,0,1,1,1,0,1,1,1,0,1,1,0,1,1,1,0,1,0,1,0,1,0,1,0","96.98,97.95,95.21,97.23,95.84,96.82,97.97,94.48,96.66,95.94,95.87,97.84,96.42,98.42,97.48,98.42,97.60,96.74,97.22,98.21,96.81,95.76,97.65,95.33,97.46,98.16,97.97,97.06,95.77,96.48",69.32871703206115,0.8407810801680267,14.420780685910819,2
"3,3,2,2,1,1,2,2,3,2,2,2,2,1,2,3,2,1,2,1,2,2,3,2,2,2,1,2,2,2","98.25,99.98,99.14,97.63,96.95,98.71,97.46,97.78,97.94,98.11,98.54,98.77,97.12,97.80,98.05,98.84,97.37,98.13,97.60,97.75,98.13,97.45,99.15,97.58,98.51,97.31,97.08,98.11,98.23,97.45",57.631706009796964,0.7985059144835309,15.128852863240942,0
"2,2,2,3,1,3,1,2,3,2,3,3,1,3,2,3,2,2,3,3,2,2,1,1,2,2,3,2,3,2","98.07,97.61,97.63,97.33,97.45,97.82,98.03,98.12,98.93,97.36,98.64,99.89,97.69,98.04,98.59,97.57,98.12,98.90,99.22,98.60,98.06,98.12,96.21,98.83,97.91,98.19,98.44,97.78,97.29,99.06",72.18248070610035,0.6926940500425265,15.092446448240786,0
"3,1,2,2,3,2,1,2,3,2,1,0,3,3,0,1,2,2,1,2,1,2,3,1,2,3,3,3,3,1","94.49,90.61,94.75,93.47,96.71,91.89,93.55,94.96,94.23,89.01,95.64,89.81,94.58,93.37,93.73,93.79,95.07,94.73,93.46,91.27,95.18,91.12,86.29,92.75,96.80,99.05,94.41,91.10,88.36,95.39",32.6820847578536,0.9001622055947361,15.467836848738738,1
"1,2,3,1,1,2,3,2,3,3,2,2,3,2,2,2,2,1,2,2,1,3,2,2,2,2,3,2,2,2","97.67,98.07,96.75,98.54,97.21,99.63,98.12,97.99,98.25,98.99,98.68,98.50,98.20,97.69,98.39,97.11,98.93,97.81,98.30,97.67,97.15,98.52,97.24,98.62,97.60,97.68,98.49,97.44,98.06,99.10",67.44823495685517,0.8685293770508742,14.840949161042479,0
"0,0,1,1,1,0,1,0,0,0,1,0,1,0,0,1,1,1,0,0,1,0,1,1,0,0,1,0,0,1","98.60,96.45,97.67,97.23,96.34,95.92,95.99,97.62,96.02,94.74,96.54,96.38,97.95,96.73,95.59,97.61,96.45,96.92,96.02,96.32,96.34,96.40,95.94,96.75,96.28,96.55,98.01,96.67,98.09,93.82",52.99491032303478,1.0735585940851529,15.04646487294181,2
"1,2,2,3,3,2,3,2,2,3,2,3,2,3,3,2,2,2,2,2,2,3,1,3,2,3,2,1,2,3","97.22,98.19,97.53,98.52,97.34,97.13,99.13,97.35,98.89,96.69,98.27,98.34,98.35,98.68,97.38,97.25,98.95,98.17,100.00,99.68,97.36,97.59,97.08,97.20,96.30,98.51,97.73,98.81,96.15,97.47",48.242215148349615,0.849163630929743,14.925038574270648,0
"2,2,2,1,2,1,2,3,1,1,3,2,2,2,2,2,2,2,1,2,2,1,2,2,2,2,2,3,1,2","98.54,98.08,98.92,97.51,97.47,98.25,97.38,97.62,98.39,97.80,98.62,98.01,98.21,97.67,97.86,99.61,99.69,96.91,97.56,97.94,97.58,97.97,97.03,98.76,97.18,96.75,98.82,97.03,97.97,98.74",68.93597892680178,1.0527213712012182,14.756023115229274,0
"3,2,2,2,3,2,3,3,2,2,2,1,3,1,1,2,1,1,3,2,2,2,3,2,2,2,2,2,2,1","98.56,97.38,97.39,98.58,98.21,96.37,98.14,99.24,96.99,98.29,99.06,98.72,98.01,97.83,97.18,97.55,95.78,97.41,98.81,98.63,98.91,95.92,97.44,98.03,97.35,98.22,99.12,98.31,98.47,98.58",56.41564372332628,0.7319862738458037,15.047497031065642,0
"1,2,3,3,1,2,2,1,1,2,2,2,2,2,3,2,3,3,2,2,3,2,2,2,2,2,2,2,2,2","97.33,97.74,97.66,98.52,97.47,96.02,98.87,99.44,97.99,97.39,98.65,97.55,98.07,97.15,98.20,97.02,97.37,98.01,99.37,97.92,98.75,98.43,98.46,97.82,98.06,98.52,97.64,97.95,99.17,97.98",60.61722540516288,0.8379127289340558,15.023086562559968,0
"1,1,2,3,3,1,2,3,2,2,3,1,3,1,2,0,0,3,0,1,2,1,2,0,2,1,1,2,2,2","97.74,88.43,88.50,97.84,95.19,95.89,91.54,93.05,98.11,91.55,96.26,86.98,88.38,87.36,88.61,90.34,90.26,88.27,92.26,91.99,97.39,94.35,88.94,85.32,93.77,89.15,90.62,91.76,95.01,93.51",32.784477412752516,0.7108918522782381,14.607426815784441,1
"3,2,1,3,1,3,2,2,2,2,1,0,0,0,3,0,2,1,2,3,1,0,1,3,2,0,2,0,3,0","94.88,93.82,94.98,95.09,97.01,91.52,95.58,96.44,97.32,96.60,96.17,95.05,96.49,93.42,98.36,93.73,97.39,93.58,95.29,94.47,99.87,97.46,95.50,95.27,97.41,96.56,96.08,96.27,94.84,96.08",63.68415590732657,0.9431727766994876,15.063919142800158,5
"0,1,0,1,2,2,2,2,2,1,1,1,1,2,1,2,1,0,1,1,2,1,1,1,1,3,2,0,2,1","90.73,96.90,95.24,92.73,95.76,95.30,95.82,99.39,93.70,94.98,98.38,94.81,97.54,96.43,96.28,94.11,98.07,93.96,96.31,94.76,97.25,92.13,94.81,94.48,91.68,98.66,93.49,95.99,93.38,96.38",51.60992430986684,0.7451119715275276,14.835976755365333,5
"3,2,2,2,2,1,1,3,2,1,1,1,2,2,1,2,2,2,2,2,3,2,2,2,2,3,3,2,2,2","97.12,97.99,97.72,98.98,97.61,97.22,98.00,99.41,99.31,98.75,97.86,97.74,98.33,99.09,98.56,97.88,98.19,98.10,97.83,97.28,98.63,98.37,98.59,97.02,98.91,98.33,99.35,97.95,96.98,99.49",65.71748060040073,0.8643054892939824,15.322107905049764,0
"2,3,2,3,1,2,3,2,2,2,2,2,1,2,2,1,2,2,2,2,2,3,2,2,2,1,2,2,2,3","98.28,98.68,97.45,97.10,97.02,98.34,96.82,98.40,97.86,98.23,96.52,98.60,98.95,97.55,99.29,97.89,96.46,99.12,98.48,98.52,97.53,97.83,98.42,97.28,97.99,98.17,98.33,98.84,98.91,99.04",75.57489832641406,0.5775428892185883,14.936667490874331,0
"1,0,0,0,0,0,1,0,0,0,0,0,0,1,0,0,1,0,1,0,0,1,1,1,0,1,0,1,1,0","95.54,96.29,97.00,95.47,97.04,96.83,99.04,97.87,96.48,97.68,98.51,96.63,96.62,95.89,98.29,96.34,97.74,96.04,97.19,97.35,96.51,98.35,96.37,97.77,97.18,97.50,95.32,97.09,97.08,96.24",46.4106465539148,0.7297283753055538,15.831400588567005,2
"1,2,1,2,3,1,3,2,2,3,1,2,3,2,2,2,2,2,1,2,3,2,2,3,2,2,2,1,2,1","98.04,97.78,97.64,98.59,97.66,98.08,97.94,98.95,97.72,99.66,97.65,98.83,96.59,97.91,97.93,97.22,98.66,99.45,98.45,98.47,97.91,98.73,98.72,98.43,98.74,98.77,97.64,97.79,98.08,97.29",68.11598739020708,0.5595916112326403,15.75021755060673,0
"2,1,1,2,2,2,3,2,1,1,1,1,1,2,1,2,2,1,2,1,2,2,2,2,1,2,3,3,2,1","83.18,92.44,90.76,88.28,84.57,98.61,92.32,86.16,84.44,85.69,90.27,84.84,89.49,83.01,89.60,87.11,91.57,85.14,92.19,88.76,87.17,85.81,92.86,86.83,86.61,84.82,89.50,87.33,91.10,88.24",16.588214098317522,0.852751244206145,14.929660158324491,6
"1,2,0,2,0,1,0,1,3,3,1,1,0,1,1,1,0,2,1,2,1,1,2,2,3,2,1,3,0,1","95.85,94.90,95.53,94.72,93.78,95.32,96.26,95.39,98.64,93.83,96.31,95.52,91.84,95.71,100.00,93.98,95.39,97.39,97.24,95.55,92.29,96.16,95.99,98.68,95.07,94.39,97.42,96.88,96.32,92.46",64.99184090873004,0.9323537052508969,14.615401316307128,3
"2,2,2,2,2,3,2,2,3,2,2,2,1,2,3,2,2,2,1,2,2,1,2,1,2,2,2,3,1,2","97.25,99.14,97.63,98.34,98.06,99.29,97.79,96.97,100.00,96.37,99.15,98.22,98.44,98.03,97.84,96.59,98.69,98.25,99.27,99.29,97.48,98.53,98.33,99.02,98.32,97.41,99.26,98.98,97.47,97.71",75.9313781227965,0.8108458697493894,15.617438063548294,0
"2,2,3,1,3,3,2,1,2,2,1,2,1,2,2,2,1,2,3,1,3,3,2,3,1,2,1,2,2,2","98.59,96.52,98.64,98.79,97.77,95.72,98.65,95.95,97.10,97.92,96.52,98.53,98.59,97.87,98.74,97.57,96.69,97.60,97.21,97.91,97.57,98.21,97.97,97.04,100.00,98.00,97.72,98.21,97.60,97.59",67.57417973008904,0.9645572707025367,15.058325513378117,0
"3,3,2,1,2,2,3,2,3,2,2,2,2,2,1,3,2,3,2,2,3,3,1,1,2,2,2,3,2,2","97.70,97.25,98.13,97.28,97.62,98.88,96.90,96.31,98.55,97.80,99.51,97.41,99.91,99.12,98.00,98.46,97.70,97.32,98.94,97.87,97.57,98.31,97.99,98.78,97.21,98.55,98.91,96.65,98.48,97.50",65.69518496969583,0.7074125759083433,15.519616003442033,0
"2,2,2,2,3,2,1,1,3,1,1,3,1,2,3,1,3,3,2,2,1,1,1,3,2,2,1,2,2,2","97.33,95.71,98.01,98.25,98.23,97.94,97.74,99.33,99.42,98.05,97.23,98.69,97.38,98.35,99.03,97.67,97.83,97.74,97.99,96.44,97.23,98.09,98.09,97.40,97.77,97.10,97.22,96.71,98.93,97.78",65.85008439110302,0.8889854263154663,14.634594117411115,0
"1,0,1,2,1,0,3,0,0,1,0,1,1,2,2,2,0,0,2,3,1,2,3,3,1,1,2,2,3,2","92.54,95.97,94.13,94.20,90.58,96.57,91.40,90.27,93.10,94.28,90.16,89.25,94.59,96.14,90.54,94.57,91.99,95.96,93.76,92.30,89.49,92.47,93.48,94.19,90.93,91.36,93.88,93.37,96.53,89.59",66.44429459028292,0.9310742343029687,14.701337794252662,1
"2,2,1,3,1,2,1,0,2,1,3,0,3,2,2,1,3,1,2,3,3,1,2,0,1,2,0,1,3,3","94.96,96.14,97.65,96.79,97.58,94.33,95.67,95.70,93.23,96.15,94.49,96.92,94.57,93.89,94.49,96.84,97.98,95.68,95.30,97.35,96.43,97.52,97.50,92.44,95.64,94.62,97.79,93.64,95.53,96.45",70.75275802822924,0.6499685287309848,14.075086145755154,4
"2,3,2,3,1,2,3,2,2,2,2,1,2,3,1,2,2,2,1,3,2,1,2,2,1,1,3,3,2,2","96.48,97.41,97.74,98.79,96.50,96.98,98.37,97.52,98.86,97.73,99.24,97.79,95.77,97.11,98.64,98.74,97.20,97.90,98.77,97.27,96.71,97.53,96.85,95.88,99.17,98.03,98.07,97.71,99.67,98.86",59.278775596220726,0.7302788607397334,15.302077682796048,0
"2,2,2,2,1,2,3,3,2,1,1,3,2,2,2,2,2,2,1,2,2,2,1,2,3,2,3,1,2,2","98.53,99.08,98.15,97.56,96.57,97.01,98.16,98.83,98.53,99.08,99.11,96.75,97.96,99.63,99.31,97.50,98.22,96.78,98.52,96.81,97.92,98.08,99.75,97.44,97.39,98.78,97.75,99.61,98.23,98.45",60.937797121364355,0.6193636823773172,15.263273208441515,0
"3,2,2,1,2,3,1,3,1,2,3,1,2,2,2,2,1,3,3,1,1,2,2,1,2,1,3,3,2,2","83.70,80.11,86.21,90.66,84.82,92.42,90.21,90.01,91.51,86.82,79.89,89.26,85.85,81.09,92.09,88.61,90.25,91.39,88.59,90.97,81.65,88.47,83.40,84.13,90.76,81.46,91.50,92.81,92.39,85.44",39.77722110332027,0.8402219896334556,15.172415183625608,6
"2,1,2,2,2,1,2,2,3,2,2,1,1,2,2,2,3,3,2,2,1,2,2,2,2,2,2,2,3,2","97.75,98.22,97.09,96.84,98.91,98.39,98.40,98.28,96.94,98.55,97.71,98.55,98.77,98.13,98.50,99.23,97.36,96.34,95.93,98.88,97.06,96.21,99.02,98.15,97.91,96.64,98.82,98.70,98.20,98.32",64.1001811404661,0.7577676184636715,14.889528743096067,0
"3,2,2,1,1,3,2,1,3,2,2,1,2,2,2,3,1,3,1,2,2,2,1,2,3,3,2,2,2,2","97.79,99.29,96.55,97.11,98.74,98.30,98.70,98.54,97.73,97.92,99.41,98.06,97.10,97.08,100.00,97.96,98.09,98.61,98.37,98.72,98.60,97.27,96.91,96.50,98.16,98.16,98.82,98.06,99.18,98.58",80.92299580187739,0.9360756780778997,14.611820817738977,0
"0,1,1,0,0,0,1,0,1,1,0,1,1,0,0,1,0,0,0,0,0,0,0,0,0,0,1,0,0,0","94.61,97.30,97.41,95.32,98.28,97.62,97.73,97.13,97.96,96.71,97.67,96.33,95.24,97.25,96.86,98.85,96.93,95.96,97.07,95.42,96.10,97.87,98.79,96.98,96.66,96.98,95.36,97.93,97.87,96.96",55.01761773936804,0.6966295673054979,14.730761189232245,2
"2,2,2,0,0,3,1,1,2,3,2,1,2,1,0,1,1,1,1,1,1,0,2,0,1,2,1,3,3,3","89.97,89.29,95.99,93.92,94.11,91.16,93.03,94.99,89.98,87.15,94.62,91.82,89.54,85.46,95.44,90.81,94.76,94.93,93.16,92.79,89.36,88.19,87.66,92.16,96.96,90.62,88.87,96.77,93.20,93.27",42.096336051732955,0.6781590166275382,15.322318198981293,1
"3,3,2,2,1,3,2,3,2,2,2,2,3,2,2,2,2,2,1,2,1,2,3,3,1,2,3,2,2,2","96.92,98.65,98.68,99.09,98.21,99.20,98.46,97.08,98.21,98.79,98.29,97.99,97.24,98.17,98.29,98.62,97.46,98.54,98.78,96.40,97.09,97.71,97.11,97.78,98.05,95.92,97.51,97.10,98.90,97.91",80.56754230601547,0.5929572645281554,15.02673930262038,0
"1,3,2,2,1,3,1,1,2,1,3,3,2,1,2,2,1,2,1,0,2,3,3,2,2,3,2,2,2,2","93.46,96.94,96.05,97.33,96.07,97.50,92.98,93.45,94.38,95.71,96.13,97.29,94.14,98.05,98.82,92.06,99.79,94.44,93.31,94.29,94.43,97.01,95.72,96.28,94.29,95.25,97.69,91.04,92.81,93.64",49.657166566330524,0.802151051334286,14.797440258747883,3
"3,1,3,2,1,0,3,3,1,3,1,3,1,0,3,2,1,0,2,2,1,1,0,2,2,3,1,1,1,3","98.62,91.58,95.70,93.75,96.69,98.36,92.59,93.14,96.97,99.58,96.36,94.40,97.07,93.16,92.59,96.77,95.72,97.31,96.81,95.17,97.81,96.50,91.89,95.09,94.49,96.66,94.36,93.46,94.00,97.32",61.00682907464581,0.6571025388109912,15.129640545879196,4
"0,1,1,1,1,1,2,1,2,2,1,1,2,1,1,2,1,3,1,3,0,1,2,2,2,0,2,2,2,3","93.61,96.68,97.41,99.80,99.32,97.82,92.29,96.13,94.77,96.74,96.23,94.67,97.91,98.52,96.75,94.68,100.00,95.52,94.91,94.99,95.89,97.11,95.74,94.35,93.46,97.10,93.56,96.34,93.06,97.17",67.1482606896248,1.0646367039226925,15.033208887621635,5
"1,0,2,1,2,1,2,0,1,1,1,3,2,2,1,1,3,3,2,2,0,1,2,0,1,1,1,0,1,2","94.25,97.68,97.34,96.55,98.44,95.53,97.70,95.90,96.09,92.88,94.28,98.33,97.09,94.81,95.77,95.81,95.80,94.78,97.67,93.55,97.83,97.58,96.00,98.26,99.23,97.48,96.38,96.95,98.65,95.19",64.64388213646416,0.4352224407283451,15.163525158803115,4
"1,1,1,1,1,1,0,1,1,3,2,3,1,3,1,2,1,1,2,1,2,1,1,1,1,2,2,2,2,2","93.77,96.89,100.00,97.65,92.55,96.81,96.47,98.01,96.52,91.43,96.01,93.76,96.87,93.70,94.98,97.96,100.00,97.18,94.68,98.37,93.76,94.07,94.64,93.96,95.24,95.34,94.06,96.31,97.95,92.83",54.00643145341114,0.8701907190899035,15.042788717937986,3
"2,3,3,2,2,1,2,2,2,2,1,2,2,1,1,1,3,3,3,3,2,2,2,2,1,3,2,2,3,2","97.69,98.01,99.59,97.64,97.81,97.14,98.30,99.39,98.71,98.00,98.59,97.14,97.71,98.09,97.87,97.97,97.97,99.59,98.35,96.49,97.94,96.86,98.22,98.90,97.07,97.34,98.74,98.16,100.00,98.57",61.44639145769909,0.8085010903237944,14.900077263460775,0
"2,1,1,2,3,1,2,3,2,1,2,2,2,1,0,1,3,2,1,1,3,1,1,2,1,0,2,3,2,1","96.80,97.54,97.08,92.84,97.83,98.06,94.30,95.59,97.25,97.35,97.10,92.56,95.40,92.63,96.90,97.13,97.26,98.14,91.74,97.48,96.41,95.37,95.76,94.72,96.78,92.51,95.40,99.09,95.08,97.15",65.44495989854848,0.7374686894443989,15.18046536680996,4
"2,2,2,2,3,1,3,1,2,2,2,2,1,3,2,2,1,2,2,1,1,1,1,3,3,2,2,2,2,2","98.11,99.31,98.33,98.32,98.53,97.25,98.22,97.37,98.09,98.76,97.65,98.10,98.53,97.30,98.07,96.83,98.22,98.24,95.90,96.90,98.81,97.85,98.67,98.12,97.54,96.76,98.44,98.66,98.93,97.57",74.38350274304975,0.6915371628284669,14.568854579985821,0
"0,3,3,1,2,2,3,2,1,2,0,2,2,0,2,1,1,1,1,2,3,0,2,0,2,1,1,1,1,1","91.71,94.41,94.47,91.17,94.96,94.79,95.66,94.02,96.56,94.08,96.29,98.98,93.02,96.46,93.90,94.68,95.31,95.16,94.59,94.64,95.78,95.49,95.46,94.22,96.61,98.06,95.81,95.67,96.97,98.53",43.93238654676871,0.8643236632328416,14.572159385155114,3
"2,2,2,3,2,2,2,2,2,3,3,3,2,2,3,3,2,2,3,2,2,3,2,2,3,3,2,2,2,1","98.67,100.00,97.96,98.74,96.53,96.89,97.78,96.36,97.82,98.55,98.72,98.85,97.84,97.76,98.68,97.78,98.10,98.57,99.04,99.32,97.31,98.80,98.72,97.36,97.68,98.37,99.26,99.01,98.08,96.09",70.54694943172076,0.7412247722224556,14.705896943864113,0
"1,1,2,2,3,1,2,2,1,3,0,1,2,0,0,0,1,1,1,3,3,2,3,1,1,3,3,1,1,0","91.51,91.67,96.06,93.75,91.51,89.61,94.59,92.19,98.51,94.00,91.80,91.36,95.47,94.92,91.54,96.28,94.05,91.67,90.85,93.36,92.79,92.44,94.22,98.81,89.46,91.34,96.98,91.59,90.36,96.24",50.89959200076797,0.786098929856976,14.804063162471742,1
"0,3,0,0,2,1,0,1,2,1,3,2,1,3,1,2,1,1,3,1,1,0,3,2,1,1,2,2,1,2","93.02,90.81,92.04,91.35,91.39,88.43,94.11,90.28,88.59,98.23,96.45,90.99,94.61,88.73,93.95,95.48,91.26,92.08,89.34,94.57,90.25,89.74,95.05,87.81,92.88,84.43,96.13,97.83,83.68,88.30",55.12413354687116,0.6816540853695305,14.634031082490237,1
"3,1,2,2,2,2,2,2,2,2,1,2,3,2,2,2,2,1,2,2,2,2,1,2,2,1,3,3,2,2","97.62,98.55,99.17,97.53,97.40,98.86,99.21,99.00,98.19,96.58,96.05,96.88,99.05,98.37,97.98,97.76,97.17,97.79,98.17,99.17,98.98,97.93,98.63,97.39,97.34,98.57,97.70,97.89,98.72,98.71",76.31934280448121,0.8050232953424913,14.814286391573155,0
"2,2,2,2,2,2,2,2,2,2,1,1,1,2,2,2,3,2,2,3,2,1,1,2,2,1,1,1,2,3","87.96,88.78,85.85,96.51,90.34,86.82,87.33,83.28,90.28,89.66,84.80,84.72,92.14,90.62,83.58,85.67,77.48,87.38,82.35,87.63,81.44,84.74,87.16,93.71,88.56,87.62,90.32,90.01,90.69,86.54",45.96678176671766,1.0389549746838245,15.39563861582505,6
"2,3,2,0,1,2,2,1,3,0,3,1,0,0,1,3,1,1,1,2,2,0,3,1,1,1,2,1,3,2","94.82,97.78,93.07,96.10,94.85,91.78,99.69,96.67,95.07,95.20,97.32,96.59,95.48,95.63,95.69,95.85,91.12,97.47,96.26,91.82,97.52,98.76,93.73,94.61,93.34,98.12,92.70,94.41,97.86,97.46",71.7859812988503,0.7894950535739104,15.000132336765082,3
"2,0,2,2,2,2,0,2,3,0,3,2,0,2,1,2,1,1,2,1,3,1,2,0,0,1,1,2,2,0","96.53,99.33,95.04,96.84,94.64,96.13,94.90,92.18,92.81,95.93,99.69,92.68,95.75,96.95,94.98,97.04,94.62,96.78,95.65,99.40,91.53,95.14,96.07,97.42,92.58,98.44,98.34,95.23,97.93,96.55",73.92884767388423,0.8453392298870045,15.01707744977576,4
"0,1,0,0,1,2,2,0,0,1,2,2,0,0,1,0,3,2,1,2,1,3,2,0,2,1,3,1,2,0","96.81,98.08,94.08,97.40,95.41,96.27,97.86,96.97,96.40,96.86,98.21,94.53,94.95,97.02,98.87,97.66,96.52,91.88,94.88,97.83,95.70,97.28,95.01,95.14,95.01,93.04,95.82,96.55,95.71,94.94",60.09439989421789,0.9262247664140298,14.61377114884903,3
"1,2,3,1,2,2,3,3,2,2,2,2,2,1,2,1,1,2,2,2,1,2,1,2,2,3,2,3,2,1","98.88,97.14,99.22,97.29,99.82,99.46,97.40,97.27,99.13,97.53,97.91,97.84,98.59,97.52,98.33,97.92,97.14,96.79,97.84,97.61,98.00,98.25,97.50,97.55,98.56,98.75,97.73,97.55,98.12,98.89",67.90502062534993,0.7485641558257279,15.064636305711913,0
"1,0,1,0,0,1,0,0,1,1,1,1,0,0,0,0,1,0,0,1,0,0,1,0,0,0,0,0,0,0","96.21,94.56,95.95,97.41,96.64,95.33,99.65,98.92,96.25,97.63,97.28,97.13,97.65,97.75,98.80,96.49,95.32,96.10,97.57,97.20,97.28,97.64,96.45,96.83,98.47,96.59,99.21,95.54,98.92,96.91",65.88592459160833,0.9703733089376911,15.126258194366118,2
"1,3,2,1,2,1,2,2,2,2,2,1,3,3,2,1,1,2,3,3,2,1,2,3,3,2,3,2,1,1","97.72,97.18,98.58,97.04,97.78,97.47,98.88,98.31,98.48,98.91,98.19,96.82,97.31,97.71,96.44,97.74,96.60,97.42,98.71,98.80,97.73,97.91,98.42,98.28,97.56,98.00,97.21,97.55,97.03,97.63",76.594535269995,0.8915457742570507,15.338934096112043,0
"2,1,1,2,2,1,1,3,1,1,1,2,2,3,1,2,1,3,2,2,2,2,2,2,2,2,2,2,3,1","98.03,97.34,97.93,98.13,98.99,97.79,98.12,98.43,97.94,97.92,97.11,97.81,97.64,97.68,97.77,98.00,97.42,97.39,98.33,96.83,98.44,96.60,98.00,97.90,98.43,98.36,97.70,98.43,97.41,98.11",67.85932960242654,0.7880961690531088,14.595329832273414,0
"3,3,2,1,1,2,3,2,2,1,2,1,2,2,1,1,2,2,2,2,2,3,2,2,1,2,3,3,2,2","97.55,98.15,96.26,98.52,97.68,97.40,97.34,98.20,96.88,100.00,98.62,96.42,98.72,97.25,97.16,97.69,97.61,98.64,98.31,97.02,98.77,98.57,97.63,99.09,98.88,98.08,97.99,99.27,96.83,98.14",79.3495111537976,0.6636137532759089,15.018357136316133,0
"0,0,0,0,0,0,0,0,0,0,0,0,0,1,1,1,0,1,0,0,0,1,0,1,0,1,1,0,1,1","99.00,98.76,95.43,95.83,97.63,96.12,95.60,97.86,96.31,99.04,96.17,97.68,97.01,96.65,97.89,95.95,98.56,95.50,98.24,95.99,96.85,95.98,97.07,96.37,97.17,96.82,96.75,95.96,96.87,96.97",62.61987525043965,1.0255250094382513,14.184471845469197,2
"0,0,0,1,0,0,0,1,0,0,0,1,0,0,1,0,0,1,0,1,0,1,1,1,1,0,0,1,1,1","95.42,96.06,96.56,96.31,96.80,97.55,96.62,97.93,98.13,96.46,98.13,95.76,96.41,98.33,96.81,98.25,97.59,96.08,97.89,96.98,97.57,95.82,96.12,96.32,96.97,97.61,100.00,96.45,96.16,97.32",67.6786752710204,0.5285185340431291,14.984584753700883,2
"1,1,3,1,3,1,3,2,1,3,2,0,2,2,0,2,0,3,2,2,0,1,2,1,3,2,1,2,2,0","97.11,94.37,96.63,98.14,95.32,92.78,92.68,95.27,96.93,97.25,95.58,95.83,97.40,94.03,91.79,94.37,95.90,93.35,93.47,95.83,96.58,97.65,94.28,91.59,97.18,95.00,95.52,98.93,96.53,95.82",61.691162184878195,0.762047426892451,14.87505988891917,4
"1,0,0,1,0,1,1,0,1,1,1,0,1,0,0,1,0,0,0,0,1,1,0,0,1,0,1,0,1,1","96.12,98.60,97.35,97.29,96.97,98.31,98.62,97.59,98.57,98.88,96.54,97.15,97.43,96.43,95.37,98.93,97.15,97.24,97.70,99.48,95.66,97.32,95.89,98.22,97.32,96.44,99.07,97.22,97.17,95.32",32.49258302927116,0.7392895020066107,15.882573332403705,2
"2,1,0,2,3,0,1,1,2,1,3,1,2,2,1,1,2,1,3,1,3,2,3,2,3,2,1,1,3,2","97.69,95.24,98.53,99.08,97.31,93.85,92.83,96.91,95.39,93.84,96.30,96.56,95.00,92.20,93.18,100.00,94.86,93.54,96.37,99.77,93.60,96.58,94.72,98.66,96.94,93.86,97.68,96.55,93.82,96.93",50.589658421066076,0.8206942319015565,15.029125640902452,3
"2,3,2,1,3,2,3,2,2,1,3,2,2,1,2,2,2,2,3,1,2,2,2,2,3,2,2,2,2,1","97.38,99.42,98.48,98.08,96.72,97.81,97.04,96.36,97.62,99.18,98.29,95.93,99.82,98.39,99.58,98.82,98.27,97.12,99.24,99.00,98.37,98.50,97.66,97.88,97.61,96.54,97.51,97.63,97.70,96.81",62.162728592584,0.7099390745930947,15.242030425078688,0
"2,3,1,1,3,2,1,3,2,2,2,1,2,2,3,3,2,2,1,2,3,2,2,2,2,1,2,2,2,1","90.75,89.04,91.53,90.98,92.29,88.88,87.17,88.97,86.03,93.30,89.49,96.54,89.38,90.53,89.83,80.20,78.39,90.05,95.01,96.25,93.79,87.25,82.70,82.22,88.34,84.62,90.42,87.33,85.82,93.71",38.92377365390516,0.6749044659255886,15.001119173255642,6
"1,2,1,1,0,0,2,3,1,3,3,1,1,0,1,0,3,1,3,2,2,3,1,2,1,2,2,1,1,1","95.15,96.02,94.49,96.62,96.22,95.11,97.86,96.11,97.02,95.20,96.16,96.93,97.66,95.47,94.90,100.00,93.84,94.71,96.99,97.05,90.95,95.13,97.67,98.61,94.79,95.39,94.79,95.63,95.76,95.82",75.85715624751428,0.755505859858667,15.117222031789499,5
"2,1,2,3,2,3,3,2,1,3,2,3,1,3,2,2,3,2,2,2,3,1,2,2,1,2,1,2,1,2","88.06,85.15,89.03,95.00,88.85,90.28,90.84,89.58,81.60,86.31,87.09,91.17,82.67,94.09,86.96,91.29,85.40,83.47,89.62,86.72,85.92,92.42,87.60,93.10,96.02,89.51,98.16,86.16,86.93,90.24",22.14583400216876,1.2061894310479597,14.748042011645794,6
"1,2,1,3,1,2,2,2,2,2,2,2,3,2,2,2,2,2,2,1,3,1,1,2,2,1,1,2,3,1","97.40,97.54,97.91,97.48,97.48,96.87,98.15,98.36,98.05,98.76,97.37,99.57,98.78,98.63,98.82,97.75,100.00,99.57,99.11,97.49,97.04,98.12,96.80,98.44,98.64,98.31,99.28,98.26,98.39,96.79",74.78084523239133,0.7999604021970222,15.594157645397086,0
"1,2,1,2,2,2,2,2,2,3,2,2,2,3,2,1,2,3,1,1,1,2,2,2,3,2,2,2,3,2","97.91,98.98,98.74,97.06,97.47,97.21,99.31,96.61,98.83,97.85,97.16,97.89,97.58,98.54,99.02,97.89,97.32,97.53,97.39,97.88,99.20,98.82,97.89,97.65,97.90,97.58,97.68,96.34,97.58,98.06",65.54820859706277,1.078228500675641,14.35456293912837,0
"0,0,1,1,0,1,1,0,1,0,1,1,1,0,0,0,0,0,0,1,0,0,0,0,1,1,1,0,1,1","96.54,96.89,96.50,97.60,95.63,97.36,97.25,98.04,97.17,96.71,97.73,96.98,98.48,99.06,95.15,97.72,97.91,97.53,96.29,96.62,99.28,97.21,97.39,97.33,96.93,96.71,97.92,97.67,96.79,98.69",53.742221150161235,0.7978152824322129,14.590267278654327,2
"0,1,2,3,1,1,0,1,3,0,1,1,2,2,1,2,2,2,1,0,0,2,3,1,1,0,1,2,2,2","95.16,97.36,95.50,95.42,93.23,91.75,99.72,97.22,94.74,95.08,99.14,94.92,95.08,98.33,94.98,96.46,98.07,97.01,91.70,93.16,95.21,97.24,97.60,96.26,95.73,94.10,94.44,95.30,95.55,93.35",64.32379484173707,0.9645180735595476,15.024304026689668,5
"1,2,3,1,2,1,1,3,0,1,2,2,2,1,1,3,2,3,1,0,1,2,1,1,1,3,1,2,1,3","99.26,92.18,99.83,94.18,94.46,98.12,96.88,97.09,95.91,94.49,96.56,96.09,97.06,91.35,94.40,95.64,95.42,93.58,95.45,96.45,94.99,95.20,100.00,95.75,95.44,96.80,97.27,91.22,95.67,93.71",58.07620378795013,0.691671444774187,15.111144887529957,4
"2,1,2,2,3,1,2,2,2,2,2,2,2,2,2,1,1,2,2,2,2,2,2,2,2,2,3,2,2,2","97.79,97.03,98.15,96.51,98.25,99.38,97.29,98.47,96.23,97.51,95.87,98.10,97.49,97.91,96.83,98.00,97.03,98.15,97.82,97.08,98.50,98.11,97.69,97.35,97.04,97.42,97.03,97.76,97.77,98.16",67.37447440307638,0.9181880920286545,15.250198916447424,0
"1,2,2,1,1,3,3,1,1,1,2,1,1,1,2,1,3,2,1,3,1,1,3,0,3,3,1,2,0,3","90.47,90.69,92.17,93.10,92.62,95.62,89.66,93.31,91.61,92.79,93.84,87.97,89.83,88.68,87.97,91.89,92.28,83.73,88.66,89.67,97.79,93.59,95.22,94.08,93.87,94.57,89.75,92.76,86.27,86.29",58.35899556171401,0.8556757715074004,15.31189347939577,1
"3,2,2,2,2,2,2,3,2,2,1,1,2,2,2,2,1,2,2,2,2,2,2,2,1,2,2,1,2,1","98.64,98.56,98.58,98.16,97.53,96.31,98.49,98.41,97.46,97.84,99.03,97.01,98.01,97.10,98.00,97.42,98.35,97.08,97.67,98.17,97.29,98.58,96.27,97.78,97.82,98.28,98.21,100.00,97.28,97.73",74.88485078824752,0.6615948731965686,15.934458891782556,0
"0,1,0,0,1,0,1,0,1,0,0,0,1,1,0,0,1,0,0,0,0,0,1,1,0,1,0,0,0,0","96.67,94.70,97.46,95.60,97.32,97.11,96.81,97.94,96.99,98.48,97.99,96.77,94.76,96.63,97.52,95.37,96.65,96.52,96.03,96.93,98.00,97.40,97.59,97.95,97.59,97.66,96.80,96.23,98.16,97.09",51.05176886173672,0.7026593560857418,14.612931636844603,2
"0,1,0,0,0,0,1,0,1,0,1,0,1,1,0,0,0,0,0,0,1,1,1,1,0,0,1,0,1,1","97.39,96.12,95.62,97.90,97.82,97.45,98.08,97.19,98.55,96.87,97.15,96.99,97.72,97.93,97.97,96.61,97.85,96.30,97.49,95.46,95.60,96.50,96.23,96.18,97.23,96.23,95.20,97.75,98.68,96.51",58.43462930845908,0.9157205450335613,14.4083515126416,2
"2,3,1,2,1,2,3,1,2,2,2,2,1,2,1,2,1,2,3,2,2,1,2,2,2,2,2,1,2,2","96.71,98.85,97.87,98.19,98.49,98.25,97.97,97.44,97.19,97.84,98.23,97.30,97.65,96.67,97.62,98.10,97.60,98.77,98.11,99.29,98.99,97.75,98.22,98.66,97.78,98.46,98.17,96.99,98.55,99.21",72.18715290961049,0.7972132762778955,15.095296585614106,0
"0,1,0,1,1,1,1,0,0,0,0,0,0,0,0,0,0,1,0,0,0,1,0,1,0,1,1,0,1,0","97.25,96.32,97.35,96.93,98.19,97.37,97.80,96.17,97.41,95.96,95.67,97.11,97.40,97.30,96.53,95.79,94.69,96.21,94.53,96.19,95.80,96.48,96.05,97.30,96.99,96.32,95.07,97.00,96.67,95.91",45.95690268909631,0.5420011200281173,15.374933760088435,2
"2,1,3,3,1,1,3,1,2,1,2,2,2,2,2,2,2,3,3,2,2,2,1,2,2,2,1,1,2,2","98.35,98.26,98.40,99.74,97.39,96.96,98.42,97.18,97.19,96.97,98.11,98.68,98.10,98.02,98.82,97.66,98.48,97.08,96.39,98.09,97.49,99.31,96.11,98.73,97.36,98.49,98.75,97.96,97.87,96.12",66.79808596851801,0.6228002549044903,15.613165828761895,0
"1,2,2,3,1,2,2,3,2,2,2,1,2,2,1,2,2,2,2,2,2,2,2,2,3,2,2,2,2,3","97.53,98.07,98.26,97.83,98.49,99.86,97.40,98.83,97.95,99.40,98.48,98.73,96.97,98.44,98.00,98.60,97.58,98.15,99.18,97.12,99.30,97.27,97.46,99.13,98.36,96.62,97.56,98.09,98.46,99.63",66.16761960534208,0.8543772951459078,14.566567925376644,0
"0,1,2,1,2,2,1,1,1,3,2,2,3,3,0,1,3,1,3,1,1,2,2,2,1,1,1,1,3,0","98.38,93.53,92.02,95.68,96.50,98.54,96.53,97.66,94.74,96.82,95.28,94.73,97.68,96.36,98.49,93.46,96.98,95.87,93.35,98.76,96.52,94.69,93.72,95.53,96.69,95.65,96.05,97.56,95.53,99.07",60.32661497529042,0.7211758268451235,14.857164015176604,5
"2,3,2,1,2,2,2,1,2,3,3,3,2,2,3,2,1,2,2,2,2,2,3,2,2,2,1,2,3,2","97.30,99.02,97.67,97.84,98.19,98.68,98.18,96.86,98.89,96.77,98.38,97.56,98.40,98.43,97.46,99.10,97.02,98.05,97.08,97.60,97.63,98.22,98.53,98.23,98.47,97.76,98.02,96.86,98.06,97.29",59.51992504579064,0.6000863579509571,14.796633102456232,0
"0,0,3,1,1,2,2,1,1,3,0,2,3,2,1,3,2,1,1,2,3,1,1,1,2,3,1,3,1,1","87.37,91.50,90.91,90.16,90.10,91.86,94.77,96.97,91.29,94.38,91.39,91.60,91.59,90.67,88.90,92.81,95.80,96.55,95.51,92.92,90.07,91.63,92.56,97.16,85.26,95.83,86.45,96.84,93.58,91.70",42.047042391573456,0.8021139959434951,15.309978716216316,1
"1,1,2,2,3,3,1,2,2,2,2,2,2,1,3,1,1,1,2,3,3,1,1,3,3,2,3,2,3,3","91.04,91.00,94.89,91.39,88.97,93.31,87.57,85.00,96.57,92.36,81.18,86.53,88.97,88.31,79.76,86.61,91.67,85.13,80.83,84.95,81.86,86.81,83.89,89.15,94.67,91.08,89.77,86.52,91.45,90.64",46.66161112813123,0.5137021040338834,15.192894358504974,6
"1,0,1,0,0,1,1,1,0,1,0,1,0,1,0,1,1,0,1,1,1,1,0,0,0,1,0,1,0,0","96.64,96.18,96.27,97.58,99.25,97.79,96.09,96.56,96.95,97.04,96.43,97.63,96.30,97.60,96.96,98.70,97.57,98.34,99.11,97.30,99.82,95.94,96.69,98.37,97.31,96.21,98.17,97.18,97.05,96.75",62.34785635086702,0.7475001495242022,15.224395855803452,2
"1,2,1,3,2,2,2,2,2,3,2,1,1,1,1,3,1,1,2,1,3,2,1,3,1,2,3,1,1,0","94.05,91.07,91.51,94.38,94.49,90.28,89.47,95.75,90.58,88.80,94.39,94.94,91.86,95.04,94.96,92.67,93.96,87.92,93.60,96.25,95.45,89.04,95.79,86.91,93.02,90.92,94.30,94.21,92.33,90.19",29.940449539821035,0.7581642215516516,15.236166424139414,1
"3,0,3,2,1,2,1,2,1,1,1,3,1,3,1,2,2,0,2,2,2,1,2,0,2,3,3,1,1,3","94.54,91.82,95.80,96.29,99.75,96.37,99.33,95.94,92.59,93.71,97.37,97.93,99.70,96.43,97.04,99.50,94.99,97.36,97.15,96.97,96.65,98.90,95.28,97.19,99.10,95.66,92.56,98.59,93.97,96.47",50.0406950122619,0.7739318081178542,14.970650052595483,5
"2,3,2,1,3,2,1,1,2,2,2,2,2,2,2,1,3,2,2,2,2,2,2,2,2,2,2,1,2,2","98.89,99.23,97.51,98.24,98.72,97.82,98.28,97.40,98.20,99.94,96.91,99.01,97.17,97.41,98.54,97.44,98.53,97.88,98.27,98.16,96.80,99.46,99.43,99.28,99.51,96.40,99.50,98.07,98.79,97.59",74.69274546085045,0.6663527271915793,15.515567171595809,0
"1,1,2,1,1,1,3,1,2,2,1,3,2,3,3,1,2,3,1,2,3,1,1,2,1,3,2,2,2,3","91.41,90.78,95.14,93.03,93.28,90.59,87.63,94.40,88.47,93.33,93.01,86.86,91.83,92.31,91.51,93.38,96.27,95.56,90.89,90.06,91.48,93.45,97.40,93.10,93.02,93.40,89.14,92.79,91.76,91.94",41.57329638936575,0.7905181201655171,14.995265186542373,1
"0,0,0,1,0,1,1,0,1,1,0,1,0,0,1,0,0,0,0,0,0,0,0,0,0,0,0,0,1,0","96.92,97.27,96.99,95.82,95.70,98.11,98.39,97.20,97.85,96.88,96.48,98.36,97.34,95.84,96.09,98.74,96.93,96.03,95.32,97.42,97.09,95.50,97.55,96.67,98.30,98.41,97.93,97.14,95.92,97.94",28.747128278209942,0.6705360955039651,14.51130980403063,2
"0,0,1,0,1,0,0,1,0,1,0,0,1,1,1,1,0,0,1,1,0,0,1,0,0,0,1,0,1,1","97.43,96.44,97.16,98.81,96.97,95.41,96.43,96.83,95.76,96.34,96.63,97.07,97.48,95.31,95.62,96.04,96.27,94.61,96.68,97.00,95.79,95.34,99.58,96.19,97.28,95.94,96.80,94.14,96.26,97.71",52.040040298414816,0.732766712220219,15.261152964675212,2
"2,2,2,2,2,2,1,2,2,2,2,1,1,2,3,3,3,2,1,2,2,1,1,2,3,2,2,2,2,1","97.51,96.88,97.53,97.81,97.17,98.07,98.90,98.16,97.37,97.67,97.37,98.84,97.14,96.99,96.87,97.43,96.89,98.37,98.40,97.87,98.11,96.60,98.74,98.52,97.47,97.52,98.54,97.11,97.18,97.98",90.12361664522109,0.8493738901337604,14.493445522811928,0
"3,3,2,3,3,1,1,2,2,1,1,1,1,3,2,2,3,1,2,2,1,3,1,2,3,1,1,2,3,3","92.16,92.35,93.71,93.76,84.25,87.62,91.28,90.34,94.95,89.97,95.07,89.88,87.41,93.16,93.51,96.84,93.46,91.29,92.07,95.15,92.46,100.00,96.71,91.35,95.04,92.35,90.52,94.21,92.01,95.11",21.856440447419075,0.8793836127260655,15.373055701917483,1
"0,0,0,1,1,0,0,1,1,1,0,0,0,0,1,0,1,0,1,0,0,0,0,1,1,1,1,0,0,0","98.36,97.33,97.21,96.69,96.80,96.98,97.32,98.16,98.10,97.58,94.97,97.58,98.21,97.44,97.68,97.28,97.83,98.29,96.52,97.32,96.44,96.32,96.60,96.08,94.15,97.59,97.00,96.54,97.69,96.72",53.90534931210398,0.8403939097807697,15.375939318578073,2
"1,1,3,1,0,2,1,3,1,3,0,2,3,2,1,2,3,3,3,1,0,1,2,2,1,3,1,3,1,1","88.10,88.44,92.53,92.25,99.83,89.98,91.65,96.55,90.36,91.23,93.91,92.41,99.22,89.85,93.80,91.70,97.60,92.77,92.00,91.97,93.31,87.70,94.76,88.77,93.67,93.49,94.95,92.75,93.82,89.43",41.77816723844302,0.9307935784208907,16.34090124173338,1
"2,1,0,0,2,3,1,2,2,1,1,1,1,0,2,0,0,1,1,2,1,1,2,0,1,1,2,3,2,1","96.29,94.69,95.28,97.93,94.32,99.26,94.99,95.62,96.42,95.20,95.40,93.86,95.92,95.41,94.28,94.79,96.46,99.24,93.11,97.00,93.70,95.56,98.41,96.42,97.93,97.03,93.62,97.60,98.27,94.50",40.79334191547112,0.882168712273889,15.185554686644462,5
"3,3,3,2,3,1,3,1,0,1,1,1,0,2,2,0,1,2,2,0,1,0,1,2,1,1,1,1,1,1","95.33,92.96,97.37,97.98,93.85,93.80,94.15,97.11,97.94,93.05,92.67,97.76,92.58,98.10,99.96,93.79,96.69,95.88,95.73,97.88,96.28,96.02,95.71,94.35,96.89,96.78,95.45,98.44,95.93,97.94",60.698220327907336,0.6438894140163647,15.180329884367515,3
"3,2,2,1,3,2,1,2,1,1,3,3,1,2,2,3,2,1,2,1,2,3,2,3,2,1,1,1,1,2","89.41,91.10,91.97,92.12,80.61,85.67,83.18,91.79,92.87,90.05,79.67,87.45,85.64,84.17,82.90,91.75,90.00,82.50,86.93,91.64,89.25,88.74,92.59,88.11,86.15,91.44,92.68,82.47,94.85,86.22",31.839657926041394,0.7607847698603499,15.696139817815585,6
"2,2,2,2,2,2,3,1,2,2,2,1,2,1,2,1,2,2,2,1,2,2,2,2,3,1,2,2,2,2","99.39,98.22,98.32,97.03,97.94,98.82,97.95,97.72,98.18,97.67,96.61,97.39,98.07,97.56,97.72,99.49,99.08,97.83,97.72,98.24,96.05,98.45,97.18,97.66,98.91,96.73,98.74,98.13,97.77,98.81",91.93529743010404,0.8880367992263576,14.038205835926194,0
"1,2,2,2,2,2,2,2,2,3,2,2,2,2,3,2,2,3,2,3,2,2,1,2,2,2,1,2,2,2","99.00,98.21,98.53,97.10,98.55,98.04,98.06,99.07,98.14,97.70,98.13,97.61,98.22,98.83,97.50,98.67,97.99,97.12,97.07,98.17,97.91,97.38,98.79,98.17,95.94,98.26,98.64,96.56,98.77,97.83",74.9842769966359,0.7060160904620628,14.6442604244317,0
"2,1,2,2,2,2,2,2,1,2,2,1,2,3,2,1,3,3,1,1,2,2,2,3,2,2,3,2,2,2","98.29,98.50,99.03,96.90,98.67,98.77,98.10,97.83,97.68,97.99,97.53,97.06,98.96,99.09,98.79,96.52,98.25,99.07,96.90,97.57,97.06,98.57,97.31,99.95,97.83,99.38,98.97,97.78,96.71,99.20",77.44745256418283,0.8255754437042818,15.159300713121535,0
"2,1,3,3,1,3,1,2,3,1,2,1,1,1,1,1,1,1,3,0,3,2,0,2,2,2,2,2,2,2","97.05,94.29,95.65,97.51,94.63,95.46,95.67,91.25,95.33,97.63,93.51,97.28,95.07,96.53,94.60,95.98,96.56,97.13,94.91,95.55,96.49,94.42,96.45,99.10,98.56,91.67,95.51,96.40,93.99,94.36",40.3433488175547,0.8670624292443869,14.880785746321017,3
"1,2,2,2,2,2,2,2,3,2,2,2,2,2,1,2,2,2,3,2,2,2,3,2,2,2,2,2,2,2","99.20,97.32,98.15,96.93,98.04,97.98,97.54,97.73,97.50,97.99,97.70,98.35,98.40,98.62,98.15,98.91,97.73,97.44,99.21,98.63,98.15,98.41,99.01,97.18,97.90,96.94,98.03,97.25,98.36,98.02",73.2090295940752,0.7648158642157269,14.698908672155909,0
"1,0,1,2,0,1,1,3,1,1,2,1,1,1,2,2,2,1,2,3,2,2,2,1,2,0,2,1,2,1","94.06,100.00,96.89,96.71,94.40,98.87,97.24,97.44,94.45,95.64,96.73,99.58,97.48,95.91,98.53,99.56,92.94,96.85,93.74,93.90,95.67,93.94,95.48,96.99,96.36,97.73,95.83,98.35,91.43,97.71",71.29620790447669,0.9068042585623474,15.66162665486106,3
"1,2,1,0,2,3,2,2,2,2,2,3,2,1,2,1,2,2,0,0,3,0,3,2,1,3,1,2,1,3","95.63,99.00,99.28,100.00,97.93,92.15,97.50,97.88,93.17,94.37,96.00,96.74,99.19,98.04,95.05,96.75,94.13,94.67,93.65,97.54,95.03,96.38,92.76,97.72,96.34,98.47,98.68,98.72,96.94,97.20",64.69278731067128,1.004154727791033,14.289701957657002,3
"3,3,2,3,1,2,2,2,2,2,3,1,1,2,2,1,2,2,2,2,2,3,2,2,2,2,2,2,2,2","97.30,96.92,97.71,99.09,98.61,97.35,97.82,96.82,98.10,96.92,97.86,97.47,98.34,97.41,96.91,98.68,97.90,99.70,97.28,97.65,96.62,98.37,97.69,98.21,98.72,98.03,98.84,97.72,98.02,98.29",64.67521222724307,0.6362125845165171,14.766603700296296,0
"1,2,1,2,1,1,1,2,3,2,3,2,0,2,2,1,2,0,1,1,2,1,2,1,1,1,3,2,1,1","93.44,94.88,95.74,98.93,96.62,97.08,94.81,95.25,93.45,95.09,97.56,90.90,96.07,93.88,97.95,94.50,93.71,98.40,95.82,96.94,95.08,100.00,91.52,95.89,97.11,98.27,96.80,94.69,94.91,96.20",62.20585820596207,0.8291989655006087,14.729531622250711,4
"2,2,1,2,2,2,2,1,1,1,2,2,3,2,2,3,2,3,2,2,2,1,2,2,1,2,1,1,2,1","97.96,97.27,97.43,98.96,98.47,97.20,98.97,98.35,98.41,98.16,97.23,98.00,97.38,99.03,98.09,98.20,98.12,98.01,98.02,98.09,97.80,97.93,98.08,97.65,96.78,96.23,98.51,98.76,98.59,99.45",82.62964274860903,0.9111787182545917,15.845903504977054,0
"2,2,1,1,2,2,2,1,2,1,2,2,1,1,3,2,3,2,3,2,2,2,2,1,2,2,3,3,2,2","98.20,97.01,98.25,98.81,96.42,98.46,98.36,97.73,97.91,97.69,99.01,98.22,99.52,97.58,98.50,97.26,98.41,97.92,98.78,98.03,97.98,98.08,97.76,98.45,98.73,98.33,98.82,96.72,98.50,97.32",72.69174604649272,0.6801870161114878,15.122792054648889,0
"1,2,2,2,3,2,3,3,3,2,2,3,2,3,2,2,3,3,2,1,1,1,1,2,2,3,2,3,1,2","97.26,98.90,99.12,98.41,99.04,96.88,97.86,97.69,97.74,97.79,98.17,98.17,98.73,98.09,97.90,98.00,98.16,98.25,99.25,99.55,97.79,97.84,98.27,97.84,99.39,97.72,96.77,97.84,98.90,98.35",68.29652847697653,0.6827984158423627,15.066261088236956,0
"2,2,3,3,2,1,2,2,1,2,2,2,2,3,1,2,2,2,2,2,2,2,3,2,3,2,1,2,1,2","96.26,80.90,90.92,90.82,80.50,90.14,84.93,89.77,84.65,86.55,89.22,91.69,87.17,81.30,86.79,89.39,89.31,88.03,91.93,86.28,91.24,90.95,85.85,92.75,85.46,86.77,92.39,87.06,82.95,87.32",23.67700597366345,0.9092992087938416,15.579660480761191,6
"1,1,0,1,0,1,0,1,0,0,1,0,1,0,1,0,0,0,0,1,1,0,0,0,1,0,0,1,1,0","99.39,95.07,96.58,95.88,95.77,96.78,98.90,98.37,97.76,98.16,97.46,97.78,99.18,96.87,98.22,97.20,96.37,96.91,97.92,98.72,96.14,97.89,97.12,96.16,94.91,96.31,98.23,97.58,97.32,97.28",60.86632621821751,0.8555583612805281,14.422806408059284,2
"0,1,1,0,1,0,0,1,1,0,1,0,1,1,0,0,0,0,1,1,1,1,1,1,1,1,0,1,0,1","97.48,94.80,98.38,96.52,96.44,96.77,95.45,96.26,97.50,95.76,97.56,96.61,97.44,96.46,98.35,96.94,97.34,97.39,96.41,95.96,96.91,96.54,95.79,95.40,97.53,98.25,95.34,97.38,98.71,96.07",71.80565426299361,0.6879193922791276,14.872112768593427,2
"1,3,1,3,3,2,2,2,2,1,2,2,2,1,2,2,3,2,2,1,1,1,2,1,2,2,1,3,1,2","99.19,99.03,99.02,97.92,96.00,99.03,96.99,97.07,97.89,98.89,99.18,97.93,97.88,97.27,96.77,96.99,98.42,97.07,98.14,96.92,97.21,97.22,98.55,96.95,96.38,97.91,98.17,96.82,99.04,99.35",64.44290991283978,0.9661847611379327,15.007279533348875,0
"0,1,1,0,3,1,3,2,3,2,1,2,0,2,3,2,3,3,3,2,1,1,1,3,2,3,0,0,2,0","91.92,95.98,91.92,88.38,94.70,88.46,88.38,92.98,95.11,95.49,95.53,88.51,99.66,90.34,90.88,93.40,96.54,91.29,87.25,89.40,90.91,93.81,91.76,86.55,87.19,91.02,92.24,91.68,98.09,90.06",45.553897474264666,0.5685949003861261,14.908533700037628,1
"2,0,1,2,2,1,0,2,2,2,1,1,3,2,2,1,2,1,3,2,2,2,1,3,2,3,2,1,0,0","96.99,93.25,94.46,93.85,97.48,98.65,93.40,96.12,94.43,96.74,93.83,98.08,96.61,96.75,96.48,96.87,94.41,94.91,95.54,98.12,94.20,96.18,97.73,94.94,95.82,95.69,97.43,94.88,94.15,95.05",53.64530496633451,0.8335874228153675,15.603640525186968,5
"2,3,1,2,2,2,2,2,1,2,1,1,2,2,2,3,2,1,2,1,1,2,2,2,3,3,2,1,2,2","98.84,96.91,98.15,98.63,98.62,97.32,97.71,97.52,98.15,97.53,99.37,98.72,99.12,97.79,98.19,96.86,97.02,97.67,97.79,99.16,97.53,97.46,95.95,98.36,98.63,99.08,99.34,98.53,98.68,98.55",69.34341945575697,1.0313115053278648,14.543282185987884,0
"1,1,1,1,1,0,3,0,2,2,3,2,1,1,3,0,2,1,3,1,1,1,2,1,2,2,3,3,3,3","95.12,100.00,94.65,98.38,91.69,94.02,94.21,99.92,93.13,99.84,95.85,94.29,97.06,94.05,97.85,96.55,98.90,99.61,97.44,94.88,98.30,97.62,97.41,98.65,97.52,98.36,98.47,92.34,94.93,94.86",54.299450252195186,0.7050627678004698,14.5531560334664,5
"2,3,2,2,2,1,3,3,2,2,1,1,2,3,3,3,2,2,2,2,1,2,3,2,2,3,2,1,1,2","98.65,99.19,97.21,98.35,97.92,97.21,97.75,98.07,99.30,98.94,97.47,98.47,97.88,99.00,96.67,97.06,98.16,97.87,98.39,97.87,97.28,98.36,98.43,98.97,98.78,97.51,97.10,97.62,99.19,96.62",72.34706664909113,0.6054445965770386,14.721043903667464,0
"2,2,1,1,2,3,1,2,0,1,1,1,1,2,3,2,0,1,0,0,2,1,3,3,3,0,2,3,2,1","95.94,93.46,96.76,98.91,93.41,94.58,97.37,91.35,96.04,93.40,95.92,93.44,95.35,100.00,97.97,98.19,99.09,92.99,96.30,95.48,97.51,96.67,97.68,94.87,96.81,95.42,96.02,97.35,98.96,95.64",45.65048279847257,0.8417694551635856,14.81926880046681,4
"3,3,2,3,2,2,2,2,2,3,1,2,1,2,2,2,2,1,2,2,1,2,2,2,2,2,2,2,2,1","97.50,96.85,97.61,97.93,97.85,96.96,97.49,97.39,98.80,98.20,98.02,98.93,98.55,97.47,97.71,98.55,98.51,98.07,97.86,97.36,97.26,96.39,98.43,98.94,98.62,97.84,97.80,97.48,99.72,97.77",71.03013987075748,0.9008288904929554,14.388584424284142,0
"2,3,1,1,1,1,2,0,2,0,0,0,2,1,1,1,2,1,0,2,1,0,0,0,3,0,2,1,2,3","96.67,94.98,95.99,95.48,98.95,98.19,100.00,97.41,97.98,95.52,96.84,97.80,96.93,97.57,96.43,97.36,94.44,100.00,95.67,95.25,97.61,95.67,97.59,95.16,97.21,94.89,95.03,93.51,93.05,94.99",77.92327103729487,0.7862574689704502,14.881041121411366,5
"3,0,2,1,0,2,3,0,3,1,1,1,2,0,2,1,0,2,3,1,1,1,1,1,0,1,0,2,1,1","96.51,96.99,98.30,96.32,94.08,93.33,95.40,93.87,95.89,98.53,94.52,94.94,96.11,96.63,93.32,96.52,94.82,97.06,97.68,92.51,97.65,94.30,98.13,95.67,95.85,98.48,96.66,97.02,95.32,95.43",55.06721318081558,0.7806391880237655,14.930904758154242,3
"1,2,2,0,2,2,3,2,3,2,2,0,2,1,2,2,1,1,2,0,2,1,1,2,2,1,1,1,2,2","97.34,99.30,97.00,94.62,94.36,94.30,95.18,94.38,99.01,95.56,95.08,95.48,95.81,94.91,91.65,96.26,97.14,96.58,93.19,98.61,97.84,96.43,98.15,97.03,93.89,94.66,95.75,96.19,96.43,94.56",68.0755969184682,0.6240910645356137,15.12652711047009,7
"2,1,2,2,3,2,2,1,2,2,2,2,1,1,3,1,3,2,1,2,1,2,2,2,1,2,2,2,2,1","96.78,98.17,98.15,97.98,98.97,98.32,98.86,98.05,98.05,98.41,97.96,98.62,97.64,98.77,98.27,98.04,98.63,97.42,97.01,98.27,99.10,98.62,97.81,98.63,97.61,96.06,97.12,97.32,100.00,97.47",67.49918216005237,0.8300853187604305,14.795037735206972,0
"3,2,1,2,3,1,2,2,2,2,2,2,2,1,2,2,2,3,3,2,2,1,2,2,2,1,2,2,2,2","97.07,98.57,97.69,98.42,97.67,98.06,97.72,98.82,98.40,97.31,97.68,98.26,99.68,97.45,95.94,97.73,100.00,98.60,98.60,97.63,98.69,97.67,99.62,97.21,98.10,98.54,98.24,97.96,97.18,98.47",48.58593111105105,0.7994163070091674,15.049827375915235,0
"3,2,2,2,2,2,1,1,2,2,2,2,2,1,3,2,2,3,2,1,2,2,1,1,2,1,2,3,2,2","97.82,98.28,96.96,98.40,98.75,97.44,98.92,97.63,97.11,98.40,98.34,97.36,97.43,97.70,97.94,96.82,96.67,99.66,98.30,97.72,97.50,98.91,97.26,96.45,97.82,97.52,98.83,97.51,97.55,98.07",83.75990147556854,0.9604480405688449,14.953137343113264,0
"2,3,1,2,3,2,1,1,2,2,3,2,2,2,2,3,1,1,3,1,2,1,1,3,1,2,3,3,2,2","97.66,97.99,98.89,98.04,97.55,98.83,97.34,98.57,98.21,98.84,98.49,97.96,97.64,96.45,98.55,97.22,98.19,97.50,98.18,97.73,98.69,98.28,97.02,98.77,97.98,96.97,98.53,98.33,98.14,98.80",77.22587407370031,0.8762365198913995,14.772685364694464,0
"1,3,2,2,0,2,1,1,1,2,3,0,1,1,2,3,1,1,0,2,1,0,1,3,1,1,3,3,2,2","95.03,92.25,92.52,96.79,98.60,97.74,99.17,94.76,96.13,94.79,93.54,97.24,98.04,95.58,98.41,92.38,97.13,97.17,97.67,95.21,94.52,95.04,98.31,96.01,98.30,94.05,95.28,95.22,97.36,94.00",56.83524298480211,0.730400053586494,15.215094162978993,5
"0,0,0,1,1,1,1,0,1,0,0,0,0,1,1,0,0,1,0,1,0,0,0,0,0,0,0,0,0,0","96.19,96.62,97.79,96.15,97.13,96.36,98.04,97.05,98.46,98.37,98.05,96.72,96.53,98.01,96.72,96.90,97.34,96.61,95.09,97.85,98.43,98.22,97.42,96.05,97.57,97.08,97.11,96.04,97.46,96.45",50.4499486603582,0.7077063154561795,15.111151413100364,2
"0,0,0,0,0,1,0,0,1,0,0,0,0,0,0,0,1,0,0,1,0,0,1,0,0,0,1,0,0,0","96.47,95.40,96.28,95.74,96.46,96.05,97.41,97.19,95.25,97.42,98.25,95.65,96.24,95.70,98.95,97.56,96.72,96.28,96.67,98.41,97.00,98.25,96.80,96.90,97.03,95.94,98.30,97.03,97.69,98.56",52.82181445714362,0.709509848138066,15.232310574892562,2
"1,2,2,3,1,1,2,1,3,0,1,1,3,1,2,1,1,2,3,2,2,2,2,2,2,2,2,1,2,1","95.85,90.83,93.49,90.63,94.87,91.84,89.72,88.65,92.79,90.26,93.32,90.72,91.72,87.43,91.19,89.98,93.15,91.70,95.09,92.41,90.56,94.59,91.77,89.82,93.69,97.36,95.14,95.27,97.28,97.41",45.71979778587293,0.7796886131157572,14.632559931410505,1
"1,1,3,3,2,3,2,2,2,2,2,2,1,2,2,2,2,2,2,3,3,1,2,2,3,1,3,2,2,3","98.96,99.02,98.08,99.54,98.58,98.54,97.31,98.78,97.01,98.67,98.37,98.32,98.24,97.71,98.13,96.70,98.52,98.88,98.59,98.85,99.82,97.47,97.72,98.89,96.97,97.85,98.56,97.37,97.11,98.19",72.58651361199333,0.5098982643051417,14.92583416144088,0
"2,1,1,2,2,1,2,1,1,2,1,1,1,2,3,2,2,2,1,3,2,1,1,1,2,3,1,1,3,1","90.64,92.45,90.21,91.99,86.89,89.99,90.28,91.51,87.87,94.63,91.86,89.12,93.69,85.22,91.11,92.89,87.70,90.06,94.93,89.40,92.96,90.21,89.94,91.05,92.43,91.41,88.77,92.13,92.81,88.63",57.912039793887516,1.082883546011471,15.022589752847013,1
"3,2,2,2,3,2,3,2,1,2,2,2,2,2,1,2,1,3,2,1,1,2,2,2,2,1,3,2,2,2","98.23,98.40,98.87,97.43,98.39,99.91,96.89,97.93,98.53,99.21,98.83,96.49,98.24,97.52,98.69,98.04,98.73,98.53,97.45,98.45,96.79,97.08,98.57,98.19,96.63,99.54,97.64,98.76,98.62,98.56",72.63528280793396,0.9168896773762988,15.05154664195628,0
"3,1,3,1,2,3,2,1,2,1,3,1,2,2,3,1,2,3,1,1,1,1,2,2,2,2,1,1,1,2","85.34,88.92,90.76,86.77,87.05,90.98,89.24,80.23,84.06,90.05,85.01,86.34,93.16,81.60,89.94,79.63,82.36,91.77,86.65,81.22,88.33,85.47,90.32,87.39,99.85,91.47,87.75,85.34,85.67,83.51",19.857668437305918,0.8016345963006449,15.082235636311713,6
"2,1,1,3,1,3,2,2,1,1,2,3,1,1,3,1,1,2,3,1,1,1,2,1,1,1,2,1,2,2","86.85,82.79,87.80,84.94,85.79,87.12,90.40,80.69,82.10,89.55,90.91,84.92,94.12,88.26,88.03,90.96,79.10,94.76,81.84,83.46,78.99,91.27,90.36,86.11,84.63,93.99,89.21,84.19,83.50,86.85",26.416120260235196,0.8268882532810047,14.561364740120744,6
"1,3,3,2,2,2,1,2,1,2,1,3,2,2,2,1,2,2,2,2,2,2,1,1,2,1,1,1,1,3","98.79,99.64,97.18,98.19,99.48,96.94,97.81,97.65,99.17,98.60,99.91,98.52,98.19,96.67,97.56,98.55,97.59,97.11,98.39,97.17,99.29,98.51,98.90,98.32,97.73,98.83,96.91,97.90,98.59,97.34",70.43235717330055,0.9999804802353701,15.02103028046755,0
"2,1,3,3,2,1,2,3,1,2,2,2,2,1,2,2,2,2,2,1,2,2,2,2,2,3,2,3,3,2","98.65,97.31,99.35,97.80,99.05,97.98,99.02,98.27,97.58,97.81,97.58,98.60,98.94,98.82,97.91,98.77,98.35,97.15,97.52,98.70,98.28,98.03,96.95,98.34,98.10,97.45,98.97,98.43,98.77,97.15",67.59487913580386,0.6000706261602585,15.391187456862564,0
"2,1,3,2,2,3,3,3,3,2,2,3,2,3,2,2,2,3,2,3,2,1,2,2,3,2,1,2,2,3","97.35,98.40,97.55,97.21,97.17,96.83,98.03,96.50,98.48,98.57,99.09,97.91,98.14,97.46,98.20,96.27,98.14,98.31,97.85,97.84,98.19,100.00,99.30,97.72,98.09,99.21,99.75,99.49,97.21,99.45",68.46837958212375,0.8131724446653669,15.165533431082249,0
"1,1,0,1,1,1,0,0,1,1,1,1,1,0,0,0,0,0,0,1,1,0,1,1,1,0,1,1,1,0","97.41,96.73,96.75,97.10,96.19,99.37,96.22,97.65,98.12,97.24,98.37,98.72,97.73,98.50,96.99,96.54,97.32,96.38,96.89,98.40,97.89,96.20,96.41,99.40,98.95,95.61,97.55,96.56,95.81,94.26",50.50675510734863,0.6561841854761906,15.065801220997352,2
"2,1,1,0,3,1,0,3,1,3,1,1,0,3,1,1,1,2,2,0,3,1,0,1,2,1,1,3,0,2","97.52,96.18,96.06,97.25,97.02,93.21,95.82,94.52,94.39,93.25,95.19,93.46,96.64,96.99,95.74,98.62,99.70,94.46,97.09,94.39,96.87,95.46,94.30,92.51,95.53,92.30,94.28,96.33,95.30,100.00",64.6343209659219,0.7716128284181892,15.237191229522661,5
"3,2,3,2,2,1,1,2,2,2,1,1,1,2,2,2,1,1,3,3,3,3,2,2,1,3,1,2,2,2","98.43,97.38,97.37,97.19,97.72,98.68,98.96,98.90,98.99,96.88,98.55,98.48,98.91,98.69,97.46,98.03,97.02,98.09,96.97,97.03,97.11,98.64,98.12,99.60,98.24,98.26,99.14,98.28,98.80,98.25",70.28075833203258,0.6807995781578674,14.880312198095288,0
"2,0,1,2,2,2,3,1,1,1,1,1,2,1,2,3,1,2,3,2,2,3,0,1,2,0,0,1,1,1","96.61,95.95,96.56,94.71,94.59,95.41,97.71,97.87,91.47,97.43,95.67,97.74,92.67,93.27,92.85,96.80,96.38,92.62,99.57,97.97,95.68,91.43,91.82,95.17,96.27,96.08,97.16,95.28,93.25,94.57",62.443589826348735,0.7228542697300937,14.787871781289535,3
"1,2,1,2,1,2,2,2,1,1,2,1,1,3,2,0,1,1,2,1,1,3,1,2,1,2,3,1,1,1","94.60,94.90,94.67,96.41,96.08,97.68,94.78,96.25,93.44,93.74,95.41,97.88,96.75,96.47,94.80,95.46,92.39,97.08,97.52,95.48,98.38,94.42,93.95,98.07,95.78,96.16,94.06,94.43,95.50,97.49",55.60721673280006,0.5968813318464112,15.352127358991398,5
"0,1,0,1,0,1,1,0,0,0,0,1,1,1,1,1,0,1,0,0,0,0,0,1,1,1,0,1,0,0","99.84,96.96,97.03,96.52,97.04,98.48,96.56,97.16,98.54,98.45,97.67,96.76,97.27,96.76,97.58,96.18,97.57,96.76,95.56,97.41,96.11,94.59,96.13,97.88,97.94,96.23,99.88,97.15,95.46,97.58",70.43605297145915,0.775278277008518,14.77835356273979,2
"2,2,3,3,1,2,3,1,1,2,2,2,1,2,3,3,1,1,2,2,2,2,3,2,2,2,2,2,2,3","97.03,98.44,97.89,96.99,97.37,98.63,98.83,99.04,97.56,97.09,98.00,98.15,96.99,97.64,97.90,97.96,96.44,97.47,99.21,99.60,98.39,98.43,97.89,96.58,98.51,98.63,98.50,98.37,96.94,98.84",63.47688460812767,0.7782156642471013,14.384731601471595,0
"0,1,0,0,0,0,1,1,0,0,0,0,0,0,0,1,0,1,0,0,1,1,1,1,0,1,0,0,0,0","97.33,97.40,97.76,96.48,97.13,96.81,98.16,97.20,98.25,94.61,98.53,96.14,97.92,96.96,98.49,99.41,98.05,96.84,99.21,96.30,96.67,96.23,96.97,97.03,96.30,98.20,97.01,97.25,95.93,99.59",60.51195370368108,0.853089009937572,14.729833653210699,2
"3,2,2,2,1,3,2,2,3,2,2,2,3,1,2,2,2,2,1,3,2,1,1,2,2,2,2,3,2,3","97.49,97.99,97.47,96.75,98.12,99.40,96.98,98.46,97.66,98.56,98.52,98.58,98.43,97.73,97.93,98.39,97.60,99.29,99.47,97.93,97.96,98.61,96.52,99.08,99.66,98.51,98.49,97.47,97.78,99.21",64.5756884567009,0.7820637044409812,14.773199568804879,0
"2,3,1,0,1,1,1,1,0,1,3,1,2,2,3,2,2,3,2,2,2,1,2,2,3,3,3,3,1,3","95.36,93.90,94.39,98.62,98.04,95.89,97.12,95.55,97.38,97.09,95.65,97.71,98.24,97.51,98.64,97.65,92.84,92.81,91.06,95.69,93.66,97.04,94.58,94.52,94.28,98.88,95.18,94.05,92.64,94.63",64.05030678641744,0.9107987725607899,15.311390992389045,5
"1,2,1,1,2,1,1,2,1,0,2,2,3,2,1,2,0,1,2,2,1,1,3,1,1,3,1,2,3,3","94.74,90.70,94.20,97.74,93.81,92.22,91.20,90.50,90.03,96.43,90.48,92.89,90.17,85.13,94.68,97.20,89.12,95.70,95.77,96.51,90.29,86.04,96.07,95.77,91.21,91.01,88.17,93.77,92.86,91.85",35.41055287463969,0.9145807375516924,14.662811973875481,1
"3,1,3,3,0,0,1,3,1,2,0,1,1,2,1,3,2,1,1,3,1,2,1,2,3,2,0,2,2,1","86.49,92.88,94.90,90.77,92.14,89.62,94.26,85.68,94.68,89.38,94.60,94.15,90.35,96.63,91.44,94.78,90.56,94.54,92.94,92.07,92.43,93.68,91.10,90.31,96.10,90.01,95.41,95.38,95.02,95.55",61.80843997644545,0.9339915728634723,14.42344152420216,1
"2,2,1,2,1,3,2,1,3,1,1,1,3,1,2,1,2,2,2,3,2,1,1,2,2,2,2,3,2,1","97.54,97.67,99.07,98.95,99.06,97.35,97.78,97.63,99.65,96.41,98.16,96.79,97.50,98.00,98.56,97.04,97.73,98.41,98.61,98.49,97.85,97.38,97.44,98.01,97.83,98.09,97.65,97.63,98.33,97.94",74.63537979870921,0.9454964102957362,15.60333967666032,0
"1,3,1,2,2,3,2,2,3,3,3,2,1,1,2,2,2,3,1,3,2,2,2,2,2,2,3,2,3,1","98.25,97.88,99.08,98.60,98.72,98.27,97.83,99.02,97.48,97.95,97.89,97.92,97.49,98.91,98.30,97.59,98.12,97.90,97.71,98.32,97.33,98.38,98.00,96.82,98.69,96.94,97.60,99.25,99.41,97.54",77.68095191732691,0.7383436366409989,15.381783116690624,0
"3,2,3,2,2,3,1,3,2,2,1,3,1,2,2,2,3,3,2,2,2,2,2,3,2,2,2,1,2,1","96.21,98.47,98.28,98.49,99.38,98.11,98.29,96.97,97.75,99.00,98.28,98.57,99.04,96.23,98.83,97.40,97.51,97.71,99.28,98.20,97.15,98.01,95.58,96.89,97.90,98.16,97.76,97.66,99.00,97.48",82.45882623362684,0.5911960248040806,14.972938838560601,0
"0,3,3,1,1,3,1,1,2,3,2,3,1,1,3,1,0,0,2,2,2,1,1,1,0,3,1,1,1,1","93.59,87.78,92.87,91.91,94.06,90.43,94.80,89.71,96.76,90.65,92.49,93.16,95.14,88.04,94.58,94.57,89.85,95.93,94.83,87.95,90.42,95.61,96.36,91.82,90.90,85.81,88.16,89.79,91.51,91.29",48.950316423925514,0.688938078342196,15.120283319713167,1
"1,0,1,0,0,0,0,1,1,1,1,1,0,1,1,1,1,0,0,1,1,0,0,0,0,0,0,0,0,0","95.52,97.95,97.81,95.95,96.66,97.18,96.17,96.58,97.28,98.54,96.24,98.23,96.87,96.19,96.62,97.94,95.80,96.96,97.50,97.85,98.63,98.68,97.39,95.31,97.30,98.05,97.21,96.87,97.40,95.19",66.66839605255133,0.6378909739555473,14.961134696607024,2
"3,1,1,2,1,1,1,1,2,2,2,1,1,2,3,3,1,2,2,2,2,2,3,2,2,2,3,3,2,3","89.08,87.89,90.01,86.65,81.85,85.87,90.60,89.23,87.47,87.94,84.46,86.79,84.18,92.37,88.61,83.44,88.80,90.49,92.29,90.82,86.80,84.40,85.01,88.39,91.54,78.30,87.75,81.65,88.17,83.81",46.68842432152082,0.660657693465203,14.815788118160203,6
"3,2,1,1,3,3,1,1,2,3,3,1,2,2,2,1,2,2,1,1,3,0,3,0,3,3,1,3,2,2","91.84,91.72,91.39,90.40,91.62,93.20,98.42,93.98,92.91,88.04,96.38,90.95,90.08,86.63,93.40,92.09,92.07,95.77,90.91,96.14,94.36,97.32,100.00,91.30,90.87,86.76,89.93,88.52,92.25,94.95",27.738938721763862,0.7027859140207897,14.556394736857397,1
"2,2,2,2,2,1,2,2,2,2,2,3,2,2,2,1,2,2,2,2,3,2,2,3,2,2,1,1,1,2","98.55,97.50,98.52,97.54,98.55,98.68,97.79,96.86,97.03,98.94,97.83,98.91,99.12,97.44,97.42,97.44,98.61,97.92,97.46,98.47,97.70,99.58,97.18,97.78,96.97,97.98,97.48,98.57,98.48,98.96",86.37149670143138,0.7530257067188573,14.159195133940516,0
"1,3,1,1,1,2,1,1,3,0,0,0,1,2,2,1,2,0,2,1,3,1,2,2,1,2,1,2,2,2","96.62,96.72,97.27,96.71,94.32,97.43,93.59,96.26,95.34,95.13,95.96,98.09,96.97,93.93,95.81,95.44,95.18,95.43,97.79,96.27,96.09,99.03,95.57,95.03,99.00,95.79,98.81,92.98,94.58,95.95",61.50809844972091,0.8081794839322616,15.424120680065013,5
"3,2,3,3,2,3,3,1,1,0,1,3,2,1,1,0,1,1,0,2,1,0,2,1,2,1,0,0,3,1","96.61,92.41,95.19,96.52,98.04,95.49,94.58,98.69,98.67,96.11,93.66,96.49,96.46,96.18,95.25,96.55,95.75,95.38,94.20,96.33,97.77,97.58,96.70,97.08,96.71,95.62,98.78,96.46,94.79,91.51",60.31808632488061,0.7257936667050776,14.496240158314517,3
"3,2,2,3,2,2,1,1,2,2,2,1,3,2,2,2,2,2,1,2,2,1,3,2,1,2,3,2,2,2","99.04,99.18,98.09,98.63,96.82,98.59,97.62,98.45,97.72,97.23,98.92,98.72,97.59,99.07,98.40,98.63,97.67,97.80,98.30,98.26,96.53,96.50,100.00,98.22,98.24,97.45,98.25,96.23,98.12,96.90",73.60703126764074,0.8911703892117814,14.635920270553372,0
"1,3,1,0,1,2,2,2,2,3,2,3,2,3,2,2,1,1,2,0,3,2,0,2,1,3,1,2,2,0","100.00,99.51,95.59,96.19,95.32,93.91,93.93,95.51,95.76,94.99,95.62,95.65,99.31,97.40,94.98,93.95,96.80,94.91,95.05,95.61,96.88,96.91,97.93,94.56,95.62,92.31,98.04,94.30,98.10,100.00",62.56703049757664,0.7598539271546528,15.047792078988605,3
"1,2,3,1,2,1,1,1,1,2,0,2,1,2,0,0,2,2,2,3,2,3,1,2,1,2,1,1,2,0","95.74,95.87,93.90,94.78,96.12,97.49,93.60,97.45,93.14,100.00,96.97,93.86,94.75,92.66,95.75,93.23,97.41,95.99,97.88,97.90,96.30,99.81,95.83,93.90,96.59,94.92,98.35,95.19,98.75,96.25",66.24321246938844,0.8135903908474927,15.55340933735576,7
"1,1,2,1,1,2,2,3,2,2,3,0,0,3,2,2,2,2,1,0,1,0,1,1,0,1,0,1,2,3","91.98,91.88,90.57,87.90,92.05,90.79,95.97,91.37,91.82,92.47,91.75,90.74,91.28,90.13,90.13,87.40,92.68,94.79,88.88,88.76,98.25,87.64,91.38,94.40,90.88,97.48,94.04,92.25,95.72,95.18",77.83804158324659,0.6053852869393641,15.15469312848168,1
"0,3,2,2,1,1,2,1,1,2,1,1,1,1,2,3,0,1,1,3,2,0,1,3,2,0,1,3,1,3","95.57,99.00,88.24,93.59,93.69,89.69,93.41,83.69,97.25,88.61,91.04,94.80,91.60,93.69,88.63,90.83,97.62,88.41,87.13,93.87,89.95,95.69,96.27,88.74,93.46,91.01,91.84,91.80,92.98,90.74",44.80873425728434,0.5483715025843273,14.958761852971394,1
"1,2,2,1,1,1,2,2,2,1,2,2,3,3,2,1,0,2,0,2,0,3,1,2,0,2,1,1,0,1","100.00,96.05,94.60,95.23,97.38,95.06,97.41,97.35,99.59,94.00,99.28,95.47,95.71,97.77,91.27,96.72,91.69,95.22,96.27,96.97,97.60,100.00,99.41,93.26,95.70,96.71,95.36,97.84,95.76,93.27",45.44350481144262,0.81199238788386,14.507634171594757,3
"3,3,2,2,2,1,2,3,2,3,1,3,3,1,2,2,1,2,1,2,2,2,2,3,2,2,2,2,2,2","97.41,98.68,98.76,98.57,97.72,98.56,97.79,97.11,98.25,98.75,97.39,98.14,98.16,97.43,97.19,97.99,99.29,98.49,97.65,97.69,97.82,97.93,97.90,98.34,98.75,96.65,99.29,97.45,97.44,98.02",67.16903829929649,0.7863079200409496,14.958908028159778,0
"2,3,1,1,2,1,0,3,2,1,2,2,1,2,1,1,2,2,2,1,0,2,1,3,0,1,1,3,3,1","90.48,89.90,95.16,95.29,94.26,88.97,87.19,95.36,89.24,92.28,92.28,91.22,89.70,91.08,91.74,95.06,87.47,91.29,91.98,90.80,93.43,94.93,96.44,90.92,91.10,88.58,92.34,95.23,91.87,94.21",53.39753731934257,0.856880687429933,14.881506386644597,1
"1,3,2,2,1,1,3,2,2,2,2,2,3,2,3,2,2,2,1,3,2,2,1,2,1,3,2,2,3,1","97.57,98.09,97.04,98.34,98.85,97.84,99.65,98.47,97.46,97.96,98.07,97.63,96.74,97.42,99.88,96.97,97.64,98.34,99.05,98.27,98.82,99.36,96.59,98.27,99.64,97.48,97.81,96.48,97.56,98.01",67.39186301396117,0.8309495867701365,14.74504145741577,0
"3,2,1,0,1,2,3,1,0,1,2,1,3,2,2,1,0,2,2,0,1,2,3,3,3,0,0,0,1,1","93.75,93.02,96.22,98.62,95.09,93.40,96.32,94.57,95.90,90.53,99.04,97.51,90.76,94.85,98.94,92.86,98.17,99.18,96.36,98.61,94.50,95.72,95.69,94.97,95.88,97.10,96.23,96.31,97.01,94.54",55.95999944559598,0.8894802810042023,15.004702586807769,7
"2,2,1,2,2,2,2,3,2,3,2,3,2,2,2,3,2,2,2,1,3,2,2,2,2,3,3,1,3,2","98.71,97.66,97.07,98.46,98.06,99.53,98.81,97.41,98.58,98.66,97.73,98.27,97.72,97.20,98.13,98.12,96.64,98.91,98.84,96.92,97.63,95.36,98.53,98.80,97.85,97.54,98.00,97.69,99.21,98.45",66.68377803643115,1.1697376098789103,15.1571566912308,0
"2,1,3,2,2,3,2,2,1,2,3,2,2,3,1,2,3,3,1,2,2,2,2,2,1,3,3,2,2,1","98.57,97.99,98.57,98.10,98.72,98.66,99.04,96.93,100.00,98.93,97.36,98.33,97.66,96.98,97.40,98.16,97.47,98.61,98.08,96.91,97.09,98.81,99.25,97.83,97.81,97.42,98.92,97.77,97.08,97.45",62.15073376347114,0.8605198677758877,15.49549764777073,0
"2,2,3,3,1,1,1,0,1,3,2,1,3,0,2,1,2,1,1,1,1,1,1,2,2,1,1,3,1,1","91.48,92.98,95.50,90.22,92.17,88.33,96.79,91.71,88.27,90.46,89.81,89.02,89.37,95.92,90.19,91.37,93.63,91.59,93.36,94.29,90.56,98.95,90.86,91.30,95.09,86.56,97.07,88.66,92.13,91.04",46.562718587167005,0.6736879859516975,14.743132314076595,1
"2,1,2,3,1,2,3,2,1,3,2,1,2,2,3,2,1,3,2,2,1,1,2,2,2,1,1,2,3,3","97.71,98.18,97.54,97.44,97.31,97.01,99.03,97.53,96.79,97.24,98.91,99.35,97.68,98.68,98.56,97.20,98.28,98.58,98.76,98.09,97.02,98.78,97.14,97.55,97.82,98.88,99.42,97.99,98.87,97.53",63.50816859268173,0.9046741834015893,14.763648505236459,0
"2,1,2,2,2,3,2,2,2,2,3,3,2,2,2,2,2,1,2,1,1,2,3,3,3,2,2,2,2,1","88.20,85.07,79.56,85.47,92.70,86.78,98.45,86.79,92.64,92.26,87.77,93.42,84.85,78.75,88.54,79.93,86.56,84.25,83.69,92.09,89.44,81.82,87.03,88.32,89.59,85.01,91.54,87.20,85.56,84.37",25.47266526669851,0.6361397446314855,14.815313472886336,6
"1,1,3,1,1,1,3,2,2,2,2,2,1,1,1,1,1,1,0,2,3,2,0,2,0,2,2,1,1,2","88.43,92.52,91.85,88.98,90.21,89.26,97.24,91.26,97.08,95.80,91.90,85.27,91.29,97.21,90.92,94.04,93.82,87.00,90.04,91.43,99.16,90.91,89.22,91.37,90.75,96.15,92.57,91.69,94.95,91.38",62.40276933083314,0.6611418139579865,15.023329907290604,1
"3,0,2,2,1,1,1,2,1,1,1,3,1,1,3,1,3,0,1,2,2,1,2,3,2,3,1,2,3,0","92.69,95.02,96.55,92.71,95.44,94.18,96.48,98.28,100.00,96.04,95.40,96.64,97.08,95.64,97.45,94.93,96.84,95.32,97.12,98.57,97.63,97.39,96.87,94.56,96.24,97.01,97.82,96.44,94.88,96.39",62.31995995442071,1.0448629293682397,14.448940969303097,3
"2,0,3,2,3,1,1,3,3,2,3,3,0,2,0,3,2,1,1,1,2,0,2,2,2,1,2,2,0,1","95.89,96.91,95.60,97.10,92.45,96.02,94.04,96.92,95.56,95.73,95.91,93.45,95.79,94.48,93.63,93.01,97.99,99.87,94.40,97.03,92.72,90.70,95.23,98.08,97.11,94.82,99.78,93.86,95.70,98.12",59.41577677261067,1.1816798152892751,14.89940469240879,5
"2,2,3,3,3,2,3,2,1,3,2,2,3,2,2,1,1,2,2,2,2,1,2,2,2,1,2,2,1,2","98.97,97.81,98.54,97.63,98.31,97.20,99.54,98.56,98.69,97.98,97.92,98.77,97.73,98.40,97.63,97.57,97.32,97.72,98.18,97.44,99.21,97.77,97.36,97.16,98.85,97.80,99.13,98.07,97.63,98.83",60.78328181426933,0.5636383532829278,14.622212613350511,0
"1,0,2,1,1,2,1,1,1,3,2,2,1,1,1,1,0,1,0,3,1,0,0,3,2,0,2,2,1,0","95.09,96.92,93.15,92.80,94.38,94.46,94.60,97.28,92.15,96.87,100.00,94.16,93.46,98.80,93.70,93.99,94.61,96.48,98.44,97.97,99.82,91.33,92.62,97.39,91.41,92.20,96.11,91.97,95.65,97.86",63.0320847536699,0.8259468206325472,15.201987687946943,4
"2,1,2,2,0,2,1,2,3,1,0,2,1,2,3,0,1,2,1,3,3,1,2,2,1,3,2,2,0,3","90.68,92.03,91.93,90.94,95.31,95.49,93.28,86.18,89.48,90.96,93.28,90.53,92.27,83.57,93.63,95.22,90.34,91.19,92.54,89.83,91.15,87.40,91.39,90.88,93.15,92.20,91.27,88.93,92.38,92.13",48.11808688005447,0.9031963923550855,15.407457030481233,1
"3,1,3,3,2,2,1,1,1,2,2,1,2,3,2,1,1,2,3,2,2,2,3,2,2,3,2,3,2,2","98.20,97.65,98.73,97.14,97.87,99.10,97.14,98.13,97.35,98.52,98.48,97.47,97.69,96.28,98.43,98.34,96.86,97.90,97.98,98.22,97.27,96.78,99.26,96.55,97.22,97.35,97.90,95.71,96.59,98.97",62.50446005142506,0.867847835694975,15.490276303174284,0
"2,1,2,2,2,2,3,3,2,2,2,2,3,2,1,2,1,2,1,3,1,2,3,2,2,2,1,2,2,2","91.63,88.56,88.00,82.71,92.03,89.46,83.57,92.53,88.13,81.33,90.44,98.09,87.37,86.06,82.41,82.83,88.36,81.93,89.64,84.39,91.88,90.17,90.15,84.68,88.63,84.20,83.90,90.91,85.71,86.93",13.100158999620163,0.8164684139025291,14.744956107080343,6
"0,0,1,0,1,0,0,1,0,1,0,0,1,0,0,0,0,1,1,1,0,0,1,0,0,1,0,0,1,1","96.51,98.16,97.19,97.32,96.80,95.91,96.58,98.31,97.95,95.37,96.85,98.46,97.51,97.94,97.28,96.85,96.19,96.62,97.79,95.79,97.23,98.61,96.63,96.57,96.58,94.81,96.72,95.50,97.34,97.55",70.68896842008483,0.932811040040275,14.706883659339898,2
"1,2,3,0,2,2,1,3,1,1,3,3,3,3,2,1,1,2,1,0,3,1,2,1,3,1,3,1,2,0","87.75,94.98,92.49,90.98,91.27,88.58,86.45,90.97,91.89,89.69,91.96,96.70,91.07,92.23,94.75,88.21,92.85,88.13,88.18,95.76,88.40,88.25,95.10,91.77,89.42,99.89,87.77,84.31,94.41,97.35",54.36991271343697,0.9461443222739038,15.395513824666073,1
"2,2,2,3,1,2,1,1,1,2,2,2,3,2,2,1,2,1,1,1,2,2,1,2,2,2,2,2,2,3","97.17,98.33,98.85,98.26,99.33,96.85,100.00,98.65,98.11,98.36,97.22,97.90,99.60,98.23,97.56,97.91,98.21,97.46,98.72,97.82,99.21,97.21,97.26,98.33,98.95,99.36,98.95,98.08,98.34,97.62",59.29366166503057,0.9523930775848655,14.847514853028716,0
"2,2,2,2,3,2,3,3,2,2,2,2,2,2,2,1,2,1,2,3,1,3,1,2,2,1,2,1,2,2","89.37,83.00,88.83,95.10,85.23,94.88,92.58,88.12,85.60,86.46,87.14,87.97,89.36,84.56,89.03,93.48,92.36,85.71,90.38,93.52,86.83,84.76,87.56,87.63,87.94,83.32,81.64,87.26,86.40,86.03",26.828948360810962,0.8069799431655666,15.092528979914347,6
"1,0,0,0,1,0,1,0,0,0,1,1,1,0,0,0,0,1,0,1,1,0,0,1,1,1,0,1,0,0","97.51,97.85,97.41,97.86,96.78,96.79,96.19,95.58,97.38,95.19,96.73,98.43,98.14,96.35,96.38,97.84,95.25,98.22,98.20,95.48,95.64,96.57,100.00,96.96,96.45,99.26,97.09,97.44,98.01,96.19",42.08021948720483,0.8324125805756287,15.392434192635827,2
"1,2,2,2,2,1,1,2,2,2,1,2,2,2,2,1,1,2,3,1,2,2,2,2,2,1,3,2,2,1","91.46,91.98,92.23,83.39,94.24,85.30,82.57,85.08,86.87,84.35,90.79,78.95,85.52,83.96,82.16,90.78,90.56,94.59,91.25,88.62,90.58,90.28,87.41,94.29,97.54,86.45,80.22,82.64,92.24,99.37",47.95314246139713,0.8284244528100878,15.134353728159857,6
"2,2,2,2,2,2,2,3,2,1,2,2,2,1,3,2,1,2,2,2,2,2,2,2,2,2,3,3,3,2","96.41,98.71,99.20,98.30,97.68,96.62,99.02,97.44,97.97,98.03,98.45,97.98,97.57,98.86,98.20,99.35,99.02,99.06,98.42,98.31,97.22,98.49,98.42,96.72,98.83,96.48,97.28,98.08,97.24,99.04",68.15700854043153,0.7001684611007004,15.357540619525597,0
"1,1,1,1,3,3,2,3,1,2,2,2,2,2,3,2,3,1,2,3,1,2,2,2,2,2,2,1,1,2","96.06,98.28,98.28,97.62,96.71,97.28,96.68,98.37,98.40,97.70,97.60,96.39,98.99,97.56,97.01,98.33,97.39,98.77,97.61,97.41,97.96,97.04,98.52,98.55,97.84,97.89,98.34,97.99,97.86,99.20",80.46346661272068,0.7182332806562791,15.014640431375428,0
"1,3,1,3,2,2,2,1,2,1,2,3,2,1,3,2,2,1,2,1,2,3,2,2,2,2,3,2,2,2","83.84,85.40,84.20,86.82,83.11,81.38,85.69,84.59,91.70,84.21,87.31,87.16,86.94,94.54,95.04,81.52,96.38,83.49,98.80,89.12,85.65,94.29,87.88,80.63,91.33,86.14,91.41,85.77,88.80,83.80",35.56709744906051,0.8855844116970036,15.057874704892859,6
"2,2,0,1,1,1,3,0,1,0,1,2,2,2,2,3,1,3,2,0,1,1,1,0,1,1,3,2,0,1","92.50,92.37,87.56,97.23,89.73,96.22,94.76,89.79,96.26,89.43,90.51,87.18,93.79,92.03,90.40,93.45,89.81,92.21,91.79,90.67,88.94,94.78,91.66,93.09,93.50,94.44,87.15,94.77,99.35,93.90",46.1411254025427,0.6598179679757388,15.2218679206655,1
"3,1,2,2,1,1,1,1,2,1,1,1,3,3,3,1,3,3,0,1,3,1,2,2,2,1,3,3,1,2","91.76,88.91,90.04,93.69,93.85,85.33,98.91,91.79,93.85,92.28,90.51,92.69,91.64,96.84,90.13,93.94,93.28,87.87,92.91,87.04,90.07,94.45,89.89,91.92,93.41,90.86,89.58,99.64,93.54,94.64",51.193535238371645,0.7520985107459927,14.690449996608457,1
"1,1,2,3,2,2,2,2,1,1,2,1,2,2,2,1,2,1,2,2,2,2,2,2,1,3,3,1,2,2","97.50,98.50,98.07,97.58,98.95,97.43,98.68,98.05,97.98,98.09,98.15,96.68,96.72,98.02,99.00,97.84,97.66,97.98,99.78,97.68,97.47,98.13,97.08,99.18,99.46,98.15,97.79,98.66,95.75,98.08",81.43969805374806,0.5899342152113791,14.96969785514633,0
"1,0,2,2,3,1,3,2,1,1,1,1,3,1,2,2,1,1,1,2,2,1,1,2,0,1,1,2,2,2","91.14,88.27,91.99,91.17,95.20,88.19,92.05,92.04,94.13,92.53,91.31,96.12,88.80,93.71,93.48,90.06,95.76,94.35,89.26,95.60,97.08,91.32,88.94,92.00,91.88,93.68,93.30,87.83,89.96,91.23",61.303322597177065,0.6943303842470497,15.708940146441515,1
"1,1,2,1,2,1,2,3,1,1,1,3,0,1,1,2,0,3,0,1,2,0,1,2,0,1,2,1,2,3","95.49,88.41,91.90,92.64,92.34,91.91,88.61,91.16,85.96,96.07,88.47,97.53,93.22,93.88,90.30,92.59,92.09,90.51,85.10,92.05,87.35,89.35,92.63,90.62,93.15,95.16,91.77,91.95,90.60,88.37",40.5881292369598,0.5833894142575313,15.244738818492303,1
"3,2,1,2,2,1,3,1,2,2,1,2,1,2,0,1,2,1,0,2,1,1,2,2,3,0,0,1,2,1","93.75,94.82,95.81,98.36,97.93,95.67,96.83,96.18,95.74,97.74,97.86,95.65,98.51,97.16,97.42,95.39,96.19,93.15,99.08,97.85,95.17,94.16,94.37,94.86,96.35,98.62,97.21,93.20,95.12,97.12",73.18950408178917,0.6220044993907192,14.586730305928844,3
"0,1,0,0,0,0,0,1,1,0,0,1,0,0,0,0,0,0,1,1,1,0,1,0,0,0,1,0,0,0","97.36,96.70,96.92,95.89,97.64,96.48,99.64,95.45,95.44,95.91,98.26,98.15,95.92,96.98,96.11,97.25,96.88,97.50,97.77,97.75,96.52,95.77,97.35,94.88,95.77,97.60,96.54,97.56,98.08,98.29",66.18370991134067,0.8117465561444749,14.934021027826683,2
"3,2,2,2,2,1,2,0,3,0,2,3,1,2,2,1,1,1,0,2,1,1,0,0,3,2,2,2,0,1","95.44,96.50,96.19,99.86,93.98,94.35,96.43,98.22,98.70,100.00,96.40,97.64,96.45,93.47,94.91,98.95,97.33,98.07,94.70,97.10,94.43,94.96,97.46,95.58,97.91,96.38,97.65,97.43,94.42,94.46",39.15845332868725,0.6665830499095828,14.171615659942573,4
"3,0,1,2,2,3,2,3,0,2,1,2,1,0,1,0,2,1,1,1,2,2,1,2,3,2,1,0,1,2","97.84,93.32,96.60,93.70,93.53,96.89,96.12,96.33,93.17,99.43,95.49,95.74,95.87,96.35,99.78,97.10,95.92,97.76,96.82,94.55,94.10,94.18,95.49,94.60,94.04,96.53,96.24,94.96,95.94,94.55",65.50553552521474,0.9510554909256346,15.713810928975615,4
"2,1,3,1,2,2,1,0,2,1,2,1,1,1,2,1,1,2,3,1,0,3,2,1,1,2,2,1,2,1","89.75,91.78,96.43,94.55,93.05,85.14,92.30,95.87,86.47,90.25,88.41,86.20,93.19,85.44,87.21,85.92,94.58,90.03,93.29,88.40,87.94,91.14,91.46,94.83,91.79,95.92,86.48,93.66,88.03,91.57",60.2389349076427,1.1428361102609799,15.005306867132115,1
"1,2,3,2,2,2,2,2,2,2,2,2,2,3,2,2,2,2,3,2,2,2,2,2,2,2,2,2,2,1","98.05,96.92,98.44,97.73,98.91,98.47,99.42,98.17,97.31,97.41,96.90,98.64,97.25,97.15,97.53,98.64,99.13,98.55,97.62,99.46,98.40,97.90,99.91,97.32,98.26,97.98,97.58,97.00,98.26,97.28",76.26003155852823,0.8402067234671066,14.813254915698318,0
"2,2,2,2,2,3,2,3,2,2,2,3,2,2,2,2,2,2,2,3,3,2,2,2,3,2,1,3,2,2","97.12,97.24,98.94,97.68,98.37,98.61,97.32,96.42,97.59,96.72,97.61,96.77,96.85,98.95,97.94,98.31,97.33,98.91,97.76,98.50,98.46,99.51,99.04,98.21,98.02,96.90,96.67,97.56,98.36,98.00",69.70894510620302,1.0069745701229336,14.746901940150934,0
"1,0,1,1,2,1,2,0,2,2,0,1,3,1,1,2,3,2,1,2,2,3,1,1,1,2,3,2,3,3","93.57,100.00,95.42,97.55,92.86,97.16,95.27,94.14,97.44,93.62,94.36,98.42,98.84,93.73,96.65,98.04,91.65,97.91,95.80,90.50,99.74,94.51,96.85,96.02,96.97,96.97,92.55,96.03,94.36,94.63",60.684037141439966,0.8921196936375435,15.288860999415274,7
"3,3,0,3,3,1,2,1,3,2,3,2,3,2,1,1,1,2,1,3,3,2,1,1,1,2,1,2,1,3","91.39,91.91,92.75,88.82,90.78,93.78,88.68,95.42,98.20,86.56,94.64,94.81,89.54,88.93,95.80,94.15,97.05,89.32,94.82,87.38,93.96,91.89,94.41,88.26,89.74,92.78,92.85,89.91,85.03,91.25",61.58638668762033,0.8987009384549645,14.62268100539932,1
"1,1,0,2,1,1,2,3,1,2,0,2,2,1,1,0,2,0,2,1,2,2,0,1,3,1,2,3,2,2","98.52,93.01,95.76,93.62,97.89,96.09,92.83,95.54,95.34,97.77,98.26,97.38,96.06,99.82,96.37,99.11,92.58,96.56,100.00,94.29,97.07,97.04,92.18,96.84,97.73,97.70,99.20,96.84,98.64,96.31",48.0179116716905,0.6354448573764261,14.901743765190739,4
"3,3,2,1,2,2,2,2,2,2,2,3,2,1,2,2,1,2,3,2,2,3,2,3,2,1,2,3,2,3","98.48,98.35,98.58,97.86,98.79,97.59,96.90,98.60,98.71,97.71,99.07,98.34,98.07,97.43,98.52,97.88,98.52,98.70,97.43,96.43,97.27,98.93,99.69,97.11,97.79,97.30,97.91,98.29,98.80,97.71",69.9622529079383,0.9324020321313081,15.214317819415585,0
"0,0,0,0,1,1,3,1,2,3,1,1,1,1,1,2,1,2,2,2,1,0,1,2,3,1,1,2,3,2","85.78,89.23,93.83,95.59,96.31,95.72,89.83,88.57,90.97,93.58,95.60,91.76,89.76,87.49,93.66,94.00,91.67,92.95,91.19,93.26,93.74,92.39,92.35,88.87,86.65,96.07,84.72,90.75,93.29,92.45",37.37588154968773,0.8739063486334282,15.422021162381558,1
"1,2,2,3,2,2,3,2,1,1,2,2,2,3,2,1,2,1,3,1,2,2,3,3,2,2,3,2,1,3","97.96,98.06,98.00,98.01,97.36,99.14,98.18,97.97,97.93,98.05,99.22,96.14,97.76,98.21,97.97,97.80,98.74,98.17,99.29,98.02,96.83,97.17,96.52,99.52,97.69,99.17,98.26,97.48,97.48,98.75",69.1196273878978,0.7904412194748901,14.782290037662118,0
"2,2,2,1,3,2,2,3,3,2,3,2,2,2,3,2,1,1,2,1,2,2,2,2,3,2,2,2,3,2","97.23,97.94,97.35,97.39,98.75,97.45,98.99,97.31,98.77,97.48,97.67,100.00,97.62,99.50,96.62,97.39,97.31,98.91,98.40,98.29,97.85,100.00,97.53,98.00,98.78,98.43,95.98,98.71,97.59,97.54",60.81560983528962,0.6470023116964848,14.473092922361955,0
"2,2,2,2,3,2,2,3,3,2,2,2,2,2,2,2,3,2,2,2,2,2,2,2,2,1,1,2,2,2","97.08,98.05,98.32,97.26,97.65,97.39,98.43,98.01,98.29,98.21,97.84,97.25,98.17,99.95,97.16,99.28,97.00,97.66,98.37,97.48,98.22,97.59,97.82,99.51,96.85,98.22,98.09,98.62,97.17,99.09",67.75519957638674,0.8989937909919042,15.127071580385753,0
"2,2,3,1,2,2,2,2,2,1,2,2,1,2,2,3,2,1,2,2,1,2,1,1,2,2,2,1,2,2","97.89,98.51,97.57,97.57,97.79,98.04,98.39,97.08,98.55,98.54,98.41,97.48,97.87,98.51,96.62,97.94,97.80,98.64,98.61,98.53,98.14,98.28,97.03,98.12,98.19,96.98,98.95,97.68,97.69,97.65",76.11128321348846,0.8591355270405917,14.88677566660527,0
"1,3,3,1,3,2,0,3,2,1,2,2,2,1,2,3,1,1,2,2,0,1,0,3,2,1,1,0,0,2","98.02,97.02,93.92,99.44,97.01,95.36,95.58,94.55,92.64,97.84,93.80,95.14,94.26,98.19,97.31,94.35,97.84,92.63,98.13,93.41,94.48,96.80,96.16,94.24,96.41,98.85,96.03,94.79,95.59,96.38",54.71069669769024,0.8892538750367905,15.383536245914875,4
"1,3,1,2,3,1,2,3,2,2,1,2,2,3,2,2,1,2,2,3,2,2,3,3,2,1,1,3,1,2","97.52,97.05,97.88,98.66,97.04,98.38,96.98,97.08,97.90,98.24,100.00,97.02,97.83,97.72,97.36,97.69,97.82,97.19,97.63,98.98,98.15,97.17,97.82,98.19,97.13,99.42,97.82,97.18,98.78,98.80",78.87694777839243,0.7727542561954014,15.10338610026688,0
"2,2,1,3,1,1,1,1,2,2,2,3,1,1,3,1,3,1,3,2,3,2,1,3,3,2,2,1,2,3","96.92,81.19,84.19,88.87,88.76,91.09,86.36,84.89,82.07,87.27,89.15,89.71,92.34,88.59,83.36,87.34,87.02,95.33,87.09,83.96,92.17,86.80,88.38,91.93,90.55,80.70,91.58,90.79,85.08,85.10",46.426097999275946,0.9084081669022498,14.595320539290242,6
"0,1,1,0,0,0,0,0,1,1,1,0,0,1,1,0,1,0,1,1,1,0,0,1,0,0,0,0,0,0","97.72,96.36,97.20,97.48,97.28,97.05,97.82,96.14,96.96,98.04,97.25,97.34,96.82,96.46,96.83,95.59,96.35,97.59,97.21,95.86,97.72,97.99,97.20,95.60,96.35,97.51,97.01,97.27,97.39,99.13",63.285433765247575,0.4997748749298475,15.268449956825252,2
"1,2,2,1,0,2,1,1,2,2,1,3,2,1,2,3,3,3,2,2,2,3,3,3,1,1,0,2,2,3","95.34,100.00,100.00,96.89,93.00,95.13,95.94,96.85,99.05,97.12,96.86,97.05,96.58,96.04,93.18,98.64,97.42,94.99,94.50,97.32,93.91,92.62,99.22,97.15,93.08,96.07,95.94,95.73,99.47,98.40",57.523449091682494,0.685310783182776,15.127589714056873,5
"1,0,3,0,3,2,1,2,3,1,2,2,2,1,0,1,1,1,2,1,3,2,2,1,2,2,1,2,2,3","96.30,98.14,95.73,95.34,97.63,93.63,95.52,95.75,99.10,98.40,97.19,95.94,94.90,96.92,92.55,96.46,97.60,95.82,95.25,97.16,96.21,94.83,94.06,95.38,97.75,96.72,94.48,98.67,99.09,93.83",60.07659868670527,0.7089500335197173,14.733324149969286,7
"0,0,1,1,0,0,0,0,1,0,0,1,0,0,0,0,0,0,1,0,0,0,0,1,1,1,0,1,0,1","99.82,99.00,96.21,97.35,94.93,95.38,96.88,95.87,96.29,98.43,97.80,98.73,96.45,96.94,98.78,97.04,96.97,96.79,96.67,97.33,97.04,96.70,96.49,96.34,96.15,93.92,95.92,96.17,97.18,95.84",61.78462155642936,0.8633093676801085,14.345854633658412,2
"1,2,1,2,2,2,1,1,1,2,1,2,2,2,2,1,3,2,2,2,3,2,3,1,1,2,2,1,2,2","98.12,99.87,99.14,96.11,100.00,97.41,97.88,99.41,97.88,97.60,98.07,97.09,97.80,98.93,96.83,98.94,98.37,96.69,98.05,98.82,97.67,98.95,96.50,98.49,98.72,99.21,97.50,97.07,98.37,97.25",65.6019661173433,0.762909434548072,15.320666564682627,0
"2,3,1,2,1,2,2,2,2,1,3,2,2,3,2,3,2,1,2,2,1,2,2,2,2,2,1,2,2,2","97.75,98.16,99.12,97.63,98.69,98.23,98.54,98.18,98.99,97.37,97.18,97.71,98.72,98.06,96.86,98.23,97.93,98.04,99.25,99.43,98.08,98.00,96.97,97.71,97.63,98.44,96.83,98.63,98.81,98.12",74.82667883444037,0.7695780616423183,14.607540908047287,0
"2,2,3,3,2,1,0,2,2,2,2,1,3,2,1,2,2,0,2,2,1,2,2,2,0,2,2,1,2,1","95.81,98.24,96.47,98.11,99.14,96.68,96.41,95.24,93.09,97.60,95.56,96.74,98.14,95.04,97.46,96.42,95.47,94.46,99.01,97.80,96.94,95.24,98.29,95.63,95.72,98.76,100.00,94.24,95.23,93.58",76.00284412652115,0.4504200137736553,15.11260191390595,7
"0,1,2,3,3,0,2,2,1,0,0,2,2,0,3,1,2,1,1,1,1,3,3,1,2,1,2,1,2,2","96.45,97.08,95.97,96.76,98.51,95.15,96.15,92.60,95.85,94.34,97.35,95.28,100.00,98.56,98.30,96.64,93.94,96.54,94.45,98.31,97.96,94.38,95.05,96.67,95.77,98.65,95.54,93.88,96.17,93.12",65.09317236974636,0.5634174496610138,15.289866653731314,3
"0,1,0,1,0,0,1,1,0,0,0,1,1,0,0,0,0,1,0,0,1,1,1,1,0,0,1,0,0,1","98.10,97.13,95.58,98.31,98.83,97.04,98.32,96.48,96.63,98.10,97.94,98.38,95.15,97.42,97.48,98.39,96.26,97.79,96.62,96.57,96.22,98.06,97.44,96.97,98.72,96.38,96.62,96.02,95.73,96.16",54.817580266869214,0.6216137838821664,14.770533043602455,2
"1,2,1,2,1,3,2,2,2,3,3,2,1,2,2,3,3,3,3,2,3,2,2,2,2,2,3,2,2,2","98.38,96.72,97.05,99.09,98.60,98.07,97.56,97.52,96.92,97.26,97.72,97.82,98.58,98.00,98.45,98.81,98.50,99.55,97.73,98.09,97.71,98.31,97.81,97.15,98.24,98.49,97.83,99.63,97.82,98.51",59.409555008764016,0.8785756597665794,15.523999845777547,0
"1,2,3,2,1,3,3,3,1,1,0,1,1,2,1,2,1,1,2,2,3,2,1,2,2,2,1,0,1,1","95.11,89.74,90.19,91.76,92.44,91.61,91.19,95.02,87.53,95.19,92.94,94.48,89.45,86.84,91.72,96.55,95.79,85.98,89.53,88.54,90.99,95.18,92.59,93.87,88.26,88.74,94.03,92.42,92.29,94.00",70.9274508146563,1.0607648519647113,14.77993938290951,1
"0,1,1,0,0,1,3,2,2,3,0,1,2,1,1,1,2,2,0,3,0,1,1,0,3,1,1,0,1,3","98.69,92.03,94.95,95.24,95.95,96.23,99.58,94.95,94.97,98.70,93.64,98.89,99.73,96.12,94.04,95.71,91.68,97.83,96.60,97.18,94.87,97.80,100.00,97.58,97.11,93.41,95.90,94.17,95.14,99.64",72.44301264486978,0.712528007777179,15.147514878398912,4
"1,3,0,1,0,1,3,1,2,1,2,2,0,1,1,2,3,1,1,2,1,1,1,0,1,2,2,3,1,1","92.75,95.14,93.81,97.13,95.88,100.00,93.05,94.09,97.13,94.80,95.46,94.43,93.46,94.41,96.39,99.53,97.84,94.62,95.43,96.13,99.65,97.71,97.81,96.68,93.75,94.85,98.50,96.67,92.00,97.99",67.4140890538969,0.8121294074049114,14.708951880547241,7
"1,2,1,1,2,1,1,3,0,1,2,3,2,1,2,2,3,2,1,1,2,1,2,0,1,2,0,1,0,1","94.10,97.07,91.65,96.39,97.50,97.77,93.09,96.83,94.50,94.01,97.30,95.68,95.76,95.15,97.68,94.75,93.72,95.35,95.70,97.46,97.31,96.67,96.59,96.37,100.00,96.77,94.37,97.67,96.80,96.35",40.10543241263498,1.198122767230211,15.034800597824736,3
"2,3,2,2,2,1,2,3,1,3,2,1,2,1,2,2,1,1,3,3,2,2,3,2,2,2,3,2,3,2","98.06,99.36,98.17,97.31,98.37,98.21,97.51,98.66,98.36,98.21,98.80,98.62,97.70,97.84,98.63,97.43,98.24,97.28,98.56,97.07,96.98,98.25,97.15,98.84,98.06,98.07,97.99,98.07,97.98,98.89",70.34004206734083,0.6217116548736464,14.749270223711202,0
"3,1,2,2,1,3,1,2,3,3,1,2,2,3,3,2,0,1,1,2,2,1,1,1,3,2,1,1,0,3","91.51,97.67,90.38,94.21,91.65,91.59,90.78,100.00,95.96,93.10,91.97,88.75,90.08,88.74,89.87,93.64,89.60,93.85,92.38,93.68,95.05,92.05,93.09,92.90,90.99,91.14,89.00,90.96,92.31,93.92",35.29326467033431,0.6215776415724068,15.40537556506046,1
"1,1,2,3,1,2,0,2,0,3,1,3,1,1,0,2,1,1,2,2,3,0,2,3,1,2,1,2,0,2","96.45,95.58,96.73,97.92,92.78,99.35,95.53,94.73,94.32,93.37,95.93,95.64,96.92,96.27,98.37,95.23,94.21,94.41,96.25,95.73,97.20,96.67,94.95,95.24,93.99,91.55,96.99,95.49,95.30,97.34",52.239732688811166,0.8220430718886816,14.73274313272593,5
"0,0,1,1,0,0,0,1,1,1,0,0,1,0,0,0,1,0,1,1,0,0,0,1,0,1,1,1,1,1","97.79,96.88,98.14,95.81,94.86,95.90,98.11,96.51,99.30,96.37,96.48,98.39,97.43,97.90,96.19,96.66,96.79,97.79,95.88,96.76,97.39,96.30,96.70,96.10,96.54,95.61,96.82,96.92,97.96,95.43",64.27483550651749,0.6295768375483708,14.18065343633077,2
"2,2,3,3,2,2,2,1,3,3,1,1,3,1,3,2,1,2,2,2,3,2,2,3,2,2,2,3,2,1","98.98,96.70,97.03,98.77,98.39,97.52,99.64,97.52,98.69,98.15,97.82,98.08,100.00,98.35,97.86,98.21,98.01,97.77,97.89,98.74,97.77,97.15,97.96,97.84,97.78,98.48,98.28,98.00,96.94,98.22",70.61457719400528,0.933216072560277,15.535778584760418,0
"3,2,3,1,2,3,0,1,0,3,0,2,3,2,1,2,3,2,2,2,3,2,2,1,3,2,3,3,2,0","92.89,98.75,92.74,94.85,100.00,92.76,95.64,100.00,95.54,98.18,95.48,97.12,98.08,93.80,94.01,94.79,99.72,95.45,93.14,97.15,95.02,97.30,95.29,98.07,93.80,94.87,96.24,90.95,95.12,92.49",72.77347492595008,0.5862377382729743,14.487545445343745,5
"1,1,0,0,1,0,0,0,0,1,1,1,1,0,1,1,0,1,1,0,0,0,0,0,1,0,0,1,0,1","98.27,97.33,96.25,98.51,97.48,94.92,97.11,96.77,99.96,97.20,96.85,97.65,99.06,95.02,97.07,96.36,96.69,98.58,97.14,98.29,97.98,96.87,99.01,97.73,97.73,95.94,97.23,96.52,96.38,96.48",47.234962042247,0.7366292398136557,15.677435024950602,2
"0,0,1,0,0,1,0,0,1,1,0,0,1,0,1,1,1,1,0,0,1,0,1,1,1,1,1,0,1,1","97.09,96.11,95.76,95.40,96.37,97.76,99.84,97.79,98.54,98.25,98.62,95.55,97.28,97.11,97.03,96.17,96.04,98.06,96.44,96.43,97.66,97.40,96.59,96.56,96.17,95.58,96.77,96.36,96.95,97.91",50.35888983281581,0.7853925598880417,14.903395717769227,2
"1,2,3,2,1,3,0,2,2,1,2,2,1,1,3,1,2,1,1,1,2,1,1,2,1,0,3,3,0,2","90.93,94.92,91.49,91.52,94.73,92.34,95.87,89.27,92.55,86.83,97.95,90.90,95.22,85.10,92.30,86.87,88.34,94.40,87.33,87.34,92.23,94.34,90.74,98.78,91.45,89.34,90.91,93.41,92.12,93.31",44.91411390664154,0.7871488927713258,14.765992769475337,1
"0,1,1,3,0,3,0,2,2,2,3,1,3,1,2,1,2,2,3,2,3,0,0,2,1,3,3,2,1,2","92.81,95.24,97.71,97.43,94.50,95.20,94.00,98.70,94.06,92.80,96.02,94.77,93.29,94.19,92.79,93.62,95.89,97.48,96.44,93.93,96.34,95.52,96.33,95.08,98.00,93.26,95.60,92.57,95.33,95.79",50.84014459808139,0.6884031848925045,14.608206977559862,3
"2,2,1,0,2,3,0,1,1,3,1,2,2,1,0,0,3,1,2,2,1,1,2,1,0,1,2,2,1,3","90.26,93.51,95.78,87.37,89.56,94.20,89.23,93.87,93.73,88.22,84.76,88.88,94.30,90.98,88.97,92.14,92.73,91.89,91.23,91.47,87.05,98.58,89.43,94.44,90.03,95.87,85.81,89.63,90.70,90.08",23.968799968793537,0.8653432687951109,15.35397065385904,1
"0,1,1,0,0,1,1,1,1,0,0,0,1,0,0,1,1,1,1,0,0,0,0,0,0,1,1,1,0,0","97.75,96.40,95.47,95.89,96.44,97.31,97.49,98.63,97.32,96.62,97.22,97.21,96.05,95.51,96.63,98.79,99.33,97.04,98.50,96.22,97.20,96.77,96.89,97.29,95.68,98.50,97.96,96.16,97.94,97.58",58.73688066402931,0.6414024696595768,14.775254673941259,2
"2,1,1,1,2,2,2,2,1,2,1,2,2,3,3,2,2,3,1,3,2,1,2,1,2,2,2,3,2,2","99.41,98.63,98.61,98.33,97.52,98.85,97.17,97.94,96.55,99.33,98.73,97.08,98.47,98.79,97.56,98.72,97.66,97.97,97.73,98.83,97.21,96.34,97.31,99.48,98.46,97.80,97.81,97.90,98.03,98.35",75.45034624076656,0.6782716811058227,14.649461941750028,0
"3,2,2,2,2,1,2,3,2,2,2,2,2,1,1,2,1,1,2,2,1,2,3,2,2,2,2,2,2,2","98.60,98.79,98.02,98.14,97.96,98.60,97.03,97.85,99.76,99.17,97.17,97.57,98.07,98.50,98.03,97.38,97.39,97.26,97.27,98.68,98.26,97.92,96.89,96.70,97.24,99.18,96.45,97.16,96.71,97.65",67.49228964708563,0.584028415321108,14.94939692801028,0
"2,2,2,0,1,1,2,1,1,1,2,1,3,1,3,1,3,3,0,1,2,2,2,3,1,1,3,3,3,2","97.11,97.67,91.60,100.00,96.02,98.63,92.99,95.84,92.13,96.46,95.61,97.09,98.84,96.46,97.91,97.37,96.10,98.05,97.29,95.63,95.77,93.77,99.91,95.64,97.03,93.71,95.87,95.79,92.59,100.00",57.41755066466956,0.7788960627669776,14.277131327148494,5
"2,3,3,2,2,3,1,1,1,1,2,1,1,3,3,2,2,3,1,2,2,2,3,2,2,3,2,3,3,3","99.24,98.04,98.90,97.74,96.45,97.71,99.12,96.78,98.95,98.03,99.12,97.66,98.84,98.08,98.68,98.41,98.65,97.34,98.06,97.97,98.78,97.53,96.56,98.58,99.18,98.40,97.70,98.33,98.01,98.71",83.14713842206936,0.697593493789842,15.465470292840996,0
"2,3,3,3,3,3,3,1,2,1,2,1,2,2,3,2,2,2,2,3,1,3,2,3,2,3,2,2,3,2","97.54,97.70,98.25,98.57,97.73,97.75,99.75,96.32,97.37,98.16,98.37,98.69,98.34,98.91,96.92,99.72,97.21,97.23,98.16,100.00,98.00,99.46,98.21,97.17,97.73,97.92,97.09,97.10,97.14,97.39",63.66371417203407,0.9114126223073975,14.637821347549947,0
"2,2,1,2,1,1,1,1,2,3,2,2,1,1,2,1,2,2,2,2,2,1,2,1,2,2,2,2,1,3","97.58,99.66,97.34,97.78,96.86,99.05,97.37,97.02,98.73,99.18,97.18,99.71,97.69,98.84,98.73,97.21,97.63,97.31,98.68,97.45,99.80,98.22,97.92,97.43,97.19,98.73,97.42,98.63,97.64,99.35",72.40953586239793,0.8470928727332123,15.395706375872061,0
"3,3,2,3,2,1,2,1,3,0,1,1,1,2,3,3,1,1,1,2,1,2,1,1,3,1,1,3,3,2","87.59,93.43,88.35,91.14,93.11,91.27,90.64,91.29,94.73,90.41,89.66,92.51,87.99,93.02,90.53,97.23,88.97,91.04,93.25,95.54,93.45,92.77,91.88,94.62,91.51,91.09,92.06,92.42,93.15,96.24",42.849298452410935,0.5416803524507023,15.214573964100197,1
"3,2,2,2,2,2,2,2,2,2,1,2,2,3,1,2,1,2,2,2,3,2,1,2,2,2,3,3,3,1","98.17,98.07,97.47,96.70,96.58,97.62,97.37,97.87,98.44,99.21,97.39,98.61,98.61,96.75,98.00,99.89,96.43,97.13,98.53,99.02,98.13,98.14,99.15,98.40,97.33,98.56,98.46,99.09,98.13,98.72",62.42450104291428,0.8212568867189691,14.81785455770461,0
"1,2,3,2,0,1,3,2,0,2,2,3,2,1,2,1,3,0,2,3,3,1,2,3,2,1,2,3,0,0","96.86,92.56,96.26,98.40,94.81,97.05,97.63,98.30,94.40,99.42,95.17,96.47,94.41,98.54,95.51,96.44,97.56,93.18,95.14,97.95,99.58,99.67,94.18,96.59,95.63,95.49,93.31,95.68,98.30,99.22",64.70003233246346,0.7539329576246406,14.731359685117745,3
"2,2,3,3,2,2,2,2,3,2,2,1,2,2,2,2,2,1,3,1,2,1,2,1,2,2,2,3,2,1","98.12,97.48,97.97,98.74,97.45,97.13,98.21,97.23,97.54,99.23,97.23,98.71,97.83,98.24,98.29,98.15,97.86,98.69,99.29,99.10,96.41,97.04,98.66,98.34,98.77,97.77,98.59,98.77,97.77,97.73",67.7977803330625,0.7201346268840891,15.472619781015966,0
"1,1,1,0,1,0,1,1,1,0,1,0,1,1,0,1,1,0,0,1,1,1,0,0,0,0,0,1,0,0","95.85,95.20,97.71,96.26,97.66,96.45,96.90,96.18,96.68,99.53,95.28,97.55,98.42,96.80,97.55,96.84,97.15,97.53,96.38,96.20,97.29,97.24,97.04,95.69,97.81,97.93,97.34,98.75,97.07,98.08",46.15725466677728,0.684459911434334,14.988754986055799,2
"2,2,2,2,2,3,2,3,2,3,2,1,2,1,3,3,3,2,2,1,1,2,2,2,2,2,2,2,1,1","98.84,97.92,98.73,98.99,98.09,97.02,98.29,99.44,96.95,99.18,99.46,98.42,97.83,96.95,98.50,97.67,98.34,98.54,97.02,98.32,98.22,98.42,97.17,98.43,99.12,97.23,98.36,97.39,99.09,96.31",72.45859020474883,0.7058119210687539,15.07593328162903,0
"2,2,2,2,2,2,2,2,3,2,2,2,3,1,1,1,2,2,1,2,2,3,2,2,2,2,3,3,2,2","98.85,97.93,97.89,97.93,97.45,98.00,97.34,96.51,98.32,98.64,96.89,97.19,98.49,98.39,98.81,98.03,96.67,97.60,98.07,98.21,97.64,99.03,99.39,98.60,98.31,98.11,97.79,97.86,98.79,98.04",66.66219734286015,0.5726226535067526,14.715752876652635,0
"1,2,2,2,1,1,3,3,2,3,2,3,1,1,2,3,2,2,2,2,1,2,1,2,1,2,2,2,1,2","87.56,87.91,88.80,94.54,87.03,86.44,86.83,85.08,88.70,88.09,90.25,88.49,84.28,87.59,87.84,83.95,89.75,85.21,88.27,91.67,91.30,85.71,87.62,85.06,88.95,89.43,79.69,91.66,85.24,93.00",39.63436309258589,0.7142686092613657,14.595419802872351,6
"2,2,0,1,1,1,1,2,2,3,1,3,2,1,2,0,1,1,2,3,2,1,1,1,2,1,2,1,2,1","94.56,91.24,98.31,95.94,96.24,95.95,95.67,96.33,97.36,95.67,95.07,93.63,97.14,94.35,96.07,99.89,94.50,98.50,96.87,94.24,95.00,97.10,96.17,98.36,95.50,93.47,96.28,96.86,100.00,94.14",72.84638609106611,0.7825329608242257,14.9060972309951,5
"1,1,2,1,2,1,3,2,1,3,2,2,2,2,1,2,2,3,2,2,1,3,2,1,2,2,3,2,3,1","90.93,89.45,81.80,88.63,89.80,90.95,92.95,92.61,89.63,91.30,82.73,81.96,83.99,83.95,89.87,93.04,79.41,89.00,87.48,84.92,92.03,91.47,84.57,87.97,88.76,94.36,87.96,88.72,87.73,87.77",48.90985731603752,0.8675926726127389,14.866898385544712,6
"2,1,3,1,0,1,1,1,1,1,0,3,2,3,3,0,0,1,3,2,1,1,3,1,1,2,1,1,0,1","91.92,89.47,94.02,85.16,88.92,88.58,93.65,94.43,84.72,93.50,91.74,93.26,89.52,92.47,95.50,92.36,94.68,90.22,89.30,92.64,92.09,90.08,94.20,96.17,95.95,92.20,93.49,87.98,85.28,93.65",53.193698726691814,0.7267042737896496,14.951096136075124,1
"2,2,3,2,3,3,3,2,2,2,2,2,3,2,3,3,2,2,2,1,2,2,2,2,1,2,3,3,2,2","97.75,98.89,97.57,97.90,98.31,97.87,97.47,98.83,99.06,98.66,98.49,98.86,97.95,98.66,98.03,97.97,98.20,98.63,98.78,98.81,97.81,98.43,98.83,97.90,97.54,98.61,97.99,98.91,98.11,96.31",72.02094067367919,0.9085606393749356,15.119963859065695,0
"2,3,1,2,2,1,2,2,2,2,2,3,2,2,2,2,2,2,2,2,2,2,3,1,2,2,2,2,1,2","98.49,97.86,99.46,98.47,97.99,96.59,98.30,98.16,97.36,97.63,98.33,98.54,96.46,96.75,98.85,97.76,98.59,98.37,99.25,96.14,97.81,97.45,97.59,97.80,98.41,100.00,99.60,98.10,98.54,97.79",85.66580550377878,0.7538732529550737,15.362974614238205,0
"2,1,1,1,2,2,2,1,2,2,1,2,3,1,2,3,2,2,2,1,1,2,1,3,3,2,2,3,3,1","85.68,86.83,84.12,94.60,86.87,89.32,87.70,97.83,85.59,91.87,90.17,82.64,80.00,88.85,84.57,84.91,92.99,87.67,83.68,83.10,91.53,82.78,87.31,88.79,92.81,79.87,89.10,94.36,85.66,89.20",46.92731383201448,0.666077197160632,15.297025044177438,6
"1,2,2,2,1,3,1,2,2,1,2,1,1,0,3,1,2,3,3,1,0,1,0,1,1,2,1,2,1,1","92.20,83.33,94.35,92.37,89.02,85.96,93.40,90.40,90.75,92.48,89.56,91.06,89.20,94.01,93.34,87.42,95.73,88.93,95.89,89.23,94.37,87.62,89.03,87.39,92.17,87.34,83.90,93.99,93.36,99.16",54.07738766224793,0.7106227841899168,15.020218601899305,1
"1,2,2,3,3,1,1,2,2,3,2,2,2,2,2,3,2,2,3,2,2,2,2,3,3,2,2,1,1,3","97.97,98.42,96.71,97.49,97.17,98.15,98.72,98.83,98.44,98.05,98.51,98.09,96.45,99.71,96.65,98.77,100.00,98.19,99.22,96.70,97.32,98.76,100.00,97.39,98.83,98.18,98.58,97.64,98.61,97.63",85.13910166736542,0.9391752041812248,14.521140498527675,0
"3,2,2,2,2,2,3,2,2,2,1,1,2,2,2,2,2,1,1,2,3,2,2,2,3,2,2,2,2,3","97.74,97.03,97.48,97.57,97.76,99.12,97.14,96.86,97.79,97.91,97.96,97.53,98.87,98.67,96.95,97.18,98.04,97.48,97.34,98.79,97.92,97.71,97.75,97.72,96.79,98.28,97.56,97.58,98.34,98.69",65.16553989664294,0.6389856335634588,15.363973636236208,0
"1,1,1,0,0,1,0,1,1,0,0,0,1,1,1,0,0,0,0,1,0,1,1,0,1,0,0,0,0,1","97.26,95.71,97.57,98.17,97.97,98.58,94.79,97.87,97.63,96.80,97.55,96.89,96.20,98.55,97.30,96.83,98.61,98.93,95.92,97.39,95.78,96.96,98.27,97.40,97.44,96.53,97.35,97.68,96.47,96.80",40.6191820897669,0.5168854476907341,15.13312451743366,2
"3,1,3,2,3,2,2,3,0,2,1,3,1,1,2,1,2,2,1,1,1,2,2,1,2,2,0,0,1,1","87.37,88.27,92.24,91.43,90.27,94.42,92.12,90.28,95.47,90.04,92.93,88.34,92.39,89.51,94.32,93.91,91.65,92.98,92.89,93.29,88.68,87.06,95.58,88.72,92.26,86.95,91.98,93.67,91.96,93.66",59.6860855812636,0.6284308515553592,14.104935339282003,1
"1,2,2,3,1,1,1,1,1,2,2,2,0,0,3,1,1,3,2,1,3,3,1,3,3,2,2,2,3,2","90.36,92.24,94.16,90.17,95.59,92.65,97.10,86.39,95.72,93.67,91.63,94.97,98.49,92.81,94.15,89.23,93.87,91.88,92.09,95.92,86.02,99.53,92.93,94.86,93.62,93.78,91.19,96.19,93.63,94.92",49.19773632220283,0.6746700485700121,15.3208495281259,1
"1,1,3,2,0,0,3,1,3,0,3,3,2,2,2,3,1,3,0,2,2,1,1,3,2,1,1,1,3,1","92.47,94.22,94.73,94.76,90.33,90.69,90.91,89.98,98.92,91.03,89.89,87.19,93.24,89.73,92.89,89.63,91.24,90.86,94.78,91.25,90.08,94.29,95.96,93.07,94.32,92.45,93.93,90.08,89.35,87.09",64.0725380318038,1.1037282239348254,14.87813919675444,1
"2,3,2,2,2,2,1,2,1,1,3,3,2,3,2,2,2,2,2,1,2,3,2,2,3,3,2,2,1,1","97.78,98.03,96.38,96.65,98.06,95.91,97.51,97.98,97.57,97.81,97.84,97.27,98.35,97.84,98.91,96.81,100.00,98.27,97.36,98.82,97.80,99.88,98.94,99.16,97.48,97.18,98.40,98.73,98.20,98.24",69.01792212745949,0.8879064785727724,15.527804073121201,0
"2,2,3,2,2,3,2,2,1,3,2,1,2,1,2,2,1,3,1,2,2,1,2,2,2,2,2,2,1,1","98.96,95.64,97.46,99.08,99.53,98.43,96.00,97.46,99.23,97.78,97.68,96.15,99.27,98.40,97.62,98.62,98.10,98.04,97.56,97.94,98.62,97.40,98.05,98.01,97.76,97.87,98.10,97.98,98.07,96.89",66.79751433432854,0.5241665371352773,14.880809084763458,0
"2,2,2,2,1,2,3,2,2,2,2,3,3,2,2,1,2,2,2,2,2,1,2,2,2,1,2,2,2,2","97.42,99.05,96.39,97.47,98.26,97.62,98.81,97.60,97.68,97.65,97.46,96.79,97.26,98.58,99.77,97.77,99.39,98.72,97.81,97.60,98.49,97.32,97.59,97.66,97.25,98.72,96.46,97.00,98.35,97.28",80.01406122913174,0.7452187522505874,14.793824135433168,0
"1,3,2,3,3,2,3,1,3,2,2,1,3,2,2,2,3,2,1,2,2,1,1,2,2,2,2,3,3,3","98.27,98.63,96.98,98.37,98.09,98.00,98.45,98.23,98.11,97.52,100.00,98.46,97.77,96.98,98.68,98.53,98.14,97.44,99.67,96.86,97.33,98.58,98.30,100.00,99.76,98.64,99.38,97.94,98.04,99.33",67.71372154294578,0.8139539052049987,15.373586096618615,0
"2,2,3,2,2,1,2,2,3,2,2,2,3,2,2,2,3,3,1,2,2,2,2,3,1,2,3,2,2,1","84.69,91.62,81.02,83.51,90.72,97.22,84.64,89.98,89.82,83.13,91.87,88.66,88.59,78.49,88.28,84.59,89.92,90.98,94.22,90.27,89.90,89.40,91.73,89.94,88.17,93.71,89.37,91.20,89.29,85.83",46.97902060026349,0.8266039924710208,15.517052712460556,6
"2,2,1,0,2,1,1,3,1,1,1,1,2,1,1,3,0,3,1,2,2,2,2,0,2,2,1,2,2,2","98.70,94.56,99.11,97.73,93.51,93.39,97.50,96.51,93.73,95.56,90.24,93.04,95.51,93.74,95.32,97.20,96.53,97.22,96.03,95.57,96.22,95.23,94.63,97.84,95.12,96.75,91.51,93.60,97.80,93.80",66.3937475874418,1.019263197146377,14.787822710840167,7
"2,2,2,2,1,2,2,3,3,3,2,2,2,1,2,3,2,2,2,2,2,2,1,2,2,2,2,2,2,2","99.24,97.73,98.01,98.84,97.49,97.24,97.37,98.42,97.37,97.12,97.90,97.90,97.62,98.14,97.51,97.27,97.56,98.85,97.67,98.13,98.99,97.75,98.16,97.80,97.77,96.56,97.90,98.68,97.46,98.44",61.83529765667955,0.6184230310711665,14.64522787221254,0
"2,2,2,3,2,2,1,2,2,2,2,3,1,2,1,1,2,2,3,2,2,2,1,1,2,2,2,2,2,2","98.67,98.44,99.24,97.42,99.30,97.32,99.18,98.37,96.99,98.36,98.30,98.20,97.21,98.19,98.92,97.80,97.58,99.84,98.19,97.26,97.65,97.11,98.47,98.48,98.01,96.87,98.28,98.77,98.00,100.00",73.27351744170652,0.7329746960995844,14.721364019754832,0
"2,1,3,2,3,2,1,1,2,0,2,0,3,1,1,2,1,3,3,2,3,2,2,3,1,1,3,3,1,0","86.23,93.53,90.02,91.66,86.95,95.33,91.58,93.27,93.06,87.77,95.74,90.81,93.06,95.18,96.22,87.52,96.67,93.58,91.87,93.30,87.62,91.02,90.97,92.83,98.03,93.03,97.32,95.03,90.93,93.75",31.68223295713379,0.8904381681108892,14.679180172783736,1
"3,2,2,1,1,3,1,2,0,2,2,2,2,0,1,1,2,2,1,1,1,1,3,2,1,1,2,3,2,1","97.32,96.66,94.36,95.73,93.84,94.12,97.00,99.81,95.98,97.72,100.00,94.96,91.40,93.28,94.61,98.03,96.48,95.38,97.74,95.25,98.93,94.11,97.24,96.69,97.05,95.93,94.89,95.11,95.97,97.92",61.4151226053662,0.968192143450766,14.749805183493043,4
"0,2,0,2,1,0,3,1,2,2,3,2,3,1,3,1,0,1,3,3,0,0,2,3,1,2,2,1,1,0","96.68,95.67,93.64,96.35,95.84,92.39,99.72,93.25,97.67,97.79,97.94,96.57,99.16,93.29,96.38,94.56,94.07,96.26,93.86,99.28,95.77,94.44,94.64,92.95,89.90,96.70,97.61,92.29,97.55,92.54",64.24821917914245,0.7916091175956999,14.877806424859187,5
"2,1,2,2,2,1,2,2,2,2,2,2,2,1,2,2,1,1,2,2,2,2,2,2,1,2,2,2,2,2","98.72,97.66,96.84,97.70,97.73,97.53,97.96,96.94,97.60,98.70,96.86,98.72,97.45,97.49,98.48,97.56,97.96,98.39,97.86,98.76,99.29,97.62,96.29,98.20,99.07,97.43,96.13,97.87,97.74,98.84",71.69666769097365,0.783497949898862,15.507192855151418,0
"1,1,2,3,2,1,2,1,3,3,2,2,3,2,2,2,2,1,2,3,2,2,2,2,2,1,1,3,2,2","97.31,97.68,99.05,97.35,98.55,96.44,98.87,96.97,97.60,98.22,98.06,99.42,99.36,98.48,97.30,98.24,98.47,97.27,97.44,99.54,98.02,97.90,97.85,97.27,97.96,99.21,98.66,98.93,97.46,99.21",68.40621587658349,0.6126028049759744,15.246479937411701,0
"0,0,0,0,0,0,1,0,0,0,1,0,1,1,0,1,1,0,0,1,0,0,0,0,0,0,0,0,0,1","99.17,97.63,97.58,96.00,96.19,97.75,96.92,96.91,96.67,98.35,98.47,94.61,96.30,98.00,96.73,95.23,96.40,95.81,96.63,97.53,97.85,97.63,95.02,97.42,96.75,97.13,97.02,96.09,96.84,97.39",74.67105937748525,0.7273321572431829,14.99457861823161,2
"1,2,2,2,2,2,2,3,2,1,2,2,2,2,2,2,2,2,1,1,3,2,2,3,2,1,2,2,2,1","98.07,98.84,97.78,99.19,98.31,97.25,98.61,97.08,97.28,96.88,97.51,98.75,97.81,99.01,97.09,98.59,99.08,98.29,98.71,98.48,97.49,98.05,97.14,97.06,99.50,97.84,98.38,96.57,99.72,98.56",58.375789641297416,0.6499469434926984,15.188509118952222,0
"2,2,1,1,0,2,1,1,2,1,0,1,1,3,1,3,3,0,1,2,2,1,2,1,3,2,3,1,1,2","97.72,94.45,96.32,96.18,96.37,95.67,94.70,99.11,96.75,96.56,96.04,94.48,100.00,95.76,95.97,95.56,95.77,95.21,97.89,98.81,99.71,93.88,94.62,95.77,92.49,95.92,96.79,98.79,96.15,97.47",59.507775013697746,0.8891436187582169,15.837460191143833,7
"1,2,3,2,1,2,2,3,2,3,2,2,2,1,2,3,3,1,2,2,2,3,2,2,2,2,3,3,1,2","97.17,98.57,98.47,98.56,98.57,98.75,97.78,98.16,98.26,97.96,97.95,98.15,98.49,98.62,97.85,96.24,97.73,98.87,98.12,99.17,98.27,98.68,97.29,98.00,97.67,97.90,98.04,99.01,97.94,97.62",79.56343871502574,0.5294768413316918,15.573589929767072,0
"1,1,0,1,1,1,0,0,0,0,0,0,0,0,0,1,0,0,0,0,0,1,1,0,1,0,1,0,0,1","94.60,95.19,97.03,97.47,97.04,98.42,95.73,95.95,97.98,98.90,98.02,96.54,96.30,96.35,98.47,98.02,97.99,96.38,97.56,95.85,97.28,96.44,97.87,99.30,95.40,97.36,97.57,96.78,95.95,95.75",50.191160302068376,0.6597765079073298,14.914487864760492,2
"1,3,1,3,1,1,2,1,2,2,2,3,2,2,3,2,2,3,2,1,3,2,3,2,2,2,2,2,2,1","97.44,97.33,98.11,98.05,98.36,96.47,97.26,98.82,98.45,97.08,97.30,97.73,98.49,97.67,98.09,97.59,96.59,97.50,98.83,97.16,97.65,97.88,97.90,97.48,98.91,98.37,99.46,98.33,97.04,98.86",65.45474490669454,1.0022659323170902,14.374636456130151,0
"2,2,3,1,3,2,2,2,1,2,3,2,2,2,2,2,2,2,3,2,2,2,1,2,2,1,2,1,2,2","98.32,97.51,98.58,99.55,96.89,98.36,97.33,96.76,97.93,97.95,98.52,98.96,98.16,97.71,96.97,97.68,97.67,97.74,96.94,98.82,98.67,98.24,97.76,98.06,98.15,97.59,97.74,97.25,98.23,98.64",72.60459253383824,0.542029482193497,15.06325575599976,0
"2,3,3,1,3,2,1,2,2,3,1,2,1,2,2,3,2,2,3,1,2,2,2,1,2,1,3,3,2,1","96.18,99.17,98.96,97.20,99.23,98.26,97.25,97.63,97.77,97.34,98.30,98.10,98.66,98.33,98.36,97.62,98.88,99.01,98.58,98.70,99.31,95.99,99.99,98.11,96.75,97.44,97.42,97.33,98.38,97.16",64.9621834632987,0.6964919200306877,15.035323588859582,0
"1,2,1,2,1,1,2,2,2,1,2,2,1,2,2,3,2,1,2,1,1,1,1,2,3,3,2,2,2,3","87.77,83.55,84.58,87.12,87.63,85.39,90.89,90.79,86.78,85.68,93.09,91.05,100.00,90.36,89.48,83.91,76.86,84.65,86.02,85.76,86.38,88.56,87.31,90.57,82.98,85.26,83.07,87.53,95.55,93.70",54.96579367391294,0.8481350073113166,15.078377889756462,6
"1,2,3,3,3,3,2,2,2,2,2,2,3,1,1,1,1,1,3,3,1,2,1,2,1,2,1,2,3,2","84.56,92.04,80.07,86.14,85.67,88.04,89.54,85.92,86.48,90.50,86.58,87.73,82.94,89.43,91.94,93.73,84.22,79.16,94.78,81.79,94.90,88.57,87.37,85.07,90.58,90.35,89.65,87.88,87.73,91.01",46.05436130926499,0.7221908270809443,15.180258825174754,6
"0,1,0,1,1,0,0,0,0,1,1,1,0,0,1,0,0,0,1,1,0,0,1,0,0,0,1,0,0,1","97.55,96.74,97.75,96.39,96.53,96.50,97.56,97.17,96.97,97.32,96.49,96.26,96.75,99.57,96.04,97.47,95.86,96.14,98.61,96.02,97.33,99.00,97.43,96.23,99.06,97.37,94.89,96.40,97.45,97.28",69.65187594508643,0.6959390109698922,15.428226309964199,2
"1,2,2,3,1,2,2,3,1,3,2,2,2,2,3,2,2,1,2,3,2,3,2,2,2,1,3,2,3,3","98.65,98.42,97.72,98.20,99.42,97.74,98.45,99.03,98.74,99.59,98.46,98.46,97.18,97.42,97.90,98.07,97.78,98.38,98.53,97.18,97.88,97.76,96.72,98.23,97.45,98.41,97.36,97.94,97.87,97.20",49.0524262565954,0.7933925489299146,14.835810489924226,0
"3,2,2,3,3,2,2,2,2,2,2,2,2,2,2,2,1,2,3,3,2,3,1,1,2,2,2,3,2,2","96.49,97.78,99.16,97.63,98.78,98.06,97.89,97.12,96.84,96.88,97.69,97.55,98.71,97.78,98.93,97.85,97.90,98.11,98.55,98.16,97.33,97.84,96.59,98.64,97.42,96.94,97.85,99.03,98.38,98.58",75.28072710328547,0.9310088050784397,15.240097424907113,0
"2,1,3,2,3,1,2,1,3,2,2,2,1,2,1,3,3,3,3,1,2,3,3,1,2,2,2,2,2,1","78.46,90.82,94.29,89.89,78.31,80.79,89.05,86.87,83.74,89.25,93.08,90.33,82.15,87.91,86.25,85.59,95.79,85.27,87.06,82.09,94.45,81.72,85.22,87.17,88.42,87.57,87.06,92.18,85.26,83.36",41.495867184341854,0.8010903398140337,15.493583034538348,6
"1,1,0,0,1,0,1,0,0,0,1,1,1,0,0,1,1,0,0,1,1,1,0,0,0,1,0,1,1,0","96.73,97.17,99.11,98.46,96.38,97.30,95.64,97.97,97.93,98.25,96.52,97.84,97.56,97.24,97.59,95.98,95.71,97.20,96.57,97.89,96.69,97.50,98.89,95.42,97.86,100.00,96.16,95.90,98.21,96.27",39.102641107969916,0.9083398496920474,14.809857479512784,2
"2,2,1,3,2,0,1,1,2,1,3,1,2,1,2,2,1,1,3,1,0,1,1,2,1,0,0,1,2,0","90.85,90.85,94.75,92.53,93.92,94.21,87.58,93.98,95.42,99.26,96.57,91.75,93.71,97.74,93.81,92.02,93.52,94.93,94.11,93.01,93.06,93.70,89.29,91.35,88.32,94.14,94.84,94.84,91.80,90.58",43.737416007926825,1.210508043972388,15.178613280727252,1
"1,3,2,2,0,2,2,2,2,3,2,1,0,0,2,1,1,1,2,1,2,3,2,0,1,1,2,2,3,0","93.70,97.92,98.05,95.16,96.58,97.46,96.06,97.97,94.67,93.63,99.19,94.44,95.67,95.39,97.60,92.86,97.08,96.53,96.58,96.67,98.64,97.39,94.28,94.66,97.59,94.55,96.15,100.00,99.82,93.94",56.12912646865002,0.7312994207121576,14.501794132446717,4
"0,0,1,0,0,0,0,0,1,1,0,1,1,0,1,0,0,1,0,0,1,0,1,1,0,1,1,1,0,1","96.33,96.50,97.58,98.41,96.73,97.28,95.90,96.95,96.45,98.50,96.57,100.00,96.10,96.53,96.97,94.70,98.01,97.76,96.44,97.34,98.21,96.75,97.46,97.72,95.12,96.66,97.37,96.94,97.15,97.17",51.79456381915165,0.6393085946786617,15.151808905149647,2
"2,2,3,3,2,2,3,1,2,3,2,1,1,1,2,2,2,1,3,2,2,2,2,3,2,2,2,3,3,3","98.35,98.16,97.99,97.06,98.83,97.23,98.43,98.85,97.05,98.09,100.00,99.17,97.01,98.25,98.46,99.91,97.93,97.53,97.99,98.16,98.01,97.70,96.77,97.70,98.10,99.01,97.23,97.63,97.26,98.24",75.65719866125801,0.7363067670718251,15.251658672216546,0
"2,2,2,3,2,2,2,1,2,2,2,3,2,2,2,2,1,2,2,2,2,2,2,2,2,2,2,1,2,1","98.81,98.04,97.32,97.91,97.58,99.05,99.52,98.25,98.25,98.50,96.98,98.11,96.64,98.05,98.76,97.03,98.47,97.91,96.82,97.13,97.04,98.06,97.58,97.76,97.84,97.69,98.91,97.62,98.72,97.96",77.40644174027251,0.9350986027848471,14.740249266390872,0
"1,2,2,1,2,2,2,3,1,2,3,3,3,2,2,2,1,3,3,3,2,2,1,3,1,2,2,2,2,3","97.31,96.82,99.25,97.14,97.85,98.04,97.60,97.25,97.43,98.32,96.99,100.00,97.39,99.20,99.47,98.06,97.33,98.30,98.62,97.73,97.59,96.64,99.05,97.39,97.87,98.75,97.62,98.57,97.58,98.52",65.68807901094303,0.9002652110237417,15.316750807408276,0
"2,1,2,2,3,1,2,2,2,1,3,2,3,3,1,3,2,3,1,2,2,1,2,1,2,2,2,2,1,3","98.45,97.64,98.51,96.90,99.10,98.03,96.29,98.41,98.68,97.73,98.11,96.92,98.29,97.66,97.79,97.48,97.80,98.90,98.56,98.89,98.56,99.09,97.18,97.39,96.47,98.50,98.02,96.75,99.74,98.46",68.62753666842951,0.5811562830100634,14.90927838098284,0
"3,3,1,2,2,2,2,3,1,1,2,1,3,2,2,3,3,2,2,2,2,3,2,2,2,2,2,3,2,2","97.56,97.29,96.77,98.13,98.66,97.77,98.71,96.55,97.79,96.14,98.89,98.59,99.15,98.64,97.94,97.52,97.63,97.52,97.49,97.98,96.50,97.92,98.88,98.78,98.83,97.99,96.97,98.53,98.80,99.03",70.62695862168914,0.8132646911658159,14.790620745428647,0
"0,1,1,1,0,0,0,0,0,0,1,1,0,1,0,1,1,0,0,1,1,0,1,0,0,1,0,1,0,1","95.50,94.49,97.29,98.17,98.24,96.33,96.78,96.22,98.06,96.70,98.85,95.84,97.63,96.91,96.91,96.63,97.67,95.70,97.47,95.86,98.86,97.34,96.02,95.81,96.65,98.00,96.51,98.22,97.24,93.81",39.40946475180055,0.7918197988245584,14.955804357999552,2
"2,2,1,2,2,2,1,2,3,2,2,2,1,0,1,3,2,0,3,1,1,0,0,1,1,2,2,1,2,0","96.56,93.02,94.44,97.63,97.03,95.16,99.16,92.29,94.74,96.19,97.61,96.76,98.28,98.21,97.04,96.80,95.94,95.43,95.15,97.37,92.82,94.48,98.93,95.23,96.24,94.76,94.14,95.34,93.33,96.67",79.49503695313567,1.0776846383181358,14.809628886086832,4
"2,1,1,2,2,3,3,2,3,2,3,3,3,2,2,1,1,2,2,1,1,2,2,2,2,1,2,2,1,2","98.84,98.00,98.57,97.82,97.35,97.97,98.11,98.03,98.49,97.34,97.62,96.94,96.70,97.42,97.14,97.97,98.59,97.27,97.02,97.47,97.48,98.08,95.78,99.93,97.40,98.11,98.60,98.65,97.24,97.92",58.44788804657582,0.8948829550484921,15.15816374395769,0
"1,2,2,3,1,1,0,3,2,1,2,2,3,1,1,2,1,3,0,1,2,1,2,1,3,1,2,1,1,0","99.18,95.71,96.39,95.05,96.42,93.56,94.83,97.20,94.35,92.17,96.59,96.60,91.70,98.72,97.93,96.60,96.22,93.41,96.51,98.54,97.61,97.52,98.07,95.96,95.97,98.17,93.91,97.42,94.87,95.54",42.664282380286394,1.295871408324207,15.033533294837689,7
"2,2,3,1,2,1,2,3,0,1,1,1,1,1,3,2,2,3,1,3,3,2,3,2,0,0,3,0,1,0","94.17,91.37,95.40,90.91,95.48,87.98,92.95,94.94,94.17,98.34,88.49,93.43,90.68,92.81,92.25,95.57,93.61,91.13,94.48,92.52,91.23,92.54,87.76,91.81,89.77,90.84,92.68,92.88,86.81,91.96",56.04876524722116,1.0245811315114406,15.464728373512582,1
"2,2,2,1,3,3,2,2,1,2,1,1,2,2,2,2,2,2,2,2,3,2,2,2,1,1,3,2,1,2","98.07,97.21,99.19,98.26,97.56,97.70,97.68,99.34,97.14,97.51,98.50,98.12,97.61,95.84,98.46,96.53,98.98,97.23,97.45,99.35,97.31,97.05,98.05,97.74,98.21,99.55,98.70,97.09,99.06,99.30",60.50005116867959,0.8917964878592873,15.266515222734956,0
"3,3,2,3,2,1,2,2,2,2,2,3,1,3,2,2,2,2,2,1,1,3,2,1,3,2,2,1,2,2","87.24,87.65,96.22,83.46,86.27,95.70,92.93,87.66,90.81,94.11,91.05,84.31,87.85,84.80,87.49,83.50,85.48,86.14,86.93,86.87,87.47,90.35,88.26,83.82,95.42,84.70,91.36,91.68,87.21,91.73",45.6119520872944,0.7392007615250495,15.3397133458456,6
"2,1,2,3,1,2,3,1,3,2,2,2,1,2,1,2,1,2,2,2,2,2,2,1,3,1,2,2,2,1","98.21,98.35,98.81,99.22,97.27,99.18,98.02,97.31,99.34,97.58,98.46,98.68,98.65,97.91,97.90,99.40,97.79,98.50,96.98,98.29,97.51,98.58,97.54,98.03,97.74,98.09,96.70,96.78,98.86,98.49",72.73873710051805,0.7585388326839927,14.455498311391967,0
"3,2,2,1,3,2,2,1,3,1,3,3,2,2,1,1,1,2,2,2,3,1,1,2,3,3,3,2,2,2","97.85,99.52,98.13,96.57,98.13,97.09,98.40,97.03,97.63,97.36,98.11,98.10,97.27,98.59,98.42,98.68,100.00,97.70,97.96,97.58,99.11,97.29,98.00,97.77,97.59,98.36,97.44,98.79,97.28,98.52",78.83234003940899,0.6798509176145143,15.313400510704495,0
"3,1,1,1,2,2,0,2,3,1,2,2,2,1,1,1,2,1,3,3,1,3,2,2,3,1,1,2,1,1","89.69,96.03,89.78,90.42,91.76,92.37,96.80,90.16,94.78,94.49,91.12,90.14,90.68,93.04,90.85,94.59,92.37,88.06,96.29,90.19,95.29,89.46,89.48,93.89,86.96,89.91,89.02,86.02,88.97,86.10",44.24711311545843,0.756731994922292,15.15035462185805,1
"2,2,2,2,3,2,2,3,3,3,2,2,2,3,2,2,2,3,3,2,3,3,2,3,1,1,2,1,2,2","98.26,99.07,98.07,96.73,97.39,98.51,98.06,96.48,98.38,98.57,96.61,98.04,99.47,97.61,97.27,97.35,98.47,97.56,97.86,97.48,98.01,97.30,99.01,97.63,98.04,96.61,98.51,97.45,98.12,98.97",71.31577768436881,0.6511619149039842,15.579195537148667,0
"1,2,2,2,1,2,3,1,1,2,2,1,2,2,2,2,2,1,2,2,2,2,1,2,2,2,2,2,2,2","97.66,97.62,98.24,98.08,96.85,98.30,99.42,98.39,96.88,97.68,97.70,97.94,98.72,98.47,98.07,98.75,97.82,97.86,96.61,97.83,98.80,98.16,97.91,98.06,99.40,97.69,97.15,98.07,98.73,96.74",70.91698265815367,1.0844116009182847,14.832853977979434,0
"3,3,2,2,2,1,3,2,2,3,1,2,3,3,1,2,1,2,2,2,1,2,2,3,2,1,3,1,1,2","98.50,97.68,96.54,98.67,97.38,98.02,97.44,98.36,97.67,97.58,97.54,98.05,98.74,97.21,98.10,95.93,98.56,99.82,97.56,96.88,98.27,99.14,97.33,98.28,98.47,97.68,98.01,97.40,99.51,97.78",65.05171770474568,0.6882518721203029,15.498489382493881,0
"0,0,0,0,0,0,0,1,1,0,0,1,1,1,1,0,0,0,1,0,1,0,1,0,0,0,0,1,1,1","97.40,97.21,95.91,95.61,96.77,95.77,97.19,97.46,95.24,96.30,97.49,97.94,97.44,96.45,98.76,98.06,98.71,96.01,96.38,96.46,98.13,96.04,96.37,94.69,96.69,97.61,95.81,98.75,96.49,97.35",56.124367114153735,0.5287886861831794,15.322750327430581,2
"3,2,2,1,3,2,3,2,2,3,2,3,2,1,2,2,1,2,1,2,1,2,2,2,2,2,2,1,2,2","98.21,98.24,97.14,97.67,99.42,98.34,98.29,98.12,98.49,96.67,98.32,97.91,97.30,98.70,96.93,99.82,97.39,98.91,98.31,97.49,97.05,97.48,97.26,97.57,96.54,97.24,98.05,98.36,97.70,97.08",72.12422108572741,1.048276235130935,14.770803374086743,0
"0,2,1,0,1,0,2,2,2,1,3,2,1,3,2,1,1,1,0,2,2,1,0,0,1,0,1,0,3,0","95.60,95.24,95.84,100.00,96.93,94.85,94.34,98.31,99.60,95.93,95.33,97.68,96.54,94.13,98.32,96.39,92.85,97.31,96.80,95.49,95.03,96.34,94.13,91.93,96.07,96.81,94.75,95.48,93.37,93.70",55.050751433175876,0.8421210778886653,14.843924027891392,3
"2,2,3,2,2,2,2,2,1,2,2,3,1,3,2,2,3,3,2,3,1,2,3,3,3,1,2,3,1,2","99.27,97.93,97.80,98.18,97.10,97.88,98.25,98.16,98.19,99.10,98.73,96.88,99.08,98.65,97.49,99.96,98.60,97.01,99.02,98.98,98.30,98.81,98.31,98.70,96.18,97.37,98.03,98.88,97.79,97.25",68.22222091961132,0.8922427111563532,14.757727849039679,0
"0,2,2,3,1,1,0,1,1,0,2,1,1,1,1,2,2,2,1,2,2,3,1,1,3,2,1,2,2,0","94.66,96.97,92.61,99.61,94.89,95.32,96.85,97.25,98.10,94.67,95.85,95.41,97.75,98.91,96.43,95.28,97.54,93.88,98.18,95.92,97.33,93.07,93.05,98.80,94.85,97.48,97.25,98.04,97.91,97.27",54.59116492120673,0.6549004514160075,15.26316428637366,7
"3,2,2,3,3,2,1,2,2,3,2,2,2,2,2,2,2,1,3,3,2,2,2,3,2,2,2,1,2,1","99.00,98.36,98.27,97.02,98.91,99.07,98.48,98.91,97.16,97.12,96.77,97.69,99.42,97.56,97.51,100.00,97.52,98.16,98.23,97.82,98.34,98.25,97.57,97.55,99.30,98.38,97.86,97.50,98.20,97.99",69.4636558289153,0.7696932801738107,14.969825068133511,0
"2,2,1,3,3,1,1,2,2,2,2,2,2,2,2,3,3,2,1,3,1,2,2,2,2,2,2,2,2,2","97.15,96.76,96.75,98.88,97.10,98.17,97.91,97.14,99.59,96.81,98.73,99.09,99.24,98.22,97.70,97.55,98.68,96.61,99.27,97.12,98.07,98.16,98.14,96.95,98.14,98.35,97.29,99.24,98.37,95.60",63.682591186072564,0.800775508331959,14.687613119240032,0
"2,2,1,2,2,2,2,2,1,2,2,3,2,1,2,2,3,2,2,1,2,2,1,2,2,3,2,1,1,2","98.20,99.28,98.39,98.39,98.53,98.66,97.85,97.76,99.39,97.15,97.70,98.69,97.99,98.07,98.23,98.66,97.08,97.92,98.30,98.89,98.63,98.69,99.22,96.92,97.70,98.94,97.48,100.00,97.78,98.48",65.63680612708146,0.703155435184869,15.189787243840357,0
"1,1,2,1,2,0,1,1,2,1,1,1,1,1,2,1,2,3,3,2,1,0,2,1,1,3,3,3,1,3","91.29,88.90,91.42,90.69,88.48,93.14,92.85,88.69,89.43,89.03,95.28,93.89,90.16,92.37,94.17,90.18,85.88,93.97,96.07,89.02,93.31,99.45,96.64,95.82,86.34,100.00,93.91,95.88,90.19,94.15",39.103033903188916,0.7196911934710083,15.070420912609935,1
"1,2,1,3,0,2,2,2,2,1,1,2,1,1,1,1,1,1,0,1,1,1,1,2,0,2,2,1,2,1","93.07,95.12,96.47,96.84,97.72,94.61,95.36,93.56,96.04,96.71,96.44,94.39,97.93,94.59,90.88,95.89,95.78,96.22,95.22,96.32,93.76,92.55,97.79,98.06,93.54,95.31,96.26,98.31,92.05,96.11",62.00071026128379,0.6881629678019979,15.69519839102439,5
"1,2,1,3,2,1,2,1,0,2,3,2,1,1,1,0,2,3,2,2,1,0,1,2,2,1,0,1,3,3","95.35,96.35,92.93,97.60,97.38,95.18,99.29,96.33,98.24,97.92,95.08,99.80,98.96,97.84,96.09,95.26,100.00,100.00,97.99,98.15,96.47,93.09,95.27,96.26,95.17,97.69,94.12,96.15,95.06,95.09",54.43480298016768,0.643690455093964,14.90389590704808,5
"1,1,3,1,2,2,3,3,0,0,3,2,1,2,2,1,2,3,2,1,3,3,1,3,1,0,2,1,1,1","94.81,96.40,95.77,94.52,96.81,94.15,96.78,95.91,97.60,93.61,95.69,96.30,94.75,94.87,94.19,94.57,96.38,96.51,96.66,93.93,95.81,97.31,98.83,95.67,97.26,97.48,95.12,98.09,94.12,95.64",57.30096745292047,0.6818792796855736,15.409564064319735,3
"1,1,1,0,1,2,3,2,3,0,3,1,1,3,2,1,2,2,0,0,2,3,1,1,1,1,1,3,2,1","95.64,94.10,96.98,94.39,97.94,95.29,98.47,94.36,93.85,97.60,92.70,95.21,93.41,94.32,96.69,94.45,93.57,95.42,96.20,94.56,99.60,93.89,96.65,93.81,97.33,95.57,96.81,95.19,98.43,93.51",69.30562292067395,0.8421220892371207,14.24536369660482,5
"2,2,3,2,3,0,1,2,2,3,2,1,2,1,1,1,2,2,2,1,3,1,1,1,0,1,2,1,2,3","96.31,98.37,95.43,93.41,95.48,98.80,95.91,98.26,96.70,98.78,96.84,91.97,95.24,94.20,96.23,93.45,95.84,96.21,98.36,97.08,93.66,95.03,93.40,94.91,96.05,97.36,97.31,96.85,93.88,93.48",51.34900857644831,0.7058768135891056,15.29199897222714,3
"1,2,1,1,2,2,2,2,2,3,2,2,2,2,3,3,1,2,2,2,3,3,1,2,3,1,2,1,3,1","86.55,88.91,81.12,81.93,87.64,85.22,95.21,86.15,87.76,90.24,92.63,84.71,85.88,93.13,96.11,96.62,89.00,86.16,87.14,82.41,81.50,88.93,92.43,89.03,93.11,82.88,94.56,88.26,90.84,83.01",47.2901183330143,0.7940183374236268,14.977791127647018,6
"2,2,1,2,2,2,2,3,0,2,3,2,3,2,2,1,1,1,2,1,0,1,1,3,1,2,1,1,1,2","86.26,88.34,95.59,87.86,89.26,88.25,94.01,94.22,94.00,91.79,95.36,94.80,94.84,85.78,91.50,88.32,95.32,87.81,89.55,91.91,89.72,93.48,90.24,93.35,92.34,93.41,91.44,92.13,90.75,91.76",55.27533394663196,0.794979820804093,14.20329565414482,1
"2,2,2,3,2,1,3,2,1,3,1,1,2,2,2,2,1,2,3,1,2,2,1,2,2,2,2,2,3,1","98.28,98.53,98.26,98.03,96.58,97.66,97.21,97.76,99.50,96.69,98.36,97.57,97.81,98.60,98.91,97.99,99.49,99.10,98.23,98.10,96.72,96.50,97.73,97.49,97.67,97.97,98.76,98.20,99.73,97.48",81.96299345221264,1.0520739044632823,14.28628594744981,0
"0,0,0,1,0,0,1,0,0,1,1,0,1,1,0,0,0,1,0,0,1,0,0,0,0,1,0,0,1,0","96.90,97.40,95.44,96.23,96.22,98.34,96.10,95.40,96.71,97.80,95.25,97.91,97.66,96.71,95.12,98.73,96.12,97.17,97.78,97.91,96.40,97.43,96.69,97.34,96.80,97.21,97.42,96.48,98.19,95.69",56.185072192522036,0.6909372867295506,14.770333753419907,2
"3,2,1,2,0,1,2,3,3,1,0,2,3,3,0,1,2,0,1,1,1,0,1,2,1,1,2,0,1,0","89.74,92.84,90.08,93.85,96.65,95.94,95.26,91.71,80.22,93.09,94.11,90.25,95.03,93.93,90.16,88.48,91.89,87.68,96.28,96.00,94.99,88.00,91.11,90.08,89.98,92.40,92.27,91.08,88.43,93.40",36.9041839858249,0.7105426434614607,15.101245671676933,1
"2,3,2,3,3,2,3,3,2,3,2,3,2,2,2,3,2,2,2,2,2,2,2,3,3,2,1,1,2,2","97.92,98.50,98.70,97.60,97.81,98.30,99.00,96.69,98.78,97.83,99.97,96.87,98.42,98.04,97.80,98.57,97.02,97.45,97.09,98.30,96.29,97.10,97.78,98.19,97.65,98.54,98.53,97.70,97.55,99.07",67.98733213914225,0.7706961254270733,14.8967138675081,0
"2,2,1,1,1,1,2,1,2,1,0,3,0,2,2,1,2,2,3,1,0,0,2,2,1,1,0,2,2,3","98.66,99.44,100.00,95.87,93.55,92.74,97.40,96.60,94.65,96.54,96.31,96.66,96.50,97.72,94.72,94.00,98.78,94.96,96.52,98.15,98.04,97.58,92.86,93.38,98.55,94.87,94.48,96.57,93.68,94.44",71.64339952583529,0.8635461255674614,15.519868085161688,5
"1,1,1,2,2,3,1,3,2,3,1,1,3,3,1,2,2,2,3,2,1,2,1,3,1,2,2,0,0,1","97.05,94.18,95.89,97.81,100.00,98.23,96.42,98.81,95.92,99.51,95.07,97.58,95.99,93.33,94.99,96.73,93.85,95.65,96.91,96.12,96.31,100.00,97.33,94.07,96.72,98.60,97.27,97.90,98.26,99.37",69.2009244455741,0.7253365344150967,15.300227526156695,5
"1,0,1,3,1,2,3,3,1,1,1,3,1,0,1,0,2,1,3,1,2,2,1,1,1,0,3,1,1,2","89.40,89.70,91.01,96.34,93.66,89.56,91.43,95.38,91.68,95.50,88.49,89.15,95.41,92.16,89.00,89.63,85.29,97.68,87.78,93.43,98.82,91.24,94.52,92.77,89.71,94.85,92.64,87.75,93.85,89.37",44.29003879430012,0.6929468601264774,15.252143670868682,1
"1,1,2,3,3,0,3,3,2,0,3,1,1,2,1,0,2,2,1,1,3,1,3,1,2,1,3,2,0,2","92.82,92.12,95.54,95.02,89.98,92.01,89.81,93.34,91.38,93.87,94.29,91.94,88.61,96.82,92.47,94.49,92.67,98.92,96.86,90.29,92.05,91.06,89.63,90.65,90.48,86.01,88.25,92.32,97.44,94.25",37.28456764317877,0.8909018959344001,15.389479104177441,1
"1,3,2,2,1,2,1,2,2,3,3,2,2,2,2,2,1,2,2,2,3,2,3,2,1,2,2,2,3,2","98.39,97.30,97.83,97.28,98.65,97.40,96.68,98.19,98.25,98.83,99.01,97.48,97.21,97.88,97.18,97.51,98.64,98.54,97.90,98.26,98.13,97.33,99.03,97.38,96.91,97.65,99.31,98.82,97.21,98.26",61.640193884570316,0.8025285449469106,14.97915087488096,0
"3,1,2,2,2,3,2,3,2,1,2,2,2,2,2,2,3,2,2,2,1,2,2,1,2,2,2,3,3,1","97.87,99.01,97.70,99.36,98.45,98.51,97.68,97.48,98.66,98.01,98.39,99.61,97.75,98.07,97.94,97.82,98.30,98.98,98.91,99.15,98.37,97.56,97.41,98.70,96.04,97.52,98.31,97.02,97.98,96.60",64.53467094138428,0.7783382317293732,14.824796646435546,0
"2,2,2,1,1,0,0,3,2,2,0,1,1,3,2,3,3,3,2,1,2,1,2,1,2,1,0,3,2,2","96.01,95.57,95.60,96.26,96.59,92.78,96.25,98.92,95.96,96.66,98.56,97.25,97.18,97.13,95.53,94.52,97.44,96.74,93.64,97.80,99.20,92.99,98.83,97.15,92.78,95.04,94.12,100.00,95.88,95.88",64.09906661543889,0.7655829288863334,14.345344603928407,4
"3,2,2,3,1,0,3,2,0,1,3,1,1,0,1,2,1,2,0,2,3,2,3,2,1,1,2,0,1,3","98.69,98.66,99.40,94.93,95.66,95.49,96.73,96.72,96.01,96.72,95.28,99.18,100.00,95.62,98.67,95.41,94.64,94.37,96.96,95.76,96.95,95.71,96.58,96.20,97.08,93.29,95.66,95.22,95.27,94.40",70.80085492707616,0.7889556828449492,15.284827050315686,5
"1,1,2,2,2,3,1,2,2,3,1,3,1,1,2,3,1,2,1,2,2,1,2,1,1,1,2,2,1,1","97.53,98.57,96.83,97.73,98.52,98.58,98.30,98.54,100.00,98.44,99.80,98.12,99.79,97.83,97.81,98.25,96.60,99.46,97.99,99.42,96.44,97.91,98.45,97.39,99.12,98.25,98.51,98.15,98.06,96.77",67.06491006265718,0.937778673410017,14.629135483062583,0
"1,0,3,1,2,2,1,0,3,2,1,0,3,1,0,2,1,0,2,2,3,1,2,3,1,2,3,2,0,3","95.84,95.83,94.77,90.93,94.27,94.20,98.21,97.29,91.93,99.89,93.12,93.39,93.56,95.39,98.91,97.05,95.06,97.26,97.31,94.13,96.75,96.19,93.16,95.23,94.48,94.93,100.00,93.56,92.87,97.40",56.84759059046321,0.9483351374162831,14.801112157644631,4
"1,1,0,0,1,1,1,0,1,0,0,0,0,1,1,1,1,0,0,0,1,0,0,0,1,0,1,1,0,0","95.54,97.28,97.40,98.71,95.31,96.47,96.62,98.13,96.08,95.36,95.05,97.90,96.32,95.27,95.02,96.18,96.24,98.26,98.32,98.62,96.61,96.90,95.57,97.15,97.46,96.88,96.23,96.62,96.72,98.44",52.08002221788971,0.8580774964195563,14.674948923749307,2
"2,1,2,2,1,2,3,2,1,2,2,1,1,1,1,2,2,2,3,1,0,0,1,1,1,1,1,1,1,2","87.28,87.18,95.19,89.06,88.77,88.50,96.58,89.40,96.60,92.42,90.22,90.86,90.79,88.60,93.67,93.76,91.97,96.60,88.23,90.50,93.37,96.09,87.87,92.36,88.82,91.48,89.80,89.85,86.61,88.50",30.51078857934436,0.5675154009061251,15.008477717104492,1
"0,1,1,2,3,3,1,3,2,2,1,1,1,2,1,3,1,3,2,2,1,3,1,0,0,3,2,2,3,1","94.59,91.51,92.36,95.89,95.70,92.11,99.25,91.52,94.90,92.83,90.32,89.94,91.45,89.71,92.10,93.36,93.87,88.82,95.72,91.09,93.27,92.52,96.98,87.46,95.87,90.49,93.03,96.19,90.74,94.84",27.63273353729744,1.0766119423498492,15.328083871057695,1
"2,3,1,1,0,1,3,1,1,2,2,3,2,1,2,1,1,2,1,2,2,2,2,2,2,1,1,0,1,0","95.45,93.74,95.46,94.73,94.78,94.51,96.48,97.80,95.68,98.19,95.74,92.88,92.80,93.36,97.71,96.64,93.89,98.54,97.08,93.21,97.48,96.57,100.00,94.64,95.62,97.00,95.77,92.81,97.43,98.44",57.145118803729254,0.7270761800922226,14.49369018338771,3
"3,2,2,2,2,1,2,2,2,2,2,3,2,1,3,3,2,2,2,3,2,2,1,2,2,2,2,3,3,2","98.97,96.92,98.43,97.15,98.18,98.19,96.85,98.76,98.70,98.32,96.87,98.50,98.01,98.30,98.37,98.44,98.99,97.66,98.76,98.25,97.43,98.15,98.06,96.97,99.04,97.55,98.90,98.71,98.26,96.83",62.96792349227724,0.883862575978134,15.174664910284978,0
"2,1,2,1,2,2,1,2,2,2,1,1,3,1,2,1,3,2,1,2,2,2,3,1,1,1,2,1,3,2","99.05,98.72,98.92,97.33,97.65,98.83,97.47,98.89,98.07,98.33,97.02,98.83,97.41,98.85,97.04,97.86,97.63,97.92,98.10,97.66,98.52,98.19,98.25,97.66,97.28,98.33,96.47,98.63,98.87,99.46",74.85238134800309,0.9325885041642519,14.6144023879445,0
"0,0,0,2,2,1,3,1,1,2,1,1,2,2,2,2,1,0,2,2,2,2,1,3,3,2,1,1,1,2","98.57,97.16,97.27,96.17,93.60,94.11,93.97,96.08,98.64,95.44,98.62,94.65,96.95,96.75,97.19,95.29,95.34,96.63,95.67,93.36,96.57,90.89,95.18,97.85,93.61,95.43,95.61,94.36,97.96,99.63",52.47090507027772,1.01630016466957,15.356435393731381,5
"3,1,1,3,0,3,1,0,3,0,1,2,2,3,1,3,1,1,0,1,1,2,2,1,1,0,2,3,0,1","98.40,97.03,97.01,98.41,95.84,97.58,99.30,92.93,97.37,95.34,97.34,93.73,98.48,100.00,95.82,94.62,97.71,98.63,91.81,95.82,93.29,99.03,98.00,100.00,98.26,97.96,95.44,94.70,95.62,98.46",41.622470725307636,0.7992629651082293,14.573419711394505,7
"1,2,3,1,3,2,2,3,2,2,2,2,2,1,3,3,2,2,3,1,3,2,2,2,3,2,2,2,2,2","97.94,98.45,99.10,98.10,97.26,98.48,97.80,97.78,98.07,99.05,98.41,97.95,97.37,97.61,98.85,96.10,96.53,98.15,97.80,98.46,95.90,98.32,99.55,98.90,97.42,97.12,98.13,97.61,99.15,97.49",66.64200994927887,1.1056525104981523,14.826308602141186,0
"3,3,2,1,2,0,2,3,3,0,1,2,2,1,2,2,2,1,3,3,2,2,1,2,1,2,2,0,1,2","87.84,95.53,93.39,87.93,86.49,89.12,93.24,90.52,94.56,90.94,93.75,95.44,86.97,95.39,87.58,90.89,93.19,96.29,86.06,96.35,92.37,89.74,93.21,88.61,92.88,93.36,96.52,87.78,93.81,90.87",48.60455186269522,0.7578979371456998,15.210259274565109,1
"1,1,0,3,2,1,1,2,1,0,2,1,0,3,2,0,1,2,1,1,1,1,0,2,1,1,0,1,0,0","96.15,93.51,92.81,94.43,93.14,97.98,95.19,94.06,96.63,100.00,96.43,97.69,94.36,97.67,95.08,95.77,96.59,96.52,99.52,97.98,94.35,93.74,99.73,94.72,97.88,96.07,93.85,98.28,96.91,100.00",54.608643801064595,0.5709066579440818,15.420899980199692,3
"1,2,2,2,0,2,2,1,1,2,1,2,1,2,0,0,2,2,0,1,3,0,1,1,0,0,3,2,1,1","97.66,100.00,95.85,96.78,96.28,97.26,97.06,94.50,99.34,94.93,97.66,94.07,96.61,99.46,96.73,98.91,94.53,95.68,94.19,90.35,95.50,95.05,99.25,100.00,95.95,93.61,94.95,97.75,99.10,94.59",76.70561865437973,0.7748618673832867,15.349523095225866,3
"1,2,1,2,2,0,3,1,1,1,0,1,0,0,1,2,0,1,1,0,3,3,3,1,2,2,2,1,2,1","98.51,96.86,98.09,92.62,95.94,93.16,96.39,95.68,96.25,94.08,93.58,94.77,94.47,96.76,98.82,100.00,95.92,95.18,91.34,93.96,93.64,100.00,98.53,94.87,97.78,95.41,95.98,97.80,95.41,93.05",48.322782657479564,0.6931138063291501,15.112574313171917,4
"3,2,1,2,2,1,2,2,2,2,3,3,1,2,1,2,2,1,2,1,3,2,2,2,2,3,3,3,3,2","96.60,90.11,86.47,89.87,90.34,91.41,89.36,90.01,88.40,88.10,83.38,88.55,88.12,90.31,91.64,85.50,85.78,90.24,89.60,85.47,90.87,89.11,90.42,91.21,88.33,93.23,86.68,83.18,90.26,83.68",19.012389338264946,0.5889928912689472,15.672449157734718,6
"2,2,1,2,2,2,2,2,2,3,3,2,1,2,2,3,2,2,3,3,1,3,1,2,2,1,3,2,2,1","97.84,98.13,98.48,97.97,97.67,97.43,97.43,98.98,97.96,99.02,98.53,97.01,97.63,98.81,96.93,97.50,97.89,98.36,98.50,99.28,97.72,97.15,97.94,98.19,97.36,98.06,97.84,98.98,98.00,98.95",68.03469716888482,1.125818220563928,14.468090172225455,0
"0,0,1,0,0,1,0,0,0,1,0,1,1,1,0,1,1,0,1,1,1,1,0,0,0,0,0,0,0,0","97.77,97.54,97.18,96.84,98.68,97.16,97.11,96.64,96.94,97.28,97.41,97.61,98.45,95.39,96.38,96.96,96.79,96.68,97.58,97.29,97.10,98.18,97.68,97.73,97.97,98.21,98.21,98.17,96.34,95.97",63.96290917124038,0.9955651924706997,14.698826057032282,2
"1,1,1,2,2,2,1,2,2,2,2,1,2,2,2,1,3,2,1,2,3,3,2,2,2,2,2,2,2,2","99.10,97.78,99.34,97.93,97.32,97.01,97.90,97.65,97.61,97.74,98.43,98.41,97.73,97.95,99.26,96.39,97.23,98.51,98.81,98.00,97.96,98.47,98.63,99.01,96.92,98.21,99.73,96.88,98.26,97.44",60.72767211123366,0.647776123421154,15.225084637753934,0
"1,3,0,3,1,2,0,2,1,0,2,1,0,1,3,1,2,2,2,1,2,1,3,1,2,2,1,3,1,2","95.76,97.20,95.97,95.46,96.60,98.16,97.17,97.43,92.63,96.55,98.03,94.08,95.92,97.13,93.74,97.73,93.68,96.13,98.05,96.61,94.98,99.57,96.10,95.52,92.49,96.25,93.26,94.83,96.09,95.72",70.9505245351894,0.6861054521727995,15.062748252371144,7
"2,0,2,2,3,1,1,2,2,2,1,3,1,3,1,1,0,2,2,1,2,2,2,3,0,0,1,1,2,2","96.03,98.25,93.00,97.24,95.49,96.14,95.44,95.39,96.30,93.62,92.06,96.15,95.71,95.29,94.91,97.28,99.54,98.03,93.67,97.26,96.43,96.18,96.23,96.51,97.26,98.96,91.85,95.97,94.81,96.41",57.31462348598459,0.6747519467347195,14.706522749323879,4
"2,2,1,2,2,2,3,2,2,1,3,2,2,3,2,2,3,2,3,2,2,2,1,2,3,2,2,2,2,1","99.19,97.85,98.32,96.49,97.92,97.21,97.13,98.57,96.70,98.51,98.51,97.09,98.08,97.25,97.38,97.98,99.21,97.94,96.66,97.48,97.21,97.60,97.58,97.40,98.13,96.66,97.54,99.17,97.57,97.62",72.63767451091775,0.6374325109393065,15.545687509314414,0
"2,1,2,1,1,2,1,3,0,0,1,2,3,0,3,3,3,1,0,2,3,1,1,3,0,3,2,1,2,3","96.21,98.41,99.06,98.45,98.18,97.19,95.81,97.30,99.77,95.70,95.65,94.58,92.71,96.95,96.19,97.83,94.54,96.63,98.71,94.82,100.00,94.61,93.45,100.00,92.65,96.10,95.43,95.40,94.34,95.64",51.093483145653096,0.9947772216683411,14.945414835440655,4
"3,2,3,1,1,1,0,2,0,1,0,2,1,0,3,1,1,3,3,1,1,3,2,3,1,1,2,2,1,2","93.88,96.73,96.81,98.83,93.18,92.80,95.55,96.23,95.22,97.21,96.35,97.11,94.98,94.82,100.00,95.51,96.34,96.45,96.41,96.11,95.03,92.06,96.12,93.22,97.24,92.74,95.01,97.17,94.76,98.37",34.980310005222556,0.868006916257586,14.190820545042294,4
"3,3,1,3,2,2,2,3,2,1,3,2,2,2,2,1,1,3,2,2,2,2,2,2,3,3,2,3,2,3","99.10,97.92,99.01,98.98,97.53,98.80,97.23,96.66,98.65,97.47,98.88,98.41,98.36,97.54,98.84,98.41,98.10,98.82,97.48,97.61,98.01,96.98,98.26,98.62,98.23,97.47,98.03,98.43,98.24,98.64",71.98575899926814,0.6334632598694709,14.870980825236478,0
"3,1,1,2,1,2,3,2,2,1,1,3,0,2,2,1,3,1,1,1,2,2,0,1,3,3,2,1,1,1","93.95,94.30,92.80,90.89,97.76,86.48,89.53,95.44,94.97,96.20,99.53,85.31,86.74,93.40,89.06,90.89,95.11,95.52,89.00,91.77,99.77,89.18,90.86,100.00,87.08,91.45,91.72,89.19,91.27,87.14",56.27596703686073,0.9624831921506366,14.980060216488708,1
"2,2,2,1,1,1,2,2,3,0,0,0,2,2,2,2,3,2,1,2,2,2,1,1,2,2,2,2,2,2","96.13,99.58,93.25,94.21,89.25,97.72,95.03,95.95,94.87,94.35,97.30,96.24,95.52,94.77,94.13,94.93,98.42,94.63,96.21,97.75,96.71,98.10,97.20,94.81,92.50,96.55,96.44,94.88,96.33,97.91",65.97786441372968,0.9026247700469414,14.999919789432017,5
"2,3,2,2,2,2,2,3,1,1,2,2,2,2,2,2,2,2,2,2,2,2,1,2,2,2,2,3,2,2","98.87,98.22,98.32,97.41,97.71,97.94,97.48,97.56,97.56,98.22,97.00,98.16,98.55,96.70,98.39,97.75,97.69,96.96,97.98,97.52,98.40,98.63,97.78,100.00,96.69,97.98,97.41,98.97,98.07,95.91",59.099997799111485,0.8316623831677972,14.383349027164163,0
"1,2,3,3,3,2,2,1,2,1,2,1,1,2,2,2,1,1,2,1,3,2,3,2,2,1,1,2,2,2","97.45,97.95,98.50,98.14,98.62,97.59,99.16,98.01,96.67,97.57,96.96,99.52,98.37,99.11,99.60,98.24,99.29,97.33,97.53,97.54,97.38,96.36,98.84,98.47,97.79,98.57,98.53,97.47,99.55,97.76",69.45965802693767,0.6498753050444116,14.585916608154887,0
"2,2,3,2,2,2,2,2,3,3,1,3,2,2,2,2,1,2,2,3,1,2,2,2,3,3,2,2,3,2","98.23,97.21,96.69,97.51,98.19,99.40,96.84,96.35,97.43,98.42,98.23,98.07,98.01,98.40,97.15,98.10,97.46,97.05,97.18,98.58,99.56,96.80,98.21,96.84,96.59,97.42,98.21,97.07,96.91,97.92",69.30797450799382,0.8048543801358697,15.301015065853635,0
"3,2,2,1,0,1,3,3,3,3,1,1,2,1,0,1,3,0,2,1,0,1,2,1,2,1,1,2,2,3","95.88,95.09,96.79,94.29,95.15,91.75,93.73,96.51,96.60,93.72,95.90,95.44,93.60,96.80,100.00,95.30,97.79,96.74,98.16,93.47,97.69,97.76,95.91,99.02,96.22,95.64,94.45,95.76,96.12,95.52",59.19839733993053,0.5760798998338645,15.351573245126685,4
"2,2,2,1,2,2,1,2,2,1,2,2,2,2,2,2,2,2,2,1,2,2,3,1,1,2,3,1,3,2","97.96,98.52,96.84,97.74,96.35,97.99,96.97,97.61,97.22,99.29,95.99,98.37,98.11,97.88,97.23,97.36,97.79,97.85,99.18,97.86,98.39,99.41,97.97,96.11,97.49,97.99,97.25,97.30,97.05,97.21",78.38460699657406,1.0192721147310613,15.833562527008905,0
"3,3,1,2,3,1,2,2,3,2,1,2,3,2,2,2,2,3,1,2,2,1,1,3,2,1,3,3,2,3","98.51,98.09,99.39,98.73,97.84,98.47,97.29,97.69,97.50,98.95,97.67,98.28,96.85,97.36,97.79,98.06,98.07,98.50,96.93,97.23,97.83,98.55,98.02,96.12,100.00,98.79,98.17,99.02,98.37,97.63",73.92281744136366,0.7697970229387183,15.094473381331863,0
"0,2,1,2,2,2,0,2,1,3,1,3,2,3,1,2,1,1,3,3,2,3,1,3,3,1,1,2,2,0","96.13,93.96,95.80,91.90,94.43,92.92,92.16,95.41,97.83,99.59,97.43,98.21,94.90,97.48,94.41,96.53,97.34,93.85,96.10,97.51,93.75,93.39,92.51,97.75,98.64,99.04,93.40,98.91,94.15,95.62",58.41994915266348,0.6735092829743291,14.758962553910642,5
"2,2,2,3,3,3,2,1,3,3,1,2,2,2,2,2,3,2,2,3,2,2,2,3,2,2,1,2,3,2","98.40,97.92,97.89,98.62,95.64,97.86,97.70,97.51,97.28,96.12,96.85,98.83,97.16,95.91,97.62,97.70,97.89,98.94,97.09,99.12,98.60,97.39,99.49,98.21,97.14,97.87,97.36,97.43,98.84,97.63",82.82240449877358,0.6703805887403661,15.32469250618794,0
"0,2,2,3,0,1,2,2,1,1,1,2,2,1,1,1,2,2,3,3,1,1,2,2,2,1,2,1,2,1","89.57,88.47,96.22,90.72,94.35,94.94,90.75,91.14,90.55,91.48,89.43,95.02,89.64,86.87,89.36,94.06,90.09,91.60,93.25,95.81,93.65,86.24,95.38,89.97,90.86,97.87,88.10,89.33,94.93,96.53",55.134530880023966,0.6672974927057446,14.821423821299216,1
"0,0,1,0,1,0,0,0,1,0,1,0,0,0,0,0,1,0,1,1,1,1,0,0,1,1,0,0,0,1","97.05,98.29,97.39,95.69,95.01,96.41,96.64,96.32,98.10,97.52,97.93,96.78,97.19,95.57,98.18,96.57,97.45,95.33,98.27,96.35,96.48,97.80,95.92,95.32,95.14,95.59,97.63,95.43,97.24,96.44",38.82101881902697,1.1919238567104125,15.280321452693851,2
"2,1,2,1,2,2,2,1,2,3,2,2,3,3,2,2,2,2,2,1,1,2,2,1,2,2,2,2,2,2","98.92,97.05,96.98,98.23,98.38,98.81,97.89,97.57,98.14,97.75,98.49,98.64,98.64,98.84,97.54,97.48,98.74,97.10,97.21,97.68,97.20,97.86,97.30,97.82,99.08,98.58,98.03,98.32,99.03,97.84",82.93337294622674,0.8457315837910478,14.932072733512259,0
"2,1,2,2,3,2,1,2,2,1,2,0,2,1,0,0,1,2,1,3,1,1,2,0,3,1,2,0,3,2","95.53,93.75,99.75,93.36,97.30,96.41,98.53,94.36,96.52,94.79,97.29,95.19,97.20,95.43,96.87,95.73,95.88,92.80,96.45,95.32,99.04,95.66,93.07,95.33,95.16,100.00,94.22,96.97,99.66,92.70",58.042155422891334,0.7834575991688599,15.061380983923952,3
"3,2,0,2,3,2,1,1,0,0,1,0,0,2,2,3,3,3,1,3,3,0,2,3,0,1,1,2,1,2","97.83,93.94,96.69,92.80,95.19,98.59,98.89,96.62,99.23,93.32,94.97,98.86,93.84,97.43,92.86,100.00,91.88,95.10,97.00,96.10,94.02,99.00,99.49,94.08,93.44,94.16,96.71,97.86,99.27,95.84",63.99212644770325,0.8938367424720807,14.34130876148256,4
"0,0,0,1,0,0,0,1,0,0,1,0,1,1,1,1,1,1,1,1,1,0,0,1,0,1,1,0,0,0","97.45,96.26,97.65,97.92,97.64,96.91,98.19,97.66,97.58,97.11,95.54,97.05,95.23,96.24,96.99,97.37,96.59,97.55,99.31,97.54,98.05,97.45,96.84,97.89,97.52,97.63,96.41,96.64,97.50,96.61",56.073898822311705,0.7585724242511042,15.408166409630132,2
"2,1,0,2,1,3,2,1,2,1,1,0,3,2,2,1,1,1,2,0,1,1,1,1,3,1,1,1,2,1","98.09,97.50,95.93,93.63,95.51,95.20,97.45,98.72,96.90,94.62,93.11,94.34,94.14,93.92,97.20,99.48,96.16,98.98,93.93,95.37,93.74,95.74,97.22,96.48,94.38,93.13,92.01,91.34,94.62,100.00",51.55269128442141,0.5942038538140797,15.306928213578407,5
"1,2,1,2,2,3,1,2,1,3,2,3,2,2,3,3,2,3,2,1,2,2,2,1,3,2,1,2,2,2","96.12,99.26,98.14,97.41,99.49,99.86,98.14,98.85,95.81,97.46,97.97,98.17,99.47,98.58,97.74,98.66,98.66,96.68,98.38,97.55,97.76,98.40,97.17,98.72,97.38,97.62,98.44,97.13,98.61,97.13",71.64692889234885,0.8698498404208803,15.176770993364249,0
"1,1,2,1,3,3,2,2,2,2,2,3,2,3,2,2,2,2,1,2,2,2,2,2,2,3,1,1,2,2","97.66,98.61,97.33,98.68,97.70,98.05,98.69,97.96,98.95,99.51,97.38,98.80,97.58,98.64,97.75,98.32,97.64,97.69,97.22,98.69,99.12,98.44,97.86,97.48,96.46,97.29,97.90,98.14,96.58,97.98",74.6856241571152,0.6072551417310006,14.80235049696412,0
"2,2,3,3,2,2,2,3,2,1,1,3,1,2,2,2,2,2,2,3,3,1,3,3,1,2,3,1,2,2","97.34,97.20,98.56,97.68,98.50,96.81,97.91,97.47,98.54,98.54,97.79,98.35,95.91,97.83,98.77,97.68,97.78,98.20,97.27,97.87,96.42,98.44,97.75,98.84,98.18,98.08,98.72,97.84,98.29,97.80",69.7510561345023,0.7804495902843888,15.115320793644008,0
"1,1,3,2,0,0,2,1,3,0,0,2,3,0,1,2,3,2,2,0,1,2,2,2,1,3,2,2,0,0","93.38,96.01,96.99,91.85,94.74,97.53,92.93,95.86,95.26,97.43,94.85,92.69,100.00,97.11,91.41,97.50,92.49,98.06,94.78,96.33,94.09,98.45,95.81,93.12,97.08,97.39,96.07,96.03,94.46,98.25",61.04947584006361,0.8137065363606788,14.57459745220943,5
"2,2,2,3,1,1,2,2,1,3,3,2,2,2,2,2,2,2,2,2,1,1,1,2,2,2,2,2,2,2","99.42,98.87,98.66,98.05,98.93,97.69,96.79,97.74,99.69,97.51,97.79,96.97,97.86,97.49,97.58,97.23,97.74,97.50,97.32,99.04,99.07,98.73,97.75,97.16,98.41,99.15,97.62,99.13,98.81,96.72",70.38964723663355,0.6564845592493573,15.278565849563828,0
"0,0,1,1,1,1,2,1,3,2,3,2,2,1,1,0,1,1,2,2,3,2,2,1,1,2,2,3,1,1","95.22,96.45,92.02,99.15,97.52,94.72,96.69,95.87,96.12,96.43,95.38,94.60,98.17,97.61,98.10,97.07,96.67,96.59,95.80,95.25,95.95,97.41,95.38,98.46,97.35,94.13,98.66,93.03,93.02,96.81",67.4250359596294,0.888026045647696,14.842340888679663,4
"3,2,2,2,3,3,3,2,1,1,2,2,2,2,3,2,2,2,1,1,1,1,1,2,1,2,1,1,1,1","89.54,88.18,96.47,87.41,93.40,94.93,85.98,89.90,82.58,77.37,88.37,90.65,84.72,86.14,86.38,83.30,86.34,82.40,93.36,86.54,85.37,89.42,83.34,88.38,89.02,87.46,88.62,86.10,91.23,88.99",60.69965774558405,0.8911814608472,15.233071548508898,6
"1,1,0,1,0,1,0,0,0,1,1,0,0,1,1,0,1,0,0,1,0,0,0,0,1,0,1,0,0,1","96.67,98.19,96.28,97.51,94.69,96.42,95.33,96.54,95.22,97.27,97.06,97.54,97.34,96.56,97.59,96.46,98.54,97.90,98.23,97.87,97.37,98.49,97.60,97.03,97.19,97.52,96.33,98.17,96.66,95.84",89.07126144292494,0.7128601819965222,15.224158267448054,2
"1,2,3,2,1,1,3,2,1,3,1,2,1,1,1,3,1,2,1,1,2,2,2,2,2,2,2,2,2,3","90.32,88.90,79.85,82.81,91.87,91.71,86.37,87.96,88.88,85.98,81.35,88.68,82.94,84.35,90.47,87.23,83.03,92.16,82.57,91.63,81.97,87.48,92.52,82.94,89.93,83.93,91.10,95.63,90.23,95.41",39.21596080416122,0.8050861504664072,14.647772680154391,6
"3,2,2,1,2,3,3,2,2,2,3,3,1,2,2,3,1,3,2,2,3,1,2,2,2,2,2,1,3,1","97.64,98.92,98.14,96.93,97.51,95.98,98.23,98.32,98.43,98.34,98.25,97.56,96.87,98.88,98.73,97.77,96.98,97.23,98.43,97.26,98.83,97.74,97.20,98.17,100.00,99.19,97.01,97.52,99.25,95.97",64.11208612283792,0.7559536760236906,15.058133491673935,0
"2,3,1,1,2,0,0,2,1,2,2,2,2,2,3,1,1,0,0,3,1,2,3,0,1,0,1,1,3,2","96.93,95.74,94.73,95.17,98.18,97.56,93.45,95.00,96.95,94.07,96.89,93.99,96.45,97.85,94.29,93.63,95.54,96.15,95.00,96.54,93.13,96.14,97.25,93.32,94.84,95.94,96.94,95.02,95.23,97.26",49.33762835196369,0.5782685970749452,15.022137933973196,3
"3,1,2,3,0,3,0,2,3,2,1,0,2,0,2,1,1,2,3,0,3,3,1,1,3,0,1,2,1,1","96.94,96.29,93.52,95.37,99.37,94.79,95.97,94.33,96.31,95.04,94.41,96.74,94.49,95.75,99.06,96.34,94.25,96.66,97.97,91.69,93.83,95.97,94.49,92.79,96.42,97.13,96.66,100.00,97.38,95.48",78.95360151285828,0.764009947534916,14.823377314264865,4
"3,3,2,1,1,1,1,2,1,1,3,3,1,2,1,3,0,1,1,1,2,2,2,2,0,1,1,1,1,3","91.70,93.56,91.08,97.80,95.97,91.36,93.45,90.39,90.63,89.79,91.13,92.00,93.67,96.13,89.73,91.06,93.60,91.51,95.18,90.28,93.81,88.19,96.06,88.67,96.15,91.73,89.48,93.91,92.56,91.21",23.063325283316374,1.0354412122151615,13.915297120069196,1
"0,0,1,0,0,1,0,0,1,0,1,1,1,0,0,1,0,0,0,0,0,0,1,1,1,0,0,1,0,0","97.04,97.30,95.90,96.85,96.97,97.17,96.78,95.25,94.68,95.43,96.42,95.97,96.10,98.00,96.91,97.86,96.70,99.26,96.95,95.54,95.60,99.27,96.54,94.88,97.33,96.54,96.79,96.12,97.96,95.43",54.5918002642523,0.655218002668665,15.72760118086725,2
"2,2,1,2,2,2,3,2,2,2,2,2,2,2,3,1,2,2,2,2,2,2,3,2,2,2,2,2,3,3","96.95,96.38,97.62,97.04,98.10,98.09,97.58,98.01,97.70,97.52,98.20,98.20,98.89,98.01,98.35,97.83,97.03,97.80,99.38,97.69,99.00,98.14,98.70,97.72,96.83,97.97,98.99,96.40,98.52,97.43",72.6084149353205,0.6543242433873734,14.526544951754804,0
"2,1,2,2,2,2,2,3,2,2,2,2,2,2,2,2,2,2,2,2,2,2,1,2,2,2,2,2,2,3","99.12,96.86,98.65,97.91,98.73,97.83,97.81,97.65,97.94,97.55,98.42,98.32,98.00,97.51,98.33,97.39,98.14,98.10,97.30,97.60,97.50,97.35,96.39,98.46,97.67,96.92,98.35,98.27,97.45,97.67",73.74788939870825,0.841714681303714,14.839935265200928,0
"1,2,2,3,2,2,2,2,3,1,3,1,1,3,3,3,2,1,2,2,2,1,1,1,2,2,1,1,2,3","99.45,97.65,97.96,98.91,97.68,99.60,97.05,98.34,97.21,97.67,96.11,98.50,98.92,97.93,96.99,97.68,98.07,99.23,98.09,97.23,97.75,96.99,98.42,97.03,98.20,96.79,98.59,98.37,99.00,97.10",84.85077360914644,1.0040417083763213,15.114499731977386,0
"2,3,2,3,1,1,2,3,2,2,2,3,2,2,3,2,2,2,2,1,2,2,2,2,2,3,3,2,2,3","98.69,99.16,98.14,97.81,97.70,97.02,98.72,97.30,99.17,98.35,98.48,98.01,98.48,98.70,98.44,98.69,97.78,97.51,97.26,98.68,99.34,97.59,98.80,99.33,98.14,98.03,96.60,98.28,98.26,98.17",72.04929874126634,0.8512225814202877,15.482099044057419,0
"2,2,2,2,2,1,3,3,2,1,3,2,2,2,2,2,3,1,2,2,2,1,2,2,2,2,2,1,2,1","80.07,92.24,96.71,84.98,82.56,83.85,85.82,84.11,85.94,84.65,91.41,91.58,86.58,91.25,83.63,88.43,91.92,82.91,89.41,85.23,92.87,85.22,90.46,86.13,87.37,88.89,89.60,80.63,89.24,86.65",48.59998846868611,0.6601372681538896,15.053617256554197,6
"1,1,2,3,2,2,2,2,2,2,2,2,2,1,2,1,2,2,1,2,3,2,3,2,1,1,3,1,3,3","98.28,97.03,99.61,97.34,98.16,98.90,96.18,97.27,97.71,97.51,97.53,99.63,97.74,97.63,97.29,97.56,97.28,98.63,96.63,99.49,99.17,99.50,98.12,97.97,98.87,97.72,97.30,98.90,98.92,97.34",64.56152034493445,0.8764927856623246,15.228252624045588,0
"1,3,1,1,2,1,2,1,1,0,2,1,2,1,3,2,1,2,0,3,2,1,1,1,1,1,2,1,1,2","89.85,96.76,89.67,91.14,91.93,90.43,93.30,93.30,93.57,90.94,93.12,93.98,88.02,97.67,92.47,87.02,95.55,91.49,92.16,90.42,92.98,88.09,92.07,90.52,94.06,86.40,88.46,90.41,87.31,88.08",46.85373505176179,0.8286358715500323,14.921883796187027,1
"1,0,1,1,1,1,1,1,1,0,0,0,1,0,0,1,0,0,1,0,1,0,1,0,1,0,1,1,1,1","96.76,95.93,95.93,97.62,97.37,97.41,99.11,97.61,98.14,96.65,96.55,97.09,97.46,96.86,97.21,96.64,96.34,95.32,97.19,97.23,96.04,97.16,95.84,99.24,96.95,96.03,97.44,96.50,99.07,95.68",43.58700722842231,0.5091638780404442,14.738698962313675,2
"2,2,3,1,3,2,1,1,1,2,1,2,2,2,2,2,2,1,2,2,2,2,2,3,1,2,3,2,2,1","97.49,97.21,97.84,98.17,97.09,98.11,96.89,97.84,97.04,98.85,97.03,96.43,99.64,97.18,97.01,97.36,97.41,98.59,96.89,97.45,99.34,98.86,99.25,98.26,98.08,98.24,97.70,99.22,97.27,99.14",81.35995962589485,0.806510910605788,15.235425144169296,0
"0,2,1,1,1,1,1,0,1,2,1,1,1,1,3,2,3,2,0,1,2,2,1,1,0,2,1,2,0,1","95.27,95.52,96.80,95.34,100.00,93.68,96.72,98.23,96.52,97.45,98.87,99.68,94.29,95.48,95.82,93.71,98.57,92.79,97.45,96.25,97.14,98.51,96.06,98.52,94.07,94.63,95.86,95.64,93.27,94.15",55.20842723303326,0.723567227810745,14.950058678492493,4
"1,0,0,0,0,0,1,0,1,0,0,0,0,0,1,0,1,0,0,1,1,0,0,0,1,0,1,1,0,1","97.18,97.95,97.64,95.51,96.61,96.62,97.22,97.03,96.78,96.08,96.78,96.65,97.03,99.26,96.19,96.72,97.42,96.96,97.71,97.39,98.18,96.22,96.83,96.11,98.47,96.80,96.65,97.32,96.77,97.45",49.45345717870146,0.6874254691683507,14.836709939236224,2
"1,1,2,2,2,1,2,2,2,2,2,2,1,2,1,3,1,2,2,2,2,3,2,1,2,1,3,1,2,1","98.83,98.45,97.44,98.59,98.34,98.48,99.14,97.34,97.92,97.21,98.41,97.84,98.19,97.12,99.04,97.21,99.01,98.42,98.41,97.69,98.45,98.18,97.46,97.35,100.00,99.15,97.89,98.15,97.89,96.50",58.30483155824398,0.7700909052855216,15.371705178167565,0
"2,2,0,3,2,1,1,2,2,1,2,3,1,1,2,2,1,1,0,1,2,0,0,1,3,1,1,0,3,1","92.85,94.18,90.30,91.97,89.56,90.14,89.11,93.34,87.29,90.40,86.37,90.86,92.60,88.38,89.73,88.47,97.43,91.80,93.90,88.69,91.36,92.46,92.94,93.10,92.46,91.77,93.43,92.93,96.43,98.38",42.4823406027291,0.7886856430957955,14.929578857814379,1
"2,2,2,2,2,2,3,2,2,2,3,2,3,3,3,3,2,1,2,2,2,2,1,1,2,2,3,3,2,3","98.57,97.53,97.91,97.51,98.68,98.86,98.26,98.57,97.70,97.21,98.70,97.67,98.51,98.89,98.50,98.54,97.11,97.68,98.38,96.53,97.33,98.63,98.50,98.14,97.65,98.34,96.23,97.01,97.19,97.70",68.44091857178132,0.8037253653455582,15.421246798748195,0
"2,2,2,2,2,3,1,1,2,2,2,2,2,2,3,2,2,2,2,2,2,2,2,2,2,1,2,2,1,3","98.43,98.54,99.22,96.61,96.65,97.66,96.92,97.46,98.74,98.31,97.00,98.07,97.52,97.47,97.29,98.58,98.03,98.74,97.77,97.94,99.11,98.52,96.76,97.64,98.18,98.34,97.42,97.85,96.17,98.32",74.37631471475792,0.6734523193491353,15.498649388003829,0
"1,1,0,2,0,2,0,2,1,3,1,2,2,3,0,2,1,2,1,3,1,2,3,1,2,1,1,3,2,1","95.64,95.74,96.48,95.39,94.43,94.90,98.63,99.23,97.91,97.46,92.66,91.71,98.34,97.05,93.23,96.39,94.55,95.83,98.29,95.04,96.03,96.42,96.15,95.36,97.74,97.79,97.74,96.38,96.52,97.21",45.705273385425926,0.7792829322994232,15.09697828979682,4
"2,3,3,1,1,2,3,1,3,3,3,1,2,2,1,2,2,2,2,3,2,2,3,2,3,3,1,2,2,2","98.75,99.26,97.91,97.85,97.46,98.84,98.59,96.53,98.65,99.28,96.48,97.72,98.58,97.64,97.54,98.48,98.62,97.05,97.17,97.80,97.09,98.02,97.86,97.98,98.17,98.25,97.16,96.71,98.05,98.69",75.40465562055884,0.9297801428726353,15.031874004632323,0
"2,3,1,3,2,1,1,2,1,1,0,0,1,3,3,1,1,2,2,2,2,2,0,1,2,1,3,1,1,1","96.93,95.32,94.96,98.45,96.48,94.52,95.10,94.47,96.89,94.98,96.68,97.38,93.90,93.89,91.69,95.60,94.68,96.76,96.10,97.73,97.22,95.46,95.56,91.10,97.44,96.47,98.38,96.91,99.93,96.00",63.374536690423994,0.7114280606249924,15.092108429544082,7
"0,2,0,3,1,1,1,3,3,1,0,1,0,3,2,2,1,2,3,3,1,0,2,2,2,2,2,1,1,0","89.33,92.63,88.76,90.87,92.23,94.17,92.50,94.80,94.35,84.85,94.60,91.31,93.29,88.45,91.11,94.65,89.40,90.54,88.36,95.50,93.68,93.57,89.88,92.23,89.96,94.80,88.18,91.56,94.19,88.10",47.10442771330071,0.8335483350120414,15.018567868391305,1
"3,1,2,1,1,1,2,1,1,0,1,1,2,3,2,1,2,2,1,1,1,2,1,1,1,1,1,3,1,2","99.95,97.36,95.71,99.83,92.65,93.60,97.63,97.21,94.52,95.88,96.76,96.53,94.57,97.01,99.29,93.19,97.68,95.49,97.65,95.33,98.03,97.61,92.98,94.24,93.10,93.74,92.35,96.09,96.55,95.92",58.177850903436756,1.1374130396494688,15.371798974518509,3
"0,2,3,2,1,2,1,1,1,1,2,3,3,2,1,3,1,2,1,0,1,0,2,2,1,1,1,2,1,3","93.84,92.50,88.76,95.44,96.05,87.71,92.94,90.68,91.20,97.78,87.33,96.10,96.65,90.19,94.18,99.19,94.10,88.39,88.84,91.27,94.39,93.56,93.23,90.79,89.99,90.32,95.52,87.74,91.01,90.35",67.25005804685722,0.6492540804702908,14.950819678329706,1
"1,1,1,2,0,3,2,1,1,2,2,3,0,1,1,3,1,3,3,2,2,3,1,1,3,3,2,3,1,0","90.66,94.10,91.82,92.55,93.89,90.62,91.65,92.07,91.68,90.32,91.76,93.50,89.85,91.42,87.33,89.93,90.26,85.62,93.16,91.50,86.10,95.00,96.30,90.25,95.32,92.95,93.78,89.54,92.00,95.84",63.757816863280496,0.8558995817280756,15.15991233536588,1
"1,1,3,2,1,1,0,2,3,1,2,2,1,1,2,1,1,1,2,2,3,3,1,2,0,3,2,1,0,3","96.41,95.56,96.11,95.45,96.26,97.60,92.81,95.98,96.01,94.69,97.35,98.31,95.16,95.68,96.24,95.85,93.82,94.92,95.37,93.60,94.49,94.28,96.53,94.50,95.62,97.44,93.23,98.93,96.64,96.21",59.7827307548708,0.8060607790709302,14.649761725005316,3
"0,0,1,1,0,0,0,0,0,0,1,0,0,1,0,1,1,0,0,0,1,1,0,1,0,1,0,0,0,0","94.86,96.41,96.45,96.60,95.88,97.19,95.82,96.92,96.97,96.30,95.89,97.64,98.32,98.11,96.64,95.64,97.06,96.22,95.90,97.52,96.74,97.45,97.83,97.96,96.72,97.59,99.25,98.12,96.09,98.29",49.5962503410268,0.8396807684123587,14.888318482761127,2
"2,2,2,2,2,1,1,1,1,2,2,1,3,1,1,2,2,2,1,3,1,3,3,3,1,3,1,1,2,2","88.29,84.77,85.83,93.27,84.63,90.61,79.61,88.44,84.73,89.67,83.37,92.17,87.91,85.00,96.27,92.23,87.25,84.47,89.95,82.50,85.42,87.44,96.17,87.69,84.67,87.22,85.02,87.13,92.01,92.52",26.357156490943872,0.8055678121884886,14.889993830876541,6
"1,3,2,1,2,2,3,2,2,2,2,1,2,3,2,1,2,2,1,2,2,2,2,2,2,2,2,2,2,2","97.92,97.42,97.81,97.66,98.38,99.08,97.33,96.55,98.56,97.48,97.54,98.11,98.96,98.80,98.51,97.79,97.65,98.37,96.92,96.16,97.54,98.38,98.24,98.28,96.87,99.10,97.77,99.71,97.26,99.06",57.396235599278526,1.0087061581583183,15.673760844892971,0
"1,0,0,0,0,0,0,1,0,1,0,0,0,0,1,0,1,0,0,0,0,0,1,0,0,1,0,0,0,1","95.34,96.04,97.46,97.13,97.80,99.25,98.01,96.74,97.77,98.48,97.52,96.57,95.93,96.84,96.32,96.88,97.87,98.40,96.55,95.91,97.27,98.87,97.03,97.46,97.86,94.98,97.19,97.86,97.14,95.94",44.210651123900945,0.7785487906403937,14.98867636155359,2
"0,0,0,1,1,0,1,0,1,0,0,1,1,0,0,0,1,1,1,0,1,1,0,0,0,1,0,0,1,1","97.36,94.80,97.62,98.00,95.57,96.73,97.79,97.35,94.75,98.23,96.64,97.20,98.63,96.92,98.06,98.41,98.03,96.19,96.82,98.60,96.79,96.73,97.70,96.95,98.14,97.07,96.70,97.41,95.39,96.62",56.462332070249445,0.730900142129309,14.527363130841533,2
"1,1,1,0,0,0,0,1,1,0,0,1,1,0,1,0,0,0,1,0,1,0,0,1,0,1,0,1,1,1","97.09,96.02,97.00,96.14,95.78,97.42,95.26,97.24,96.31,97.04,97.01,96.12,96.30,97.95,98.29,99.46,95.03,96.14,98.14,99.23,94.92,97.38,94.31,96.53,96.87,98.21,97.61,96.75,98.92,96.74",54.57264184430281,0.9274391772238155,15.244891141356053,2
"1,0,0,0,1,0,0,0,1,0,0,0,1,1,0,0,0,1,1,1,0,1,1,1,0,1,1,0,0,0","97.39,96.84,96.49,96.09,96.91,97.80,98.00,98.15,96.93,96.83,96.62,98.37,95.55,98.36,97.23,96.42,98.36,96.63,96.51,95.62,96.34,95.07,97.93,96.83,96.47,98.02,97.38,97.19,97.77,98.56",53.225788744001854,0.9352701285438126,14.342919979032809,2
"3,2,2,1,1,3,1,1,1,1,2,2,2,3,2,1,3,3,2,3,1,1,3,3,1,1,1,2,2,1","97.38,90.51,92.08,89.07,94.40,90.07,93.09,87.78,90.55,91.69,90.26,92.18,87.81,89.52,93.18,92.83,90.52,94.02,94.41,92.64,90.74,87.32,93.99,92.55,88.34,93.96,89.68,89.45,93.67,87.63",30.03931709491119,0.7273689963133505,15.182958200331864,1
"2,2,2,2,1,2,2,2,1,2,3,3,2,2,3,2,3,3,2,2,2,2,2,3,1,2,2,3,3,3","97.53,98.61,98.67,96.82,98.12,98.61,97.47,98.00,96.71,96.07,99.83,97.72,97.00,98.18,97.68,98.32,98.17,98.83,97.51,98.20,97.13,98.97,97.85,98.34,97.15,97.54,98.47,96.71,97.26,98.32",78.45577699718054,1.031063877305678,15.435374507643166,0
"2,0,1,2,2,1,2,3,1,2,2,2,3,2,3,1,1,2,0,1,2,3,2,1,2,3,1,3,1,2","98.63,98.46,97.17,94.89,99.51,95.14,94.07,94.08,93.22,97.32,99.27,93.06,96.35,99.07,94.73,98.74,95.40,92.64,100.00,94.06,94.93,95.51,96.02,94.54,99.03,96.25,100.00,100.00,94.87,93.46",61.175328605310106,0.9201687095151586,15.45737910037151,3
"2,2,2,2,2,2,2,3,2,2,3,2,2,3,1,3,3,2,2,1,2,3,2,2,2,2,2,2,2,3","98.49,97.13,97.70,98.15,98.66,97.75,98.87,98.87,97.14,98.23,97.57,97.71,98.52,97.74,98.40,97.02,97.52,97.43,97.47,96.38,97.23,99.44,97.67,99.41,97.46,97.71,98.42,97.22,99.53,96.58",73.17463392925288,0.8150154532692017,15.23840018135893,0
"2,2,1,1,3,3,1,2,1,1,3,1,1,1,3,1,3,1,2,2,2,1,2,1,1,1,3,2,0,1","92.16,92.28,89.99,93.69,90.96,89.69,89.92,87.49,95.23,95.44,95.77,93.51,91.47,91.02,93.32,90.04,95.58,91.58,89.54,90.73,91.05,87.64,90.52,96.14,90.14,97.49,93.97,91.05,86.89,84.43",51.97393850956929,0.8621311093943508,14.672326033437477,1
"2,2,2,0,1,1,2,2,2,1,1,3,1,1,3,3,2,3,0,2,0,2,2,3,0,2,1,1,3,1","93.60,97.13,94.49,98.68,99.56,94.45,96.61,97.77,96.57,94.30,95.62,95.35,94.48,93.22,95.56,94.44,93.05,100.00,93.55,92.18,98.84,94.83,99.17,97.82,95.06,95.98,94.50,93.58,98.57,96.01",65.2288561819081,0.8650920649913295,14.960261467643251,3
"1,1,2,3,1,2,2,2,1,1,2,2,3,3,3,2,2,1,3,1,3,2,2,1,2,2,3,2,1,2","96.60,98.17,98.27,97.83,97.81,98.65,97.79,98.09,97.60,98.12,99.52,98.19,98.03,98.64,98.53,97.58,98.96,98.78,96.98,98.96,96.83,97.74,96.65,97.80,96.91,98.36,99.41,96.05,96.81,99.17",68.47069224247272,0.6821508613405425,15.04278341270126,0
"2,2,1,3,2,3,2,2,1,1,2,2,3,3,1,2,2,1,3,1,2,2,1,2,1,2,1,1,1,3","98.13,97.55,98.69,99.02,98.21,97.30,98.75,98.42,98.03,96.97,97.55,97.78,98.76,98.54,97.26,98.62,98.73,98.25,97.91,97.82,97.29,99.95,98.63,99.16,97.92,97.91,97.51,97.88,98.12,97.09",76.07595500061086,0.8887409558171245,15.119976300043225,0
"2,1,1,1,2,3,2,1,2,2,2,1,1,2,1,2,2,3,3,2,3,2,3,2,2,3,2,2,2,3","97.48,98.99,96.83,97.12,97.33,98.68,97.40,97.56,98.11,97.59,97.73,98.21,97.61,97.84,97.63,98.94,98.40,97.67,98.82,97.97,97.61,97.69,98.44,97.20,97.99,99.26,98.31,98.06,97.50,97.36",64.31498544911958,0.8310520380401842,15.026185708150912,0
"3,2,1,2,2,3,1,2,2,2,2,3,2,2,3,2,1,1,1,2,2,2,3,2,2,2,2,3,2,3","96.56,96.78,97.82,97.99,98.31,98.02,100.00,97.91,98.49,97.79,97.87,96.45,99.26,97.73,97.59,98.92,98.75,97.26,97.93,97.60,97.42,97.86,98.53,99.27,98.21,97.52,99.67,98.14,96.83,97.35",64.4991436113774,0.9645612198976703,15.13976427880795,0
"3,0,3,2,0,2,2,0,1,0,2,1,3,0,1,1,1,1,3,2,1,2,1,1,2,1,3,2,3,0","97.54,97.98,92.88,97.88,99.43,94.18,92.63,99.91,96.27,96.64,97.97,96.59,97.73,93.98,94.84,95.19,95.39,98.65,95.45,94.21,94.95,96.28,94.56,98.03,95.10,96.46,97.73,100.00,93.77,95.40",67.06992787819202,0.9329476819417851,15.281781062283276,3
